# vtk DataFile Version 2.0
Una prova
ASCII

DATASET UNSTRUCTURED_GRID

POINTS 7558 float
2.78623 11 0 
2.83039 11 0 
3.00703 11 0 
2.87455 11 0 
2.96287 11 0 
2.91871 11 0 
3.05119 11 0 
2.74207 11 0 
2.69791 11 0 
2.65375 11 0 
2.60959 11 0 
2.56543 11 0 
2.52127 11 0 
2.47711 11 0 
2.43295 11 0 
2.38879 11 0 
2.34463 11 0 
2.30047 11 0 
2.25631 11 0 
2.21215 11 0 
2.16799 11 0 
2.12383 11 0 
2.07967 11 0 
2.76642 10.9622 0 
2.81035 10.9612 0 
2.85486 10.9616 0 
3.03175 10.9628 0 
2.98721 10.9624 0 
2.89939 10.962 0 
2.94394 10.9624 0 
2.03551 11 0 
1.99135 11 0 
1.94719 11 0 
1.90303 11 0 
1.54975 11 0 
1.59391 11 0 
3.09535 11 0 
3.07565 10.9618 0 
2.72193 10.9618 0 
2.67856 10.9618 0 
2.63407 10.9615 0 
2.59012 10.9623 0 
2.54564 10.962 0 
2.50117 10.9617 0 
2.45774 10.9617 0 
2.41277 10.9621 0 
2.36833 10.9618 0 
2.32485 10.9618 0 
2.28088 10.9626 0 
2.23644 10.9623 0 
2.19201 10.962 0 
2.05964 10.9614 0 
2.1485 10.962 0 
2.10406 10.9617 0 
2.74825 10.9243 0 
2.79078 10.9243 0 
2.83564 10.9251 0 
3.05648 10.9256 0 
2.87933 10.9232 0 
3.01154 10.9248 0 
2.96665 10.924 0 
2.92424 10.924 0 
0.887352 11 0 
0.843192 11 0 
0 11 0 
0.0483141 11 0 
1.50559 11 0 
1.51823 10.9685 0 
1.46143 11 0 
1.41727 11 0 
0.931512 11 0 
1.63807 11 0 
1.68223 11 0 
2.01566 10.9621 0 
1.72639 11 0 
1.85887 11 0 
1.77055 11 0 
1.81471 11 0 
1.97211 10.9621 0 
1.91535 10.9684 0 
1.87129 10.9688 0 
1.56149 10.9685 0 
1.60703 10.9682 0 
3.13951 11 0 
3.11886 10.9618 0 
3.10012 10.9235 0 
2.70338 10.9236 0 
2.65964 10.9254 0 
2.61481 10.9247 0 
2.57001 10.924 0 
2.52734 10.924 0 
2.48253 10.9233 0 
2.43876 10.9249 0 
2.39399 10.9243 0 
2.34924 10.9237 0 
2.30451 10.9231 0 
2.26074 10.9246 0 
2.21789 10.9246 0 
2.03997 10.9243 0 
2.17316 10.924 0 
2.08377 10.9229 0 
2.12936 10.9254 0 
2.72819 10.8854 0 
3.07926 10.8841 0 
2.77342 10.8865 0 
2.81514 10.8865 0 
2.85858 10.8837 0 
3.03588 10.8872 0 
2.9038 10.8848 0 
2.99062 10.886 0 
2.94908 10.886 0 
0.899149 10.9687 0 
0.855183 10.9674 0 
0.811234 10.9683 0 
0.799032 11 0 
0.754873 11 0 
0.710713 11 0 
0.666553 11 0 
0.622393 11 0 
0.313274 11 0 
0.269114 11 0 
0 10.9408 0 
0.224954 11 0 
0.0654441 10.9639 0 
0.180794 11 0 
0.136634 11 0 
0.092474 11 0 
1.53062 10.936 0 
1.4734 10.9683 0 
1.48671 10.9371 0 
1.42936 10.9689 0 
1.38533 10.968 0 
1.37311 11 0 
1.32895 11 0 
1.28479 11 0 
1.24063 11 0 
1.19647 11 0 
0.975672 11 0 
0.94313 10.9678 0 
1.15231 11 0 
1.10815 11 0 
1.06399 11 0 
1.01983 11 0 
1.65035 10.9682 0 
1.6951 10.9684 0 
1.99703 10.9243 0 
1.95919 10.9284 0 
1.73914 10.968 0 
1.82658 10.9686 0 
1.78319 10.9686 0 
1.92136 10.9326 0 
1.88352 10.9367 0 
1.83956 10.9376 0 
1.61847 10.9364 0 
1.57599 10.9364 0 
1.54278 10.9062 0 
3.18367 11 0 
3.16483 10.9627 0 
3.14511 10.9244 0 
3.12468 10.8852 0 
2.68302 10.8844 0 
2.6395 10.887 0 
2.59438 10.886 0 
2.55245 10.886 0 
2.50732 10.885 0 
2.46074 10.8864 0 
2.41573 10.8855 0 
2.37362 10.8855 0 
2.32861 10.8846 0 
2.28503 10.8869 0 
2.24284 10.8869 0 
2.19783 10.886 0 
2.02195 10.8864 0 
2.06428 10.8864 0 
2.15285 10.8851 0 
2.10791 10.8843 0 
2.70797 10.8451 0 
2.75357 10.8464 0 
3.10437 10.8438 0 
3.0612 10.848 0 
2.79924 10.8477 0 
2.84013 10.8477 0 
2.88341 10.8438 0 
3.01546 10.8466 0 
2.92909 10.8452 0 
2.9698 10.8452 0 
0.910471 10.9355 0 
0.869262 10.9355 0 
0.82276 10.9345 0 
0.778956 10.9364 0 
0.767306 10.9668 0 
0.721744 10.969 0 
0.679522 10.969 0 
0.445753 11 0 
0.489913 11 0 
0.633859 10.9685 0 
0.578233 11 0 
0.591865 10.9685 0 
0.534073 11 0 
0.327417 10.9679 0 
0.357433 11 0 
0.240744 10.9665 0 
0.29632 10.9346 0 
0.280249 10.9665 0 
0 10.8766 0 
0.0514123 10.923 0 
0.1931 10.9642 0 
0.11656 10.9332 0 
0.149882 10.9678 0 
0.100313 10.8958 0 
1.49898 10.904 0 
1.44121 10.9366 0 
1.4552 10.9056 0 
1.39729 10.9378 0 
1.34131 10.9687 0 
1.29729 10.9678 0 
1.25328 10.9684 0 
1.20928 10.9674 0 
1.16429 10.9688 0 
0.92447 10.9037 0 
0.956842 10.9364 0 
0.988337 10.9682 0 
1.12028 10.9678 0 
1.07629 10.9685 0 
1.03231 10.9693 0 
1.6638 10.9369 0 
1.70773 10.9359 0 
1.97938 10.8911 0 
1.93682 10.8957 0 
1.75166 10.9372 0 
1.72014 10.9059 0 
1.79429 10.9372 0 
1.89425 10.9004 0 
1.85168 10.9051 0 
1.80782 10.9064 0 
1.51328 10.8723 0 
1.55407 10.8723 0 
1.63042 10.9068 0 
1.59786 10.8752 0 
3.20798 10.9627 0 
3.22783 11 0 
3.19015 10.9253 0 
3.17017 10.8863 0 
3.1502 10.8453 0 
2.66458 10.8487 0 
2.61905 10.8475 0 
2.57787 10.8475 0 
2.53233 10.8463 0 
2.48476 10.8485 0 
2.43944 10.8474 0 
2.39801 10.8474 0 
2.35461 10.8503 0 
2.30933 10.8491 0 
2.26408 10.848 0 
2.2225 10.848 0 
2.00143 10.8535 0 
2.17725 10.8468 0 
2.04687 10.8485 0 
2.08859 10.8485 0 
2.1338 10.8496 0 
3.12949 10.8035 0 
2.69034 10.8094 0 
2.73628 10.8111 0 
2.77946 10.8065 0 
3.08659 10.8088 0 
3.04699 10.8088 0 
2.8196 10.8065 0 
2.86554 10.8082 0 
2.90857 10.8034 0 
3.00075 10.8069 0 
2.95462 10.8051 0 
0.880864 10.9 0 
0.837308 10.9024 0 
0.789673 10.9009 0 
0.735194 10.9333 0 
0.691479 10.9353 0 
0.64782 10.9375 0 
0.401593 11 0 
0.455773 10.9688 0 
0.504384 10.968 0 
0.513144 10.9351 0 
0.600489 10.9364 0 
0.556781 10.9392 0 
0 10.7472 0 
0 10.8119 0 
0.33293 10.9346 0 
0.370999 10.9659 0 
0.211042 10.9315 0 
0.296643 10.9001 0 
0.245673 10.9315 0 
0.0519952 10.8554 0 
0.1592 10.9261 0 
0.127878 10.8673 0 
0 10.6824 0 
1.46339 10.8733 0 
1.41143 10.9032 0 
1.36509 10.9065 0 
1.31122 10.9361 0 
1.22177 10.9368 0 
1.26377 10.9368 0 
1.17598 10.9362 0 
1.13412 10.9362 0 
0.935533 10.8679 0 
0.968122 10.9014 0 
1.00062 10.9387 0 
1.08826 10.9356 0 
1.04443 10.9371 0 
1.67632 10.9039 0 
1.72933 10.8741 0 
1.956 10.8584 0 
1.91691 10.8446 0 
1.76397 10.9045 0 
1.87025 10.8765 0 
1.81969 10.8732 0 
1.48135 10.8396 0 
1.52129 10.8396 0 
1.56854 10.8408 0 
1.64448 10.8714 0 
1.60866 10.8408 0 
0.902168 10.8434 0 
3.2323 10.9253 0 
3.25335 10.962 0 
3.27199 11 0 
3.2114 10.8863 0 
3.19052 10.8453 0 
3.17573 10.8054 0 
2.64448 10.8078 0 
2.59868 10.8063 0 
2.55819 10.8063 0 
2.51493 10.8105 0 
2.46913 10.809 0 
2.4234 10.8076 0 
2.37773 10.8063 0 
2.33446 10.8101 0 
2.2936 10.8101 0 
2.24793 10.8088 0 
2.20456 10.8125 0 
1.97718 10.8201 0 
2.02686 10.8096 0 
2.15896 10.8111 0 
2.0723 10.8099 0 
2.1134 10.8099 0 
3.15876 10.7718 0 
3.11198 10.7696 0 
2.6699 10.7682 0 
2.7161 10.7701 0 
2.75904 10.7648 0 
2.80535 10.7667 0 
3.07332 10.7696 0 
3.02667 10.7672 0 
2.84466 10.7667 0 
2.89095 10.7688 0 
2.93374 10.763 0 
2.98015 10.7651 0 
0.848542 10.8658 0 
0.805084 10.8691 0 
0.756037 10.8764 0 
0.702563 10.8991 0 
0.659072 10.9022 0 
0.420542 10.9367 0 
0.473955 10.9351 0 
0.479368 10.9014 0 
0.618803 10.8728 0 
0.528885 10.9037 0 
0.56641 10.9037 0 
0.0458483 10.7289 0 
0.0448179 10.7893 0 
0.384196 10.9035 0 
0.349565 10.9035 0 
0.315461 10.8693 0 
0.209432 10.8947 0 
0.258912 10.8642 0 
0.113009 10.8158 0 
0.171423 10.8562 0 
0.0928232 10.7061 0 
0.0421057 10.6627 0 
0 10.6177 0 
1.43005 10.8409 0 
1.37915 10.8701 0 
1.33549 10.8722 0 
1.32125 10.9039 0 
1.18986 10.9048 0 
1.28008 10.9039 0 
1.23076 10.9048 0 
1.14309 10.9038 0 
1.10241 10.9038 0 
0.951239 10.8359 0 
0.983413 10.8695 0 
1.01181 10.9049 0 
1.05554 10.9027 0 
1.66291 10.8096 0 
1.74322 10.8429 0 
1.69951 10.8396 0 
1.93597 10.8091 0 
1.89053 10.8089 0 
1.87358 10.8433 0 
1.7542 10.8081 0 
1.78694 10.8407 0 
1.8345 10.8356 0 
1.44942 10.8069 0 
1.4885 10.8069 0 
1.53635 10.8083 0 
1.57565 10.8083 0 
1.62341 10.8096 0 
1.67794 10.7787 0 
0.911947 10.8063 0 
0.868677 10.811 0 
3.25688 10.8876 0 
3.27586 10.923 0 
3.29644 10.962 0 
3.31615 11 0 
3.23634 10.8469 0 
3.21506 10.8054 0 
3.20157 10.765 0 
2.62379 10.7664 0 
2.49488 10.7695 0 
2.58405 10.7664 0 
2.5348 10.7695 0 
2.44884 10.7678 0 
2.40576 10.7725 0 
2.3598 10.7708 0 
2.31391 10.7691 0 
2.27366 10.7691 0 
2.22776 10.7676 0 
1.93925 10.7695 0 
2.18192 10.766 0 
1.99998 10.7812 0 
2.04914 10.7758 0 
2.13876 10.7704 0 
2.0983 10.7704 0 
3.18562 10.7314 0 
3.1384 10.7287 0 
3.09133 10.7262 0 
2.69533 10.7285 0 
2.65647 10.7285 0 
2.74186 10.7308 0 
2.78854 10.7332 0 
2.83144 10.7266 0 
3.05348 10.7262 0 
3.00638 10.7239 0 
2.87839 10.7287 0 
2.91673 10.7287 0 
2.96366 10.731 0 
0.815469 10.8309 0 
0.765403 10.8395 0 
0.722034 10.8323 0 
0.678587 10.8369 0 
0.63522 10.842 0 
0.41077 10.8669 0 
0.442758 10.9014 0 
0.496372 10.8702 0 
0.58299 10.8393 0 
0.539477 10.8654 0 
0.121607 10.7478 0 
0.358382 10.8626 0 
0.280305 10.8341 0 
0.323032 10.8257 0 
0.237721 10.8176 0 
0.195587 10.8269 0 
0.15939 10.7882 0 
0.409217 10.8315 0 
0.12752 10.6809 0 
0.0845688 10.6471 0 
0.043007 10.6009 0 
0 10.553 0 
1.39671 10.8086 0 
1.34274 10.8396 0 
1.35801 10.8086 0 
1.15745 10.8723 0 
1.29912 10.8425 0 
1.19724 10.8723 0 
1.24472 10.8735 0 
1.07034 10.871 0 
1.11388 10.8684 0 
1.41172 10.7772 0 
0.989145 10.8359 0 
0.955292 10.8018 0 
1.03272 10.8414 0 
1.71058 10.8042 0 
1.76969 10.7741 0 
1.93052 10.7361 0 
1.8863 10.7731 0 
1.85251 10.7973 0 
1.80046 10.7985 0 
1.50399 10.7756 0 
1.46503 10.7461 0 
1.54751 10.7725 0 
1.59098 10.7773 0 
1.64474 10.7461 0 
1.68829 10.7426 0 
0.921039 10.7674 0 
0.877672 10.7724 0 
0.834395 10.7778 0 
3.28224 10.8486 0 
3.30485 10.8853 0 
3.3209 10.924 0 
3.33954 10.962 0 
3.36031 11 0 
3.26128 10.8075 0 
3.2399 10.765 0 
3.22815 10.7235 0 
2.60992 10.7264 0 
2.47428 10.728 0 
2.52062 10.73 0 
2.56706 10.7322 0 
2.42802 10.726 0 
2.38515 10.7314 0 
2.34566 10.7314 0 
2.2994 10.7295 0 
2.2564 10.7346 0 
2.2071 10.7258 0 
1.97896 10.7348 0 
2.16413 10.7308 0 
2.02741 10.7335 0 
2.07804 10.7405 0 
2.1243 10.7308 0 
3.20706 10.679 0 
3.16484 10.6879 0 
3.12814 10.6879 0 
3.08047 10.6849 0 
2.72151 10.6877 0 
2.63638 10.6854 0 
2.67458 10.6854 0 
2.76855 10.6901 0 
2.8112 10.6826 0 
2.8584 10.6851 0 
3.03297 10.6822 0 
2.98563 10.6796 0 
2.90574 10.6876 0 
2.94319 10.6876 0 
0.791217 10.7692 0 
0.773965 10.8005 0 
0.738934 10.8005 0 
0.687142 10.7969 0 
0.600781 10.8088 0 
0.643896 10.8026 0 
0.429134 10.8009 0 
0.463141 10.8359 0 
0.514556 10.8052 0 
0.557599 10.7986 0 
0.184344 10.7212 0 
0.344323 10.7952 0 
0.292244 10.7683 0 
0.226827 10.76 0 
0.422263 10.765 0 
0.37878 10.7744 0 
0.170761 10.6666 0 
0.12995 10.624 0 
0.0889441 10.5735 0 
0.0443937 10.5346 0 
0 10.4883 0 
1.3625 10.7753 0 
1.30941 10.8068 0 
1.32476 10.7753 0 
1.1685 10.8366 0 
1.25555 10.8382 0 
1.27101 10.8068 0 
1.21643 10.8382 0 
1.08153 10.8348 0 
1.1352 10.8027 0 
1.37814 10.7442 0 
1.43122 10.7133 0 
1.00508 10.8043 0 
0.972129 10.7705 0 
1.04218 10.8043 0 
1.95204 10.6985 0 
1.73674 10.7413 0 
1.78518 10.74 0 
1.90247 10.7003 0 
1.88207 10.7374 0 
1.83363 10.7387 0 
1.51431 10.7386 0 
1.48111 10.7047 0 
1.56152 10.7111 0 
1.60123 10.7407 0 
1.65464 10.7092 0 
1.70208 10.7039 0 
0.938287 10.7359 0 
0.886274 10.7324 0 
0.843086 10.7383 0 
0.800001 10.7285 0 
3.30761 10.8096 0 
3.33148 10.8456 0 
3.3458 10.8853 0 
3.366 10.9249 0 
3.38493 10.9612 0 
3.40447 11 0 
3.29566 10.7697 0 
3.27556 10.7262 0 
3.25473 10.682 0 
3.23362 10.6364 0 
2.58508 10.6902 0 
2.45703 10.6944 0 
2.4998 10.688 0 
2.53838 10.688 0 
2.41049 10.6921 0 
2.37169 10.6921 0 
2.32513 10.6898 0 
2.61114 10.649 0 
2.27866 10.6877 0 
2.23228 10.6856 0 
2.18949 10.6913 0 
2.00705 10.703 0 
2.1503 10.6913 0 
2.05117 10.6949 0 
2.1041 10.6965 0 
3.19145 10.6467 0 
3.14342 10.6436 0 
3.22252 10.5985 0 
3.09573 10.6405 0 
3.05956 10.6405 0 
2.74799 10.6464 0 
2.71073 10.6464 0 
2.66331 10.6438 0 
2.79538 10.6492 0 
2.8378 10.6408 0 
2.88536 10.6436 0 
3.01183 10.6375 0 
2.96965 10.6465 0 
2.93309 10.6465 0 
0.748151 10.7599 0 
0.705209 10.7656 0 
0.651873 10.7611 0 
0.608597 10.7676 0 
0.479585 10.7704 0 
0.522539 10.7628 0 
0.565478 10.7558 0 
0.443944 10.735 0 
0.238158 10.6806 0 
0.335438 10.7579 0 
0.274439 10.7198 0 
0.384121 10.7283 0 
0.220178 10.6275 0 
0.178052 10.5884 0 
0.133651 10.5568 0 
0.0831941 10.5133 0 
0.0454106 10.4688 0 
0 10.4235 0 
1.38787 10.7066 0 
1.33477 10.7379 0 
1.29144 10.7421 0 
1.27539 10.7733 0 
1.18413 10.8049 0 
1.2319 10.7773 0 
1.09484 10.773 0 
1.15142 10.7711 0 
1.35143 10.7066 0 
1.44069 10.6755 0 
1.40475 10.6755 0 
0.972918 10.7359 0 
1.00801 10.7705 0 
1.05987 10.7391 0 
0.986069 10.7001 0 
1.945 10.6617 0 
1.98669 10.6725 0 
1.45734 10.6443 0 
1.89871 10.6637 0 
1.75377 10.7056 0 
1.80334 10.7038 0 
1.84439 10.6882 0 
1.4928 10.6443 0 
1.53436 10.6734 0 
1.57765 10.6801 0 
1.62099 10.6757 0 
1.66728 10.6737 0 
1.71357 10.6717 0 
0.947397 10.6955 0 
0.904445 10.7013 0 
0.764756 10.7104 0 
0.858697 10.6728 0 
0.818554 10.6971 0 
3.33363 10.7697 0 
3.35034 10.8037 0 
3.37131 10.8456 0 
3.38674 10.8853 0 
3.40954 10.9224 0 
3.42795 10.9612 0 
3.44863 11 0 
3.32317 10.7291 0 
3.2754 10.6379 0 
3.3026 10.6852 0 
3.26081 10.5928 0 
2.56413 10.6466 0 
2.43664 10.6515 0 
2.48365 10.6539 0 
2.5263 10.6466 0 
2.38973 10.6492 0 
2.35151 10.6492 0 
2.30459 10.647 0 
2.64785 10.6108 0 
2.60025 10.6079 0 
2.2618 10.6538 0 
2.21499 10.6516 0 
2.17644 10.6516 0 
2.03758 10.6576 0 
2.13015 10.6536 0 
2.08156 10.6621 0 
3.18424 10.6042 0 
3.13545 10.6008 0 
3.21275 10.5618 0 
3.08688 10.5976 0 
3.04468 10.6082 0 
2.77447 10.6051 0 
2.72687 10.6022 0 
2.69025 10.6022 0 
2.81092 10.6051 0 
2.87011 10.6115 0 
2.91232 10.6021 0 
2.99635 10.605 0 
2.94821 10.6021 0 
3.02387 10.5623 0 
2.93731 10.5648 0 
0.713724 10.7236 0 
0.670771 10.7299 0 
0.616037 10.7248 0 
0.486675 10.7262 0 
0.579436 10.7101 0 
0.529644 10.7184 0 
0.432736 10.6988 0 
0.28504 10.6525 0 
0.322264 10.6908 0 
0.413065 10.651 0 
0.364737 10.6804 0 
0.264502 10.6132 0 
0.222531 10.5729 0 
0.18007 10.532 0 
0.127303 10.49 0 
0.0859151 10.4473 0 
0 10.3588 0 
0.0461882 10.4032 0 
1.35383 10.6727 0 
1.30132 10.7041 0 
1.24817 10.7354 0 
1.198 10.7444 0 
1.11872 10.7373 0 
1.15469 10.7373 0 
1.31829 10.6727 0 
1.40591 10.6413 0 
1.37084 10.6413 0 
1.02449 10.7048 0 
1.07681 10.708 0 
0.99922 10.6643 0 
1.91913 10.6251 0 
1.96409 10.6295 0 
2.00934 10.6322 0 
1.42312 10.6102 0 
1.5096 10.6132 0 
1.46633 10.6049 0 
1.88423 10.6086 0 
1.86371 10.6485 0 
1.76662 10.6594 0 
1.80614 10.6677 0 
1.54405 10.6349 0 
1.58734 10.6423 0 
1.72954 10.6349 0 
1.63682 10.6367 0 
1.6831 10.626 0 
0.729407 10.6762 0 
0.964016 10.6284 0 
0.91292 10.6597 0 
0.772411 10.6685 0 
0.865995 10.6305 0 
0.815495 10.6612 0 
3.36004 10.7291 0 
3.38577 10.7648 0 
3.39683 10.806 0 
3.41114 10.8456 0 
3.43477 10.8827 0 
3.45472 10.9234 0 
3.47429 10.9623 0 
3.49279 11 0 
3.33863 10.6852 0 
3.31718 10.6394 0 
3.29564 10.5659 0 
3.2744 10.5186 0 
2.55279 10.6051 0 
2.42565 10.6105 0 
2.46303 10.6105 0 
2.50545 10.6025 0 
2.37832 10.6079 0 
2.33571 10.6155 0 
2.2885 10.6129 0 
2.66325 10.5668 0 
2.62707 10.5668 0 
2.57928 10.5637 0 
2.2414 10.6105 0 
2.20351 10.6105 0 
2.15497 10.6159 0 
2.06132 10.6178 0 
2.10643 10.6213 0 
3.23306 10.5166 0 
3.16351 10.5579 0 
3.11798 10.5622 0 
3.19172 10.5147 0 
3.06576 10.5508 0 
2.80125 10.5633 0 
2.75308 10.5604 0 
2.71724 10.5604 0 
2.8496 10.5664 0 
2.89179 10.5558 0 
3.01754 10.5196 0 
2.97534 10.559 0 
2.9264 10.5276 0 
0.678867 10.6868 0 
0.585766 10.6659 0 
0.636052 10.694 0 
0.499123 10.6591 0 
0.542386 10.6501 0 
0.456096 10.6415 0 
0.418202 10.6018 0 
0.332247 10.6241 0 
0.375265 10.6125 0 
0.381525 10.5711 0 
0.293552 10.5857 0 
0.253954 10.5463 0 
0.226708 10.5061 0 
0.170635 10.4748 0 
0.130443 10.4236 0 
0.0881284 10.3816 0 
0 10.2941 0 
0.0440642 10.3378 0 
1.31923 10.6382 0 
1.25876 10.6746 0 
1.21477 10.7011 0 
1.17151 10.7059 0 
1.12867 10.6771 0 
1.28459 10.6382 0 
1.33687 10.6071 0 
1.37996 10.6015 0 
1.04229 10.674 0 
1.08544 10.668 0 
1.01772 10.633 0 
0.983246 10.5974 0 
1.9225 10.5852 0 
1.98319 10.5974 0 
2.01826 10.5689 0 
1.432 10.5703 0 
1.51837 10.5737 0 
1.48381 10.5393 0 
1.86894 10.5722 0 
1.82674 10.6015 0 
1.78527 10.6198 0 
1.74717 10.5967 0 
1.5775 10.6065 0 
1.56766 10.5707 0 
1.69653 10.589 0 
1.64944 10.5971 0 
0.736279 10.6328 0 
0.693207 10.6412 0 
0.916299 10.5999 0 
0.779499 10.625 0 
0.879131 10.5639 0 
0.829395 10.5944 0 
3.38655 10.6884 0 
3.40229 10.7205 0 
3.42333 10.7648 0 
3.44356 10.8082 0 
3.46046 10.8422 0 
3.48055 10.8841 0 
3.49652 10.9234 0 
3.33729 10.553 0 
3.51723 10.9623 0 
3.53695 11 0 
3.36549 10.6427 0 
3.34375 10.5962 0 
3.31598 10.5042 0 
3.27133 10.4744 0 
2.53705 10.5726 0 
2.40512 10.5666 0 
2.44193 10.5666 0 
2.48943 10.5695 0 
2.3576 10.5638 0 
2.3102 10.5611 0 
2.26782 10.5693 0 
2.69982 10.5212 0 
2.65451 10.5247 0 
2.60936 10.5281 0 
2.55796 10.5187 0 
2.23059 10.5693 0 
2.18111 10.5749 0 
2.13163 10.5805 0 
2.08215 10.5862 0 
2.06052 10.5403 0 
3.22086 10.4701 0 
3.14217 10.5109 0 
3.10051 10.5236 0 
3.17484 10.4756 0 
3.07913 10.4765 0 
2.79399 10.5204 0 
2.72776 10.4781 0 
2.74525 10.5171 0 
2.86358 10.5204 0 
2.85632 10.4774 0 
3.02962 10.4727 0 
2.95467 10.4854 0 
2.90539 10.4813 0 
0.5914 10.62 0 
0.643326 10.6493 0 
0.504716 10.6119 0 
0.528252 10.5823 0 
0.466265 10.6036 0 
0.435871 10.5534 0 
0.336619 10.573 0 
0.387785 10.5297 0 
0.297223 10.5328 0 
0.259488 10.4796 0 
0.215952 10.4498 0 
0.174479 10.4075 0 
0.131811 10.3639 0 
0 10.2294 0 
0.088924 10.3201 0 
0.0448219 10.2726 0 
1.29304 10.5791 0 
1.22357 10.6405 0 
1.17197 10.6715 0 
1.13702 10.6371 0 
1.2509 10.6037 0 
1.38747 10.5419 0 
1.4057 10.511 0 
1.34587 10.5667 0 
0.948774 10.5618 0 
1.05808 10.6087 0 
1.10137 10.6019 0 
1.02235 10.574 0 
0.999317 10.5312 0 
1.91266 10.5494 0 
1.85366 10.5358 0 
1.96195 10.5464 0 
2.00401 10.5311 0 
1.93433 10.5099 0 
1.44896 10.5047 0 
1.53387 10.5361 0 
1.49813 10.5037 0 
1.81409 10.5555 0 
1.70996 10.552 0 
1.7648 10.5585 0 
1.61694 10.5676 0 
1.58393 10.5328 0 
1.66206 10.5575 0 
0.656808 10.606 0 
0.742908 10.5882 0 
0.699877 10.5968 0 
0.899794 10.5335 0 
0.764254 10.5579 0 
0.807011 10.5497 0 
0.841895 10.5278 0 
3.38714 10.5567 0 
3.41402 10.6462 0 
3.43196 10.6848 0 
3.4499 10.7235 0 
3.46089 10.7648 0 
3.48641 10.8014 0 
3.50676 10.8441 0 
3.52115 10.8841 0 
3.54168 10.9245 0 
3.36599 10.5081 0 
3.56193 10.9628 0 
3.58111 11 0 
3.40798 10.604 0 
3.34421 10.4589 0 
3.28094 10.4255 0 
3.23069 10.4211 0 
2.51583 10.5285 0 
2.38969 10.5345 0 
2.43192 10.5253 0 
2.47987 10.5285 0 
2.33642 10.5192 0 
2.29423 10.5282 0 
2.25766 10.5282 0 
2.68239 10.4819 0 
2.6337 10.4785 0 
2.59165 10.4895 0 
2.54316 10.4861 0 
2.57061 10.4435 0 
2.20838 10.5312 0 
2.15909 10.5342 0 
2.10981 10.5373 0 
2.08451 10.5001 0 
2.03445 10.5034 0 
3.07574 10.4321 0 
3.15796 10.4365 0 
3.1208 10.4624 0 
2.71027 10.4391 0 
2.75949 10.4431 0 
2.80745 10.4738 0 
2.85073 10.4345 0 
2.89217 10.4364 0 
2.97539 10.4242 0 
3.01296 10.3985 0 
2.93361 10.4383 0 
0.570882 10.5729 0 
0.613742 10.59 0 
0.533887 10.5338 0 
0.491089 10.5438 0 
0.453539 10.5049 0 
0.344044 10.5055 0 
0.391171 10.4779 0 
0.303476 10.4653 0 
0.259488 10.4359 0 
0.218284 10.3928 0 
0.178932 10.3331 0 
0 10.1646 0 
0.134235 10.2976 0 
0.0448219 10.2115 0 
0.0902983 10.2541 0 
1.30069 10.5378 0 
1.25741 10.5445 0 
1.1882 10.6061 0 
1.15015 10.6007 0 
1.12017 10.5711 0 
1.20645 10.5752 0 
1.4135 10.4694 0 
1.36251 10.5004 0 
1.31939 10.507 0 
0.949528 10.5033 0 
1.07717 10.5597 0 
0.992737 10.495 0 
1.0422 10.5238 0 
1.88428 10.5132 0 
1.84227 10.4964 0 
1.98976 10.4933 0 
1.9217 10.4708 0 
1.4638 10.4636 0 
1.60233 10.4804 0 
1.51409 10.4578 0 
1.55121 10.4885 0 
1.68404 10.5263 0 
1.78416 10.5197 0 
1.7341 10.523 0 
1.64562 10.5005 0 
1.79898 10.4762 0 
0.662748 10.5602 0 
0.728158 10.521 0 
0.70597 10.5511 0 
0.906432 10.4889 0 
0.863458 10.4977 0 
0.771092 10.5124 0 
0.820369 10.4821 0 
3.42839 10.5587 0 
3.41632 10.5124 0 
3.45586 10.6347 0 
3.47706 10.6812 0 
3.49772 10.7266 0 
3.51315 10.7592 0 
3.52474 10.8014 0 
3.54613 10.8441 0 
3.56691 10.8856 0 
3.58512 10.9217 0 
3.39469 10.4633 0 
3.60574 10.9614 0 
3.62527 11 0 
3.46965 10.5608 0 
3.37265 10.4133 0 
3.18694 10.3925 0 
3.22818 10.3759 0 
3.33143 10.3849 0 
3.27962 10.3802 0 
2.36284 10.477 0 
2.50129 10.4845 0 
2.41106 10.4799 0 
2.45943 10.4829 0 
2.23468 10.4903 0 
2.32064 10.487 0 
2.34807 10.4443 0 
2.28474 10.487 0 
2.66125 10.4354 0 
2.61241 10.4318 0 
2.52196 10.44 0 
2.56432 10.4009 0 
2.18894 10.4979 0 
2.20657 10.4651 0 
2.13725 10.4901 0 
2.07347 10.4537 0 
2.02288 10.4594 0 
3.08588 10.3832 0 
3.13627 10.3877 0 
2.69286 10.4005 0 
2.73825 10.3962 0 
2.78814 10.4001 0 
3.04232 10.3547 0 
2.99154 10.3499 0 
2.83002 10.386 0 
2.88019 10.3899 0 
2.94103 10.3453 0 
2.94469 10.3899 0 
0.582215 10.5338 0 
0.544209 10.497 0 
0.625437 10.5233 0 
0.496355 10.4942 0 
0.458134 10.4539 0 
0.394383 10.4252 0 
0.347365 10.4523 0 
0.306076 10.4104 0 
0.257515 10.3677 0 
0.222516 10.3256 0 
0.180206 10.274 0 
0 10.0999 0 
0.0454479 10.146 0 
0.135318 10.2372 0 
0.0914435 10.1883 0 
1.44078 10.4278 0 
1.26494 10.5027 0 
1.22177 10.5099 0 
1.10642 10.5326 0 
1.16327 10.5644 0 
1.18232 10.5335 0 
1.37035 10.4582 0 
1.40304 10.4303 0 
1.28428 10.472 0 
1.335 10.4415 0 
0.95596 10.4587 0 
1.07946 10.5006 0 
1.01354 10.4646 0 
1.85794 10.4398 0 
1.97827 10.4493 0 
1.90906 10.4317 0 
1.47852 10.4253 0 
1.61469 10.4461 0 
1.52716 10.4168 0 
1.56107 10.4464 0 
1.70457 10.4642 0 
1.7557 10.456 0 
1.66499 10.4403 0 
1.75783 10.4157 0 
1.81588 10.4228 0 
0.717178 10.4837 0 
0.673985 10.4939 0 
0.7404 10.4541 0 
0.91864 10.422 0 
0.842452 10.452 0 
0.875327 10.4313 0 
0.783295 10.4444 0 
0.806217 10.4146 0 
3.45725 10.5147 0 
3.44551 10.468 0 
3.49817 10.517 0 
3.50469 10.6383 0 
3.4998 10.5949 0 
3.52565 10.6846 0 
3.53795 10.7219 0 
3.55025 10.7592 0 
3.58062 10.8059 0 
3.59241 10.8462 0 
3.61006 10.8812 0 
3.63037 10.9228 0 
3.45369 10.4175 0 
3.64859 10.9614 0 
3.66943 11 0 
3.52974 10.5503 0 
3.40193 10.3663 0 
3.36212 10.3391 0 
3.16518 10.3428 0 
3.2064 10.3249 0 
3.26317 10.3411 0 
3.30984 10.334 0 
2.3933 10.4407 0 
2.44187 10.444 0 
2.47328 10.409 0 
2.37554 10.4015 0 
2.33347 10.4044 0 
2.2508 10.4326 0 
2.29213 10.4185 0 
2.63964 10.3884 0 
2.57625 10.3541 0 
2.51516 10.397 0 
2.17846 10.4399 0 
2.12746 10.439 0 
2.06243 10.4074 0 
2.01131 10.4155 0 
3.0723 10.31 0 
3.11406 10.3384 0 
2.67545 10.3619 0 
2.71717 10.3479 0 
2.76719 10.3518 0 
2.81308 10.3467 0 
3.02072 10.3054 0 
2.97991 10.3031 0 
2.93911 10.3008 0 
2.8591 10.3411 0 
2.90006 10.3432 0 
2.65418 10.3138 0 
0.58727 10.4856 0 
0.548933 10.4478 0 
0.630544 10.4752 0 
0.495056 10.4256 0 
0.423313 10.3978 0 
0.353078 10.3843 0 
0.296747 10.3425 0 
0.256397 10.3007 0 
0.225514 10.2582 0 
0.181396 10.2146 0 
0 10.0352 0 
0.0438929 10.0806 0 
0.0877858 10.1261 0 
0.137277 10.1709 0 
1.44302 10.391 0 
1.39257 10.3912 0 
1.22919 10.4675 0 
1.11283 10.4623 0 
1.17868 10.4981 0 
1.19239 10.4611 0 
1.13568 10.5056 0 
1.34257 10.3989 0 
1.24916 10.4371 0 
1.29204 10.4295 0 
0.940852 10.392 0 
1.00539 10.4287 0 
1.06334 10.4344 0 
1.85622 10.4004 0 
1.96678 10.4053 0 
1.90541 10.3927 0 
1.49325 10.3871 0 
1.4847 10.3482 0 
1.54903 10.3747 0 
1.62931 10.4107 0 
1.57683 10.4034 0 
1.70864 10.4234 0 
1.67628 10.3993 0 
1.75023 10.3765 0 
1.64393 10.3752 0 
1.7946 10.3634 0 
1.84483 10.3594 0 
0.727201 10.4166 0 
0.678872 10.4459 0 
0.897908 10.3755 0 
0.855107 10.3849 0 
0.794685 10.3771 0 
0.751365 10.3873 0 
3.48626 10.4704 0 
3.24672 10.3019 0 
3.52702 10.4727 0 
3.56539 10.5949 0 
3.56398 10.6789 0 
3.55381 10.6422 0 
3.58828 10.7199 0 
3.60851 10.7649 0 
3.61851 10.8059 0 
3.63519 10.8403 0 
3.65596 10.8827 0 
3.50495 10.4222 0 
3.6757 10.924 0 
3.44272 10.3447 0 
3.4823 10.3711 0 
3.69328 10.962 0 
3.71359 11 0 
3.59283 10.5503 0 
3.59003 10.5056 0 
3.4204 10.2929 0 
3.34006 10.2878 0 
3.16575 10.2968 0 
3.22442 10.2508 0 
3.28771 10.2826 0 
2.2158 10.3831 0 
2.42432 10.4051 0 
2.4799 10.3717 0 
2.36916 10.3587 0 
2.31887 10.3646 0 
2.26692 10.3749 0 
2.61521 10.3339 0 
2.57183 10.3097 0 
2.53001 10.3238 0 
2.16797 10.382 0 
2.19641 10.3317 0 
2.11767 10.3879 0 
2.05298 10.3697 0 
1.99551 10.3476 0 
3.05075 10.2595 0 
3.10274 10.2646 0 
2.69992 10.3087 0 
2.68268 10.2695 0 
2.75015 10.313 0 
2.79614 10.3074 0 
2.8421 10.302 0 
2.99908 10.2548 0 
2.94771 10.2504 0 
2.88818 10.2961 0 
2.64172 10.2673 0 
0.592127 10.4366 0 
0.531978 10.3974 0 
0.617312 10.4076 0 
0.470352 10.3702 0 
0.386686 10.3446 0 
0.430318 10.3306 0 
0.340074 10.3293 0 
0.299436 10.2864 0 
0.261072 10.234 0 
0 9.97044 0 
0.218641 10.1912 0 
0.175942 10.1481 0 
0.0442055 10.0171 0 
0.0884109 10.0637 0 
0.132186 10.1099 0 
1.41049 10.3496 0 
1.35907 10.3566 0 
1.20609 10.4241 0 
1.11302 10.4042 0 
1.14957 10.4397 0 
1.29942 10.386 0 
1.25626 10.3935 0 
0.98393 10.3831 0 
0.929703 10.3552 0 
1.02705 10.3987 0 
1.07641 10.3687 0 
1.89506 10.3555 0 
1.94528 10.3515 0 
1.42841 10.3079 0 
1.52442 10.343 0 
1.47615 10.3094 0 
1.56415 10.3377 0 
1.5926 10.3604 0 
1.70388 10.3565 0 
1.74262 10.3372 0 
1.63737 10.3358 0 
1.79005 10.3234 0 
1.84263 10.3218 0 
0.688108 10.3787 0 
0.713217 10.3497 0 
0.818433 10.3477 0 
0.891627 10.3182 0 
0.761229 10.3206 0 
0.804552 10.3096 0 
2.82509 10.263 0 
3.57331 10.4664 0 
3.61978 10.4594 0 
3.55659 10.4272 0 
3.59554 10.6295 0 
3.62428 10.5842 0 
3.60231 10.6733 0 
3.63693 10.7231 0 
3.64507 10.7649 0 
3.66569 10.8084 0 
3.68166 10.8424 0 
3.70199 10.8843 0 
3.55867 10.3818 0 
3.7212 10.9251 0 
3.48367 10.3243 0 
3.53687 10.3292 0 
3.73802 10.9626 0 
3.75775 11 0 
3.64151 10.5101 0 
3.46124 10.2711 0 
3.42492 10.2455 0 
3.32396 10.2485 0 
3.37119 10.2401 0 
3.17244 10.2456 0 
3.22755 10.2039 0 
3.26506 10.2306 0 
2.24974 10.339 0 
2.44463 10.3463 0 
2.48012 10.3198 0 
2.39732 10.3159 0 
2.34709 10.3199 0 
2.29687 10.3238 0 
2.60076 10.2651 0 
2.55051 10.261 0 
2.50047 10.257 0 
2.22004 10.2958 0 
2.14619 10.3357 0 
2.16842 10.3019 0 
2.09596 10.3397 0 
2.04954 10.33 0 
1.99361 10.3068 0 
3.02872 10.2086 0 
3.08078 10.2137 0 
3.12168 10.1939 0 
2.66065 10.2206 0 
2.71117 10.2253 0 
2.73311 10.2741 0 
2.77438 10.2583 0 
2.86582 10.2426 0 
2.9479 10.2038 0 
2.90654 10.2222 0 
2.61989 10.2183 0 
0.579481 10.3689 0 
0.513848 10.3578 0 
0.627093 10.3404 0 
0.477164 10.3032 0 
0.43359 10.2771 0 
0.389434 10.2903 0 
0.304562 10.2417 0 
0.348053 10.2494 0 
0 9.90572 0 
0.264775 10.1672 0 
0.0447637 9.95175 0 
0.221577 10.1245 0 
0.17838 10.0819 0 
0.0895274 9.99779 0 
0.135042 10.0391 0 
1.37558 10.3142 0 
1.32148 10.3224 0 
1.11949 10.3596 0 
1.20581 10.3654 0 
1.1702 10.3875 0 
1.26992 10.3267 0 
1.2269 10.3353 0 
0.933296 10.2786 0 
1.006 10.353 0 
0.969647 10.3158 0 
1.03895 10.3323 0 
1.08223 10.323 0 
1.38998 10.2771 0 
1.89263 10.3141 0 
1.94368 10.3062 0 
1.95361 10.2669 0 
1.44212 10.2726 0 
1.53406 10.2954 0 
1.49426 10.2681 0 
1.63082 10.2964 0 
1.57927 10.3007 0 
1.73394 10.2878 0 
1.68238 10.2921 0 
1.78549 10.2834 0 
1.83705 10.2791 0 
0.674796 10.3118 0 
0.718063 10.3005 0 
0.82912 10.2805 0 
0.8773 10.2513 0 
0.925494 10.2221 0 
0.765941 10.2716 0 
2.83342 10.213 0 
3.30786 10.2092 0 
3.67183 10.4645 0 
3.64952 10.4132 0 
3.59738 10.408 0 
3.68379 10.5387 0 
3.64524 10.6331 0 
3.67471 10.5882 0 
3.67555 10.7175 0 
3.65088 10.6767 0 
3.69284 10.768 0 
3.70829 10.8007 0 
3.72046 10.8424 0 
3.742 10.8843 0 
3.61684 10.3347 0 
3.76251 10.9251 0 
3.51449 10.2761 0 
3.56821 10.2816 0 
3.78176 10.961 0 
3.80191 11 0 
3.71214 10.4919 0 
3.49156 10.2225 0 
3.42804 10.1922 0 
3.34873 10.1868 0 
3.17423 10.199 0 
3.232 10.1509 0 
3.28528 10.1563 0 
2.27165 10.2898 0 
2.4265 10.2716 0 
2.37489 10.2777 0 
2.32327 10.2837 0 
2.57913 10.2161 0 
2.52878 10.2118 0 
2.45573 10.2272 0 
2.25091 10.2588 0 
2.14639 10.2531 0 
2.19795 10.2488 0 
2.0973 10.2825 0 
2.04609 10.2904 0 
1.99172 10.2661 0 
2.97805 10.1571 0 
3.08617 10.1623 0 
3.03055 10.1623 0 
3.15214 10.146 0 
2.65886 10.1756 0 
2.7104 10.1801 0 
2.75218 10.2088 0 
2.79178 10.1848 0 
2.86224 10.1666 0 
2.91372 10.1714 0 
2.60774 10.1712 0 
0.584028 10.3181 0 
0.52098 10.2901 0 
0.631495 10.2898 0 
0.590458 10.2762 0 
0.480362 10.2501 0 
0.423264 10.2092 0 
0.396901 10.1678 0 
0.337018 10.1935 0 
0.308852 10.1516 0 
0 9.84099 0 
0.0452475 9.8865 0 
0.266342 10.1089 0 
0.0909319 9.92907 0 
0.22292 10.0652 0 
0.179499 10.0215 0 
0.13054 9.97752 0 
1.33784 10.2816 0 
1.28569 10.2861 0 
1.14115 10.3296 0 
1.18398 10.3207 0 
1.23355 10.2906 0 
0.981951 10.249 0 
1.00149 10.2959 0 
1.04465 10.286 0 
1.10441 10.293 0 
1.4075 10.2354 0 
1.3548 10.24 0 
1.90386 10.2516 0 
1.96354 10.2277 0 
1.65069 10.2546 0 
1.46021 10.2308 0 
1.51291 10.2261 0 
1.55374 10.2525 0 
1.59855 10.2591 0 
1.43038 10.2011 0 
1.85926 10.2367 0 
1.75497 10.2456 0 
1.71383 10.2334 0 
1.80712 10.2411 0 
0.726725 10.233 0 
0.683196 10.2449 0 
0.813863 10.2427 0 
0.839199 10.2138 0 
0.887123 10.1848 0 
0.930347 10.1736 0 
0.968843 10.2114 0 
0.753002 10.2045 0 
3.70254 10.4183 0 
3.65389 10.3654 0 
3.73448 10.5431 0 
3.72556 10.5927 0 
3.69545 10.637 0 
3.71417 10.712 0 
3.73506 10.7587 0 
3.74568 10.8007 0 
3.76693 10.8446 0 
3.788 10.8861 0 
3.68604 10.3175 0 
3.64746 10.2877 0 
3.80802 10.9264 0 
3.5453 10.228 0 
3.59993 10.2334 0 
3.82656 10.9616 0 
3.84607 11 0 
3.76361 10.4965 0 
3.76575 10.4495 0 
3.4782 10.1585 0 
3.52225 10.1732 0 
0 9.77626 0 
3.43414 10.1438 0 
3.37955 10.1385 0 
3.31596 10.1086 0 
3.19584 10.1258 0 
3.26226 10.1028 0 
2.30212 10.2509 0 
2.40453 10.2351 0 
2.35262 10.2358 0 
2.55709 10.1666 0 
2.48497 10.1827 0 
2.43214 10.189 0 
2.2764 10.2007 0 
2.22425 10.2052 0 
2.11997 10.2142 0 
2.17211 10.2097 0 
2.06234 10.2328 0 
2.01569 10.2232 0 
2.94289 10.1254 0 
3.00856 10.11 0 
3.08881 10.1148 0 
3.13102 10.0938 0 
3.17323 10.0727 0 
2.64233 10.1363 0 
2.71827 10.1294 0 
2.76984 10.1342 0 
2.82167 10.1393 0 
2.90399 10.0994 0 
2.86265 10.1202 0 
2.59095 10.1316 0 
0.549422 10.2625 0 
0.527356 10.2228 0 
0.619909 10.2222 0 
0.486003 10.1827 0 
0.428932 10.1417 0 
0.385451 10.1118 0 
0.301792 10.0849 0 
0.342283 10.1263 0 
0.0456708 9.82131 0 
0.0880903 9.86636 0 
0.269225 10.0418 0 
0.132135 9.91141 0 
0.217374 9.99859 0 
0.181569 9.95536 0 
0.316007 10.0179 0 
1.30209 10.2447 0 
1.24939 10.2493 0 
1.15351 10.2631 0 
1.19669 10.2539 0 
1.0675 10.2563 0 
1.02466 10.2391 0 
1.11045 10.2467 0 
1.37619 10.2043 0 
1.32199 10.2074 0 
1.01717 10.1821 0 
1.97234 10.1696 0 
1.92729 10.208 0 
1.39929 10.1611 0 
1.62183 10.2231 0 
1.67103 10.2122 0 
1.48458 10.198 0 
1.53878 10.1948 0 
1.59297 10.1917 0 
1.45274 10.1567 0 
1.86395 10.1759 0 
1.80975 10.1791 0 
1.70136 10.1854 0 
1.75556 10.1822 0 
0.709925 10.1823 0 
0.667041 10.1941 0 
0.796257 10.1932 0 
0.89185 10.1357 0 
0.84841 10.1472 0 
0.955195 10.1445 0 
0.746877 10.1539 0 
3.74363 10.3962 0 
3.7066 10.3654 0 
3.09356 10.067 0 
3.74138 10.6678 0 
3.78582 10.5475 0 
3.76941 10.6222 0 
3.76283 10.7152 0 
3.77101 10.7587 0 
3.80346 10.8062 0 
3.81371 10.8468 0 
3.83417 10.8881 0 
3.7974 10.4013 0 
3.73606 10.3175 0 
3.71915 10.2682 0 
3.679 10.2392 0 
3.85144 10.9229 0 
3.6008 10.1784 0 
3.65546 10.1842 0 
3.86916 10.9616 0 
3.89023 11 0 
3.81556 10.5016 0 
3.81947 10.4546 0 
3.46651 10.0943 0 
3.55361 10.1229 0 
3.51006 10.1086 0 
0.0460443 9.75618 0 
0 9.71154 0 
3.41126 10.0887 0 
3.35651 10.0837 0 
3.28787 10.0695 0 
3.22736 10.0788 0 
2.32854 10.1962 0 
2.38068 10.1917 0 
2.5143 10.1382 0 
2.46093 10.1445 0 
2.40591 10.1445 0 
1.99563 10.1197 0 
2.30084 10.1636 0 
2.24332 10.1539 0 
2.19807 10.1659 0 
2.08738 10.189 0 
2.13493 10.1602 0 
2.02654 10.1665 0 
2.05004 10.1165 0 
2.94532 10.0786 0 
2.99248 10.0704 0 
2.97641 10.0309 0 
3.03978 10.0617 0 
3.15021 10.0191 0 
3.20468 10.0247 0 
2.6258 10.0969 0 
2.6777 10.102 0 
2.71886 10.0832 0 
2.79938 10.0883 0 
2.88206 10.0474 0 
2.84008 10.0685 0 
2.57416 10.0921 0 
2.52969 10.0915 0 
2.60373 10.046 0 
0.556632 10.1954 0 
0.516672 10.156 0 
0.628423 10.1549 0 
0.475426 10.1153 0 
0.431581 10.0863 0 
0.347088 10.0596 0 
0.0920886 9.80082 0 
0.133543 9.84546 0 
0.271821 9.97508 0 
0.176257 9.89459 0 
0.220071 9.93224 0 
0.35151 9.99322 0 
0.308754 9.95108 0 
1.2678 10.2106 0 
1.27999 10.1722 0 
1.2136 10.2137 0 
1.15941 10.2169 0 
1.04134 10.1528 0 
1.07341 10.2094 0 
1.11635 10.1998 0 
1.33419 10.169 0 
1.36819 10.1211 0 
1.29219 10.1338 0 
0.998201 10.1337 0 
1.88679 10.1259 0 
1.92957 10.1478 0 
1.42089 10.1154 0 
1.63079 10.1666 0 
1.66861 10.1416 0 
1.51422 10.1461 0 
1.56531 10.1476 0 
1.4598 10.1132 0 
1.83237 10.1291 0 
1.77098 10.1394 0 
1.72116 10.1424 0 
0.694789 10.1271 0 
0.783829 10.1255 0 
0.831331 10.0971 0 
0.917382 10.1068 0 
0.874397 10.0858 0 
0.965203 10.078 0 
0.745709 10.0865 0 
3.77464 10.3474 0 
3.09648 10.0134 0 
3.76641 10.2682 0 
3.85179 10.407 0 
3.83766 10.5525 0 
3.79075 10.6714 0 
3.80736 10.5976 0 
3.81184 10.7187 0 
3.81895 10.7617 0 
3.84025 10.8062 0 
3.85639 10.8397 0 
3.87716 10.8829 0 
3.82946 10.3525 0 
3.80659 10.297 0 
3.77464 10.2187 0 
3.71068 10.1906 0 
3.89248 10.9229 0 
3.60072 10.107 0 
3.62809 10.1456 0 
3.68679 10.1347 0 
3.91395 10.9623 0 
3.93439 11 0 
3.87881 10.5334 0 
3.85631 10.481 0 
3.88665 10.4317 0 
3.43483 10.0167 0 
3.49887 10.0448 0 
3.57719 10.0506 0 
0.0894575 9.7379 0 
0.0449313 9.69109 0 
0 9.64681 0 
3.37924 10.0103 0 
3.32415 10.0044 0 
3.25977 10.0304 0 
2.35171 10.1476 0 
2.37682 10.0971 0 
2.48521 10.0908 0 
2.43102 10.094 0 
1.96802 10.0788 0 
2.01892 10.0697 0 
2.2742 10.1128 0 
2.21333 10.1067 0 
2.08098 10.0762 0 
2.16342 10.1166 0 
2.09248 10.1384 0 
2.92303 10.0257 0 
3.01901 10.0101 0 
2.97961 9.97764 0 
3.06161 9.98926 0 
3.23684 9.97562 0 
3.10257 9.9646 0 
3.18176 9.96988 0 
2.64459 10.0268 0 
2.80158 10.0422 0 
2.69659 10.0317 0 
2.74887 10.0369 0 
2.85967 9.99474 0 
2.55453 10.0452 0 
2.51213 10.0527 0 
2.563 10.0001 0 
2.60523 9.99997 0 
0.563335 10.1286 0 
0.606967 10.1151 0 
0.519522 10.1018 0 
0.635939 10.0876 0 
0.480554 10.0483 0 
0.422957 10.0188 0 
0.395078 9.97734 0 
0.134186 9.78344 0 
0.178399 9.82846 0 
0.265635 9.90859 0 
0.221322 9.87217 0 
0.355182 9.92669 0 
0.310263 9.89249 0 
1.2276 10.1629 0 
1.17341 10.1661 0 
1.04641 10.1045 0 
1.08459 10.1425 0 
1.129 10.1543 0 
1.323 10.107 0 
1.36448 10.0795 0 
1.25019 10.0985 0 
1.00822 10.0666 0 
1.85499 10.079 0 
1.91492 10.0839 0 
1.42032 10.0723 0 
1.46472 10.0479 0 
1.58113 10.1073 0 
1.63175 10.1064 0 
1.68676 10.1025 0 
1.53765 10.1036 0 
1.50999 10.0596 0 
1.78067 10.0762 0 
1.7322 10.0998 0 
0.682889 10.06 0 
0.792903 10.0583 0 
0.835825 10.0464 0 
0.922147 10.0572 0 
0.883303 10.0181 0 
0.96995 10.0285 0 
0.72999 10.0322 0 
3.87343 10.3671 0 
3.84075 10.6751 0 
3.87874 10.5804 0 
3.85109 10.6261 0 
3.85334 10.7207 0 
3.86724 10.7649 0 
3.88247 10.7973 0 
3.90343 10.842 0 
3.91658 10.8829 0 
3.88491 10.3026 0 
3.9174 10.3817 0 
3.83409 10.2071 0 
3.86073 10.2465 0 
3.80744 10.1677 0 
3.7509 10.1621 0 
3.93799 10.9242 0 
3.63401 10.057 0 
3.69845 10.0838 0 
3.95759 10.9605 0 
3.97855 11 0 
3.91883 10.5595 0 
3.90937 10.4855 0 
3.94039 10.4369 0 
3.43239 9.97439 0 
3.4754 9.98809 0 
3.53223 9.99372 0 
3.58967 9.99997 0 
3.38938 9.96068 0 
0.135913 9.71395 0 
0.0902457 9.67237 0 
0.0437169 9.62723 0 
0 9.58208 0 
3.33301 9.95469 0 
3.27739 9.94885 0 
2.2924 10.0534 0 
2.33461 10.0753 0 
2.40193 10.0467 0 
2.45613 10.0435 0 
1.94041 10.0379 0 
2.00317 10.0303 0 
2.05173 10.0335 0 
2.09743 10.0159 0 
2.23787 10.0565 0 
2.18333 10.0596 0 
2.13216 10.0679 0 
2.23837 10.0073 0 
2.90034 9.97238 0 
2.94397 9.95313 0 
3.06346 9.93508 0 
3.00947 9.92957 0 
3.21351 9.92037 0 
3.13486 9.91466 0 
2.67394 9.97988 0 
2.80665 9.98957 0 
2.72652 9.98472 0 
2.86443 9.94724 0 
2.49458 10.014 0 
2.52333 9.96874 0 
2.57147 9.95502 0 
2.63594 9.9533 0 
0.566521 10.0752 0 
0.596338 10.0481 0 
0.524779 10.0341 0 
0.639514 10.0347 0 
0.468807 9.99297 0 
0.512237 9.97908 0 
0.441166 9.9518 0 
0.39936 9.91063 0 
0.180357 9.76252 0 
0.21669 9.80584 0 
0.258643 9.84917 0 
0.356726 9.86864 0 
0.313085 9.82567 0 
1.38032 10.031 0 
1.06161 10.0519 0 
1.18741 10.1153 0 
1.14379 10.1028 0 
1.10017 10.0904 0 
1.30527 10.0402 0 
1.2082 10.0633 0 
1.24771 10.0514 0 
1.11079 10.0392 0 
1.02497 10.0153 0 
1.81621 10.0394 0 
1.87761 10.029 0 
1.43098 10.0186 0 
1.49603 10.0179 0 
1.59694 10.0669 0 
1.65236 10.0626 0 
1.69342 10.0602 0 
1.56213 10.0274 0 
1.74524 10.0396 0 
1.74133 9.97948 0 
1.79445 9.97897 0 
0.686394 10.0074 0 
0.773754 10.0195 0 
0.820992 9.99148 0 
0.926557 10.0067 0 
0.887586 9.96711 0 
0.848614 9.96333 0 
0.981396 9.97545 0 
0.733429 9.97986 0 
3.96309 10.4907 0 
3.0947 9.88576 0 
3.91587 10.7684 0 
3.88196 10.6772 0 
3.90123 10.6305 0 
3.89484 10.7226 0 
3.92853 10.8052 0 
3.9412 10.842 0 
3.96274 10.8849 0 
3.91671 10.2518 0 
3.94054 10.3086 0 
3.96409 10.3644 0 
3.86471 10.1741 0 
3.92937 10.2002 0 
3.77587 10.0905 0 
3.82099 10.1165 0 
3.98362 10.9256 0 
3.67435 10.0264 0 
3.73203 10.0328 0 
4.00245 10.9612 0 
4.02271 11 0 
3.95304 10.5899 0 
3.95892 10.5386 0 
3.99529 10.4421 0 
3.444 9.90976 0 
3.50834 9.93642 0 
3.58549 9.94256 0 
3.64984 9.9685 0 
3.41823 9.87118 0 
3.35877 9.88283 0 
0.181906 9.69649 0 
0.13643 9.65171 0 
0.0909532 9.60692 0 
0.0441427 9.56214 0 
0 9.51736 0 
3.30937 9.8985 0 
3.24526 9.87085 0 
2.28971 10.0045 0 
2.33596 10.0306 0 
2.38622 9.99826 0 
2.42705 9.99618 0 
1.90069 9.97796 0 
1.94405 9.98439 0 
1.98741 9.99082 0 
2.06638 9.96796 0 
2.13543 9.9859 0 
2.18703 10.0101 0 
2.23213 9.9581 0 
2.97523 9.90553 0 
2.89585 9.89973 0 
3.0596 9.85832 0 
3.01601 9.88019 0 
3.16716 9.86472 0 
2.81067 9.9417 0 
2.70414 9.93162 0 
2.75725 9.9365 0 
2.84174 9.89382 0 
2.48237 9.95313 0 
2.5377 9.91007 0 
2.66733 9.9056 0 
2.60321 9.90519 0 
0.599754 9.9945 0 
0.555915 10.0077 0 
0.649603 9.95413 0 
0.530742 9.93225 0 
0.487556 9.92595 0 
0.433115 9.88508 0 
0.392181 9.84421 0 
0.225802 9.73972 0 
0.26154 9.78269 0 
0.305448 9.76655 0 
0.349659 9.80175 0 
1.39724 9.98931 0 
1.32402 9.98992 0 
1.07681 9.99932 0 
1.15949 10.0512 0 
1.26883 10.008 0 
1.21559 10.0131 0 
1.13656 9.99099 0 
1.03779 9.96036 0 
1.84757 9.97847 0 
1.898 9.93377 0 
1.52733 9.98792 0 
1.45468 9.97151 0 
1.6172 10.0219 0 
1.67028 10.0213 0 
1.58196 9.98101 0 
1.68821 9.97999 0 
1.73864 9.9353 0 
1.79086 9.92006 0 
0.693103 9.9402 0 
0.780598 9.95223 0 
0.809111 9.92449 0 
0.852669 9.91192 0 
0.945172 9.9461 0 
0.898921 9.92901 0 
1.00276 9.92509 0 
0.722445 9.91281 0 
4.00729 10.3785 0 
4.00074 10.5176 0 
4.04256 10.4966 0 
3.1032 9.83645 0 
3.03927 9.80805 0 
3.9809 10.2785 0 
3.95407 10.7628 0 
3.95188 10.6353 0 
3.94418 10.727 0 
3.92318 10.6793 0 
3.9784 10.8034 0 
3.98818 10.8445 0 
4.00539 10.879 0 
3.98832 10.2063 0 
4.00476 10.336 0 
3.90518 10.1417 0 
3.9641 10.1473 0 
3.80935 10.039 0 
3.89219 10.0638 0 
4.02683 10.9216 0 
3.70777 9.97415 0 
3.76659 9.98026 0 
4.04738 10.962 0 
4.06687 11 0 
3.99312 10.6175 0 
4.02233 10.5701 0 
4.05049 10.3926 0 
4.07429 10.448 0 
3.68311 9.91512 0 
3.48406 9.87871 0 
3.54128 9.88474 0 
3.59974 9.89044 0 
3.45849 9.83982 0 
3.39246 9.8326 0 
3.33498 9.82589 0 
0.221468 9.67376 0 
0.178108 9.63046 0 
0.133581 9.586 0 
0.0886794 9.54377 0 
0.0457958 9.49709 0 
0 9.45263 0 
3.25691 9.81975 0 
3.19988 9.81413 0 
2.2787 9.94043 0 
2.34244 9.95105 0 
2.39773 9.94847 0 
2.43425 9.91842 0 
1.93634 9.94485 0 
2.01888 9.94363 0 
1.97955 9.92293 0 
2.28051 9.89708 0 
2.05065 9.89599 0 
2.09031 9.91666 0 
2.22244 9.90803 0 
2.1458 9.91306 0 
2.18896 9.93558 0 
2.9523 9.85094 0 
2.87312 9.84548 0 
2.99276 9.82492 0 
3.13563 9.7867 0 
2.68017 9.85826 0 
2.77822 9.86372 0 
2.72449 9.8579 0 
2.80946 9.81592 0 
2.47078 9.88837 0 
2.50731 9.85832 0 
2.57049 9.85708 0 
2.63586 9.85861 0 
0.589563 9.92669 0 
0.63613 9.90016 0 
0.549247 9.88542 0 
0.478928 9.85924 0 
0.435432 9.8283 0 
0.394153 9.78655 0 
0.271727 9.71642 0 
0.351252 9.74316 0 
1.41415 9.94764 0 
1.35611 9.94304 0 
1.29909 9.94698 0 
1.09201 9.94672 0 
1.18142 9.97295 0 
1.24157 9.9582 0 
1.14725 9.93277 0 
1.05846 9.91269 0 
1.84309 9.90482 0 
1.89531 9.88959 0 
1.54672 9.94015 0 
1.50196 9.91901 0 
1.45562 9.90656 0 
1.63419 9.96577 0 
1.59389 9.92818 0 
1.66914 9.93766 0 
1.76867 9.87689 0 
1.69834 9.89771 0 
1.81219 9.86419 0 
0.682836 9.87338 0 
0.769236 9.88528 0 
0.812686 9.87217 0 
0.867884 9.85893 0 
0.918311 9.86375 0 
0.957801 9.90304 0 
1.01916 9.87338 0 
0.725949 9.85968 0 
4.09736 10.5027 0 
4.06535 10.5495 0 
3.07954 9.78076 0 
3.0156 9.75266 0 
4.03792 10.284 0 
3.99227 10.7571 0 
3.97358 10.6839 0 
4.01502 10.6683 0 
4.01407 10.8034 0 
4.03544 10.8473 0 
4.06021 10.8831 0 
4.04689 10.1713 0 
4.07184 10.2309 0 
4.08244 10.3417 0 
3.93938 10.0879 0 
4.01547 10.0939 0 
3.84313 9.98717 0 
3.92479 10.0108 0 
4.07264 10.923 0 
3.75916 9.92105 0 
3.8177 9.92767 0 
4.08965 10.962 0 
4.11103 11 0 
4.07365 10.622 0 
4.10656 10.3986 0 
4.13817 10.4766 0 
3.71055 9.8445 0 
3.63425 9.83763 0 
3.51686 9.826 0 
3.57523 9.83148 0 
3.47983 9.77757 0 
3.43293 9.80093 0 
3.36821 9.77519 0 
3.29071 9.76859 0 
0.266651 9.65032 0 
0.222547 9.61299 0 
0.178822 9.56876 0 
0.134627 9.52039 0 
0.0894108 9.47833 0 
0.0448755 9.43207 0 
0 9.3879 0 
3.18088 9.76441 0 
3.22613 9.74211 0 
2.41895 9.87674 0 
2.32158 9.90187 0 
2.36763 9.8995 0 
2.28233 9.85373 0 
1.94754 9.87435 0 
2.00314 9.8713 0 
2.21993 9.84578 0 
2.04597 9.84744 0 
2.11477 9.86419 0 
2.17044 9.8607 0 
2.85026 9.79052 0 
2.90526 9.79596 0 
2.96031 9.74645 0 
3.13349 9.7299 0 
2.65463 9.81114 0 
2.69575 9.79245 0 
2.78655 9.76123 0 
2.75511 9.8102 0 
2.46975 9.81959 0 
2.53776 9.80897 0 
2.60438 9.81161 0 
0.595487 9.85916 0 
0.639099 9.84572 0 
0.52504 9.83314 0 
0.569037 9.81816 0 
0.481247 9.80288 0 
0.441948 9.75243 0 
0.387036 9.71937 0 
0.34495 9.67629 0 
1.3882 9.89616 0 
1.4193 9.86535 0 
1.25848 9.90499 0 
1.33067 9.89583 0 
1.10763 9.89267 0 
1.20467 9.89308 0 
1.15086 9.88117 0 
1.06782 9.85251 0 
1.85572 9.85149 0 
1.90794 9.83626 0 
1.56644 9.8851 0 
1.49321 9.8555 0 
1.60581 9.87535 0 
1.65009 9.89533 0 
1.68441 9.85231 0 
1.74596 9.83409 0 
1.81612 9.8134 0 
0.688673 9.80608 0 
0.772686 9.83241 0 
0.827438 9.81875 0 
0.889515 9.80469 0 
0.937807 9.82358 0 
0.976121 9.85058 0 
1.01613 9.81445 0 
0.72936 9.80616 0 
4.13116 10.5264 0 
4.10206 10.5747 0 
3.0557 9.72451 0 
2.98878 9.71391 0 
4.09625 10.2899 0 
4.03733 10.753 0 
4.01867 10.7133 0 
4.06625 10.6728 0 
4.05599 10.7927 0 
4.08908 10.8418 0 
4.09854 10.8831 0 
4.0809 10.116 0 
4.10112 10.1605 0 
4.13128 10.2371 0 
4.1467 10.368 0 
3.97408 10.0332 0 
4.04978 10.039 0 
3.87768 9.9341 0 
3.94342 9.95633 0 
4.11296 10.923 0 
3.77089 9.85106 0 
3.85195 9.87352 0 
4.13456 10.9629 0 
4.15519 11 0 
4.11958 10.6146 0 
4.13709 10.6545 0 
4.17803 10.5156 0 
4.18491 10.4707 0 
4.1918 10.4257 0 
3.74541 9.79063 0 
3.6691 9.78431 0 
3.60338 9.76123 0 
3.52674 9.75422 0 
3.4614 9.72979 0 
3.40233 9.72314 0 
3.34384 9.7171 0 
3.26662 9.71094 0 
0.312294 9.6265 0 
0.267809 9.59012 0 
0.224588 9.54704 0 
0.175423 9.50275 0 
0.131567 9.45785 0 
0.0903862 9.41097 0 
0.0450379 9.36807 0 
0 9.32317 0 
3.17775 9.70735 0 
3.22202 9.6848 0 
2.40364 9.83505 0 
2.33753 9.85052 0 
2.30743 9.80154 0 
2.25863 9.80373 0 
1.97119 9.82205 0 
2.02069 9.80795 0 
2.18897 9.7981 0 
2.073 9.79867 0 
2.11529 9.79907 0 
3.14487 9.67853 0 
2.83002 9.7396 0 
2.87349 9.71797 0 
2.96196 9.67515 0 
2.91382 9.69076 0 
3.08054 9.65184 0 
2.66163 9.76021 0 
2.79479 9.7119 0 
2.70509 9.73895 0 
2.75049 9.72334 0 
2.4529 9.75925 0 
2.41444 9.78967 0 
2.50435 9.75985 0 
2.57703 9.75693 0 
0.615656 9.79196 0 
0.647456 9.76555 0 
0.514202 9.77717 0 
0.573718 9.75121 0 
0.485673 9.73617 0 
0.432917 9.69517 0 
0.390548 9.65243 0 
0.357026 9.60963 0 
1.43858 9.81481 0 
1.36225 9.84468 0 
1.25923 9.85489 0 
1.31074 9.84979 0 
1.12336 9.83825 0 
1.23376 9.81872 0 
1.19012 9.83489 0 
1.08309 9.79766 0 
1.51639 9.80856 0 
1.86834 9.79817 0 
1.9299 9.7835 0 
1.56763 9.83446 0 
1.61773 9.82252 0 
1.72324 9.7913 0 
1.67049 9.80691 0 
1.77599 9.77569 0 
1.82875 9.76007 0 
1.053 9.76674 0 
0.688673 9.76477 0 
0.783937 9.77592 0 
0.842189 9.76533 0 
0.898482 9.75237 0 
1.00149 9.76195 0 
0.957304 9.78341 0 
0.740012 9.75988 0 
4.15479 10.58 0 
3.02921 9.68514 0 
4.17964 10.3145 0 
4.0822 10.7481 0 
4.11845 10.7219 0 
4.10429 10.7957 0 
4.12536 10.8418 0 
4.14563 10.8855 0 
4.11096 10.0455 0 
4.13691 10.1073 0 
4.16729 10.1828 0 
4.20791 10.2435 0 
4.22312 10.3737 0 
4.02351 9.97767 0 
4.07172 9.98334 0 
3.89844 9.88061 0 
3.97877 9.90139 0 
4.15873 10.9247 0 
3.80631 9.79778 0 
3.87257 9.81926 0 
4.1812 10.9615 0 
4.19935 11 0 
4.15956 10.7059 0 
4.17756 10.6326 0 
4.20019 10.6849 0 
4.19475 10.5563 0 
4.2249 10.5049 0 
4.24806 10.4319 0 
3.78027 9.73675 0 
3.71961 9.72986 0 
3.64389 9.72377 0 
3.56199 9.70124 0 
3.49617 9.67794 0 
3.44269 9.68864 0 
3.3777 9.6643 0 
3.3006 9.65839 0 
3.23562 9.63333 0 
0.305694 9.56683 0 
0.263268 9.52403 0 
0.220841 9.48123 0 
0.176843 9.43684 0 
0.136025 9.39224 0 
0.0884213 9.34765 0 
0.0453415 9.30305 0 
0 9.25845 0 
3.17769 9.62717 0 
2.35712 9.75724 0 
2.27673 9.75159 0 
2.2204 9.75454 0 
1.99542 9.76846 0 
2.04177 9.74976 0 
2.14816 9.74979 0 
2.10002 9.7499 0 
3.11324 9.60108 0 
2.82726 9.66256 0 
3.00273 9.64578 0 
2.93843 9.61861 0 
2.88188 9.61273 0 
3.03593 9.59462 0 
2.66862 9.70928 0 
2.62559 9.7104 0 
2.76022 9.66163 0 
2.71442 9.68546 0 
2.47065 9.7103 0 
2.40681 9.71294 0 
2.54619 9.70615 0 
2.37296 9.66397 0 
0.606239 9.72503 0 
0.647456 9.72285 0 
0.519147 9.71046 0 
0.565022 9.68451 0 
0.478205 9.6697 0 
0.434792 9.63729 0 
0.403387 9.58569 0 
0.359608 9.54315 0 
1.45819 9.75836 0 
1.40174 9.77211 0 
1.33629 9.79321 0 
1.27421 9.80057 0 
1.13909 9.78383 0 
1.20815 9.78234 0 
1.11027 9.754 0 
1.53957 9.76163 0 
1.88862 9.74495 0 
1.95233 9.73019 0 
1.60587 9.775 0 
1.64835 9.76256 0 
1.7052 9.74583 0 
1.7887 9.72155 0 
1.84733 9.7064 0 
1.58289 9.73992 0 
1.05739 9.7011 0 
0.706138 9.70778 0 
0.795189 9.71943 0 
0.867415 9.70912 0 
0.914112 9.69793 0 
0.985752 9.69952 0 
0.750664 9.71361 0 
4.23321 10.3037 0 
4.1836 10.8855 0 
4.15303 10.7991 0 
4.14951 10.7553 0 
4.17343 10.8451 0 
4.15095 10.0022 0 
4.17764 10.0651 0 
4.21677 10.1276 0 
4.24314 10.1896 0 
4.26911 10.2511 0 
4.28752 10.3981 0 
4.32007 10.3427 0 
4.04153 9.90789 0 
4.11996 9.92685 0 
3.9482 9.8258 0 
4.0031 9.84529 0 
4.20163 10.9199 0 
3.84658 9.75728 0 
3.90929 9.76348 0 
4.2265 10.9625 0 
4.24351 11 0 
4.21343 10.7553 0 
4.24082 10.6638 0 
4.24689 10.6159 0 
4.24043 10.7102 0 
4.24881 10.5609 0 
4.27255 10.489 0 
4.31248 10.4575 0 
3.80335 9.68149 0 
3.75405 9.67523 0 
3.67894 9.66877 0 
3.61314 9.64705 0 
3.5319 9.62466 0 
3.4767 9.63512 0 
3.39451 9.61149 0 
3.33504 9.60514 0 
3.26991 9.58074 0 
3.20487 9.55595 0 
0.308326 9.50061 0 
0.264447 9.4635 0 
0.221861 9.42006 0 
0.182479 9.37104 0 
0.136859 9.32671 0 
0.0890721 9.28238 0 
0.0443768 9.23899 0 
0 9.19372 0 
3.15309 9.56911 0 
2.32484 9.70778 0 
2.24561 9.70096 0 
2.18133 9.70006 0 
2.01965 9.71487 0 
2.07602 9.7118 0 
2.12772 9.69991 0 
3.08862 9.54346 0 
2.79944 9.60984 0 
2.97889 9.58862 0 
2.86352 9.56281 0 
2.9146 9.56175 0 
3.01173 9.53709 0 
2.66388 9.64695 0 
2.5944 9.65768 0 
2.72272 9.61736 0 
2.32961 9.633 0 
2.50842 9.66831 0 
2.43694 9.66075 0 
2.55402 9.64142 0 
2.40275 9.61049 0 
0.608729 9.66941 0 
0.666167 9.6601 0 
0.521509 9.65391 0 
0.567383 9.62831 0 
0.482588 9.60346 0 
0.353809 9.47685 0 
0.439861 9.56145 0 
0.396835 9.51915 0 
1.49637 9.69797 0 
1.31034 9.74173 0 
1.44013 9.71103 0 
1.36481 9.7293 0 
1.26147 9.7279 0 
1.15518 9.72815 0 
1.2126 9.71407 0 
1.11413 9.68622 0 
1.53875 9.68772 0 
1.49742 9.64547 0 
1.90924 9.69191 0 
1.97386 9.67701 0 
1.62621 9.71821 0 
1.68716 9.70036 0 
1.74812 9.68251 0 
1.80604 9.66786 0 
1.86616 9.65363 0 
1.58672 9.66615 0 
1.48553 9.58986 0 
1.05199 9.6482 0 
0.723604 9.65079 0 
0.998863 9.61799 0 
0.81559 9.66986 0 
0.886045 9.65361 0 
0.929741 9.6435 0 
0.77833 9.63183 0 
4.29459 10.2969 0 
4.29691 10.6159 0 
4.20921 10.8451 0 
4.23593 10.8803 0 
4.20229 10.8031 0 
4.17417 9.93291 0 
4.21432 10.0076 0 
4.25209 10.0713 0 
4.3535 10.2857 0 
4.2792 10.1344 0 
4.30984 10.2093 0 
4.34017 10.3869 0 
4.37993 10.3479 0 
4.08191 9.86337 0 
4.14688 9.86882 0 
3.98408 9.77069 0 
4.06169 9.7883 0 
4.24762 10.9216 0 
3.88268 9.70087 0 
3.94617 9.70745 0 
4.26822 10.9625 0 
2.76136 9.56492 0 
4.28766 11 0 
4.26323 10.7598 0 
4.29151 10.7152 0 
4.29439 10.6692 0 
4.30397 10.5665 0 
4.35699 10.5156 0 
4.37098 10.4632 0 
3.85581 9.63798 0 
3.77706 9.61913 0 
3.71017 9.59934 0 
3.65291 9.60739 0 
3.56775 9.5712 0 
3.50652 9.56416 0 
3.42996 9.55783 0 
3.36948 9.55188 0 
3.30419 9.52815 0 
3.24512 9.52164 0 
3.18657 9.51569 0 
0.309575 9.44059 0 
0.267756 9.39224 0 
0.223444 9.3539 0 
0.179342 9.30532 0 
0.134506 9.26124 0 
0.0893776 9.21895 0 
0.0448354 9.17307 0 
0 9.12899 0 
3.1218 9.49096 0 
2.28761 9.66698 0 
2.2145 9.65033 0 
2.15552 9.64975 0 
2.04395 9.66113 0 
2.0961 9.64922 0 
3.03825 9.46589 0 
2.80282 9.52516 0 
2.94733 9.51078 0 
2.87463 9.50423 0 
2.96068 9.4598 0 
2.29379 9.5853 0 
2.59962 9.61453 0 
2.64262 9.60921 0 
2.69083 9.56075 0 
2.36807 9.5595 0 
2.48422 9.60413 0 
2.53587 9.59328 0 
2.45256 9.55199 0 
0.632971 9.6144 0 
0.68702 9.6041 0 
0.526036 9.58721 0 
0.583688 9.57034 0 
0.355113 9.41729 0 
0.482588 9.55515 0 
0.398274 9.4602 0 
0.439861 9.51169 0 
1.44091 9.65914 0 
1.44166 9.60759 0 
1.32789 9.6865 0 
1.3844 9.67282 0 
1.2627 9.67382 0 
1.20626 9.66272 0 
1.16019 9.67447 0 
1.12989 9.62961 0 
1.55393 9.63179 0 
1.95633 9.6323 0 
1.91124 9.64297 0 
1.65459 9.65924 0 
1.70754 9.64347 0 
1.76476 9.62931 0 
1.81865 9.62663 0 
1.88228 9.60127 0 
1.61045 9.61811 0 
1.46124 9.55147 0 
1.52941 9.57214 0 
1.06415 9.59184 0 
0.74107 9.5938 0 
1.02449 9.55956 0 
0.945737 9.58779 0 
0.830156 9.61467 0 
0.887478 9.60132 0 
0.794351 9.57572 0 
4.35075 10.6217 0 
4.25108 10.8346 0 
4.28393 10.8832 0 
4.28149 10.7992 0 
4.41145 10.2792 0 
4.22372 9.88393 0 
4.24925 9.9401 0 
4.27958 10.0135 0 
4.31922 10.0877 0 
4.38783 10.2272 0 
4.35662 10.1519 0 
4.40599 10.4093 0 
4.43011 10.3537 0 
4.11931 9.80447 0 
4.19303 9.81004 0 
4.02097 9.71404 0 
4.09722 9.73055 0 
4.29387 10.9236 0 
3.92969 9.64386 0 
3.99329 9.65003 0 
4.30995 10.9625 0 
2.71833 9.51765 0 
4.33182 11 0 
4.30905 10.7543 0 
4.33173 10.6954 0 
4.36073 10.5727 0 
4.41383 10.5221 0 
4.45277 10.4866 0 
3.88867 9.56922 0 
3.81372 9.56303 0 
3.76258 9.55651 0 
3.68812 9.55083 0 
3.60822 9.53118 0 
3.54189 9.5102 0 
3.46593 9.50338 0 
3.39979 9.48123 0 
3.34777 9.47493 0 
3.29576 9.46863 0 
3.22005 9.46226 0 
3.17578 9.44141 0 
0.311952 9.37438 0 
0.267756 9.33662 0 
0.224177 9.2923 0 
0.179905 9.24311 0 
0.134929 9.1984 0 
0.0899526 9.15369 0 
0.0448354 9.10987 0 
0 9.06427 0 
3.1315 9.42056 0 
3.07865 9.43204 0 
2.23855 9.59244 0 
2.18331 9.59959 0 
2.01032 9.58708 0 
2.12609 9.60221 0 
2.06898 9.60576 0 
2.99523 9.40729 0 
2.82167 9.46319 0 
2.75924 9.47861 0 
2.92719 9.4059 0 
2.88574 9.44565 0 
2.26898 9.51355 0 
2.33339 9.50852 0 
2.54761 9.54634 0 
2.59835 9.54088 0 
2.65542 9.50925 0 
2.4099 9.52121 0 
2.47125 9.4913 0 
2.50595 9.52569 0 
0.648389 9.56119 0 
0.703467 9.54898 0 
0.541888 9.5285 0 
0.606881 9.51936 0 
0.36852 9.35424 0 
0.41774 9.4043 0 
0.49807 9.49477 0 
0.459497 9.45532 0 
1.38812 9.61903 0 
1.40167 9.5637 0 
1.3197 9.63561 0 
1.26393 9.61975 0 
1.22042 9.60687 0 
1.17515 9.61824 0 
1.14571 9.57279 0 
1.5879 9.54978 0 
1.54639 9.53114 0 
1.95166 9.56841 0 
1.89301 9.54973 0 
1.66696 9.60444 0 
1.72347 9.59076 0 
1.77998 9.57708 0 
1.83649 9.56341 0 
1.64734 9.55672 0 
1.44315 9.50447 0 
1.50489 9.51249 0 
1.03693 9.50191 0 
1.10331 9.52918 0 
0.758546 9.53677 0 
0.984835 9.52728 0 
0.92386 9.54095 0 
0.863284 9.55521 0 
0.809167 9.51959 0 
3.66454 9.50642 0 
4.39094 10.6506 0 
4.29933 10.8376 0 
4.3205 10.8832 0 
4.32659 10.7933 0 
4.28828 9.88202 0 
4.47919 10.2965 0 
4.44856 10.2231 0 
4.25945 9.81622 0 
4.31874 9.95447 0 
4.35619 10.0276 0 
4.39203 10.0931 0 
4.4231 10.1671 0 
4.48569 10.4298 0 
4.51625 10.3605 0 
4.15727 9.74466 0 
4.23044 9.75024 0 
4.05805 9.65709 0 
4.1336 9.67143 0 
4.33306 10.9236 0 
3.95351 9.57638 0 
4.02991 9.59214 0 
4.35702 10.9606 0 
2.70136 9.45281 0 
4.37598 11 0 
4.35485 10.7475 0 
4.38413 10.6999 0 
4.44592 10.5996 0 
4.47849 10.5467 0 
4.51222 10.4919 0 
3.92564 9.51209 0 
3.85143 9.50534 0 
3.79762 9.49956 0 
3.70826 9.48138 0 
3.64097 9.46201 0 
3.57797 9.45515 0 
3.52967 9.44893 0 
3.44033 9.44233 0 
3.38942 9.42057 0 
3.31369 9.41432 0 
3.24809 9.39172 0 
3.17174 9.38535 0 
0.324152 9.30994 0 
0.278448 9.26929 0 
0.232434 9.22228 0 
0.199332 9.18453 0 
0.154355 9.13982 0 
0.130847 9.09049 0 
0.0644028 9.0504 0 
0 8.99954 0 
0.394335 9.30363 0 
3.10652 9.36144 0 
3.04753 9.35468 0 
2.20244 9.54436 0 
2.15118 9.5473 0 
2.03643 9.54789 0 
2.09402 9.55039 0 
2.22156 9.48914 0 
2.96164 9.35202 0 
3.0018 9.32569 0 
2.84106 9.40052 0 
2.75237 9.40519 0 
2.88197 9.36147 0 
2.29833 9.45698 0 
2.37662 9.4715 0 
2.55935 9.49939 0 
2.61275 9.47309 0 
2.43654 9.45691 0 
2.52178 9.46916 0 
0.65876 9.49744 0 
0.732263 9.49275 0 
0.565318 9.47748 0 
0.616299 9.45439 0 
0.426551 9.33764 0 
0.479134 9.39894 0 
0.513553 9.43439 0 
1.38205 9.51598 0 
1.33534 9.57891 0 
1.26342 9.54398 0 
1.18197 9.53438 0 
1.62772 9.509 0 
1.56535 9.48145 0 
1.87249 9.50844 0 
1.99622 9.49852 0 
1.9348 9.50026 0 
1.69961 9.53811 0 
1.75723 9.52822 0 
1.81197 9.50376 0 
1.67575 9.48547 0 
1.36668 9.46528 0 
1.44142 9.44964 0 
1.50409 9.45028 0 
1.00449 9.47007 0 
1.08902 9.47655 0 
1.14034 9.49144 0 
0.776772 9.4773 0 
0.942965 9.48403 0 
0.859788 9.50241 0 
0.825781 9.46144 0 
4.44804 10.6566 0 
4.34815 10.8413 0 
4.35706 10.8832 0 
4.37686 10.7977 0 
4.35867 9.89427 0 
4.32805 9.82284 0 
4.52359 10.2375 0 
4.54609 10.3032 0 
4.48852 10.1715 0 
4.29847 9.75597 0 
4.39257 9.96095 0 
4.42185 10.0275 0 
4.45935 10.1053 0 
4.54719 10.4351 0 
4.57619 10.3761 0 
4.19416 9.67809 0 
4.26492 9.68897 0 
4.08954 9.59875 0 
4.16511 9.61174 0 
4.38338 10.9194 0 
3.99396 9.527 0 
4.06094 9.5331 0 
4.40266 10.9618 0 
2.60954 9.42087 0 
2.66073 9.41582 0 
4.42014 11 0 
4.40669 10.7524 0 
4.46266 10.7055 0 
4.49171 10.6566 0 
4.5034 10.6057 0 
4.53819 10.553 0 
4.56273 10.4982 0 
3.96339 9.45374 0 
3.89759 9.4476 0 
3.82398 9.44124 0 
3.7597 9.43581 0 
3.6779 9.40694 0 
3.61832 9.41219 0 
3.55168 9.39296 0 
3.47604 9.38712 0 
3.40968 9.36634 0 
3.34862 9.35965 0 
3.28289 9.3377 0 
3.20679 9.33135 0 
3.14648 9.32558 0 
0.456983 9.29161 0 
0.350928 9.26009 0 
0.3067 9.21992 0 
0.24069 9.15227 0 
0.188774 9.09614 0 
0.128806 9.03653 0 
0.0650486 8.98534 0 
0 8.93481 0 
0.413947 9.2468 0 
3.08736 9.31928 0 
3.04196 9.29936 0 
2.17031 9.49208 0 
2.11905 9.49502 0 
2.06254 9.5087 0 
2.02818 9.44885 0 
2.22831 9.40433 0 
2.18471 9.44007 0 
2.27946 9.37603 0 
2.99655 9.27943 0 
2.93694 9.29497 0 
2.80338 9.35757 0 
2.73311 9.35684 0 
2.85439 9.30995 0 
2.35627 9.39346 0 
2.39641 9.42519 0 
2.55639 9.42774 0 
2.45885 9.37394 0 
2.50762 9.40084 0 
0.750489 9.43327 0 
0.70598 9.44872 0 
0.556871 9.4143 0 
0.63308 9.39472 0 
0.493098 9.33247 0 
0.529213 9.37332 0 
0.51103 9.27278 0 
1.30229 9.50794 0 
1.24943 9.49247 0 
1.2004 9.47794 0 
1.32152 9.45189 0 
1.61439 9.45033 0 
1.5444 9.42959 0 
1.85197 9.46716 0 
1.91071 9.46105 0 
1.96944 9.45495 0 
1.73449 9.47936 0 
1.80031 9.45243 0 
1.67248 9.43392 0 
1.43969 9.39482 0 
1.38286 9.40659 0 
1.48975 9.38108 0 
1.5398 9.36735 0 
1.02444 9.412 0 
0.962469 9.42592 0 
1.10153 9.41855 0 
1.15831 9.43478 0 
0.912505 9.40983 0 
0.794998 9.41783 0 
0.874789 9.44557 0 
0.950221 9.37409 0 
4.42343 10.7924 0 
4.39769 10.8456 0 
4.43198 9.90064 0 
4.55684 10.1768 0 
4.40166 9.83286 0 
4.36909 9.76499 0 
4.59005 10.2441 0 
4.62111 10.315 0 
4.52589 10.1062 0 
4.3387 9.69706 0 
4.46223 9.96833 0 
4.4966 10.0418 0 
4.61963 10.4413 0 
4.64684 10.3821 0 
4.23418 9.61784 0 
4.30765 9.62681 0 
4.13442 9.53979 0 
4.20088 9.5507 0 
4.43065 10.9216 0 
4.44617 10.8764 0 
4.03218 9.46729 0 
4.10032 9.47326 0 
4.4437 10.9618 0 
2.60632 9.36864 0 
2.6574 9.34065 0 
4.4643 11 0 
4.64217 10.5151 0 
4.46985 10.7844 0 
4.50124 10.7353 0 
4.5342 10.6838 0 
4.586 10.6301 0 
4.61787 10.5739 0 
4.00329 9.40133 0 
3.92787 9.38838 0 
3.8612 9.38284 0 
3.79335 9.36713 0 
3.71591 9.35026 0 
3.65445 9.35533 0 
3.57595 9.33687 0 
3.51262 9.33055 0 
3.44578 9.31097 0 
3.3791 9.2907 0 
3.32269 9.2985 0 
3.11579 9.24834 0 
3.25709 9.2769 0 
3.18143 9.27073 0 
0.476914 9.23438 0 
0.370416 9.20295 0 
0.326173 9.16157 0 
0.282362 9.11544 0 
0.249148 9.08055 0 
0.193208 9.02266 0 
0.130097 8.97114 0 
0.0645018 8.92054 0 
0 8.87009 0 
0.433558 9.18996 0 
3.04646 9.24516 0 
2.13582 9.44141 0 
2.08692 9.44274 0 
1.99303 9.40088 0 
2.05413 9.38937 0 
2.22701 9.35213 0 
2.16202 9.35882 0 
2.32353 9.33955 0 
2.27457 9.31913 0 
2.9706 9.2069 0 
2.90779 9.23881 0 
2.71385 9.3085 0 
2.7703 9.27634 0 
2.82675 9.24419 0 
2.39415 9.33649 0 
2.44544 9.32672 0 
2.54777 9.35274 0 
2.49997 9.32516 0 
0.753413 9.38386 0 
0.70886 9.39617 0 
0.590003 9.3503 0 
0.667224 9.35291 0 
0.545147 9.31118 0 
0.539319 9.22616 0 
1.26404 9.43484 0 
1.19463 9.39709 0 
1.31592 9.36829 0 
1.62335 9.3944 0 
1.58605 9.35291 0 
1.87083 9.4239 0 
1.93193 9.41239 0 
1.84673 9.38468 0 
1.73056 9.41751 0 
1.78864 9.40109 0 
1.67741 9.37396 0 
1.9629 9.35186 0 
1.36105 9.33667 0 
1.43796 9.33999 0 
1.50251 9.32586 0 
1.56706 9.31174 0 
1.0832 9.35645 0 
1.01093 9.36074 0 
1.15073 9.35162 0 
0.813224 9.35835 0 
0.865744 9.36523 0 
0.939216 9.3229 0 
4.43976 10.8314 0 
4.69125 10.3207 0 
4.62868 10.1831 0 
4.50355 9.90781 0 
4.47227 9.83899 0 
4.5974 10.1143 0 
4.44099 9.77017 0 
4.4097 9.70134 0 
4.65997 10.2519 0 
4.56612 10.0455 0 
4.37842 9.63252 0 
4.53483 9.97664 0 
4.55706 10.7404 0 
4.72253 10.3896 0 
4.68031 10.4488 0 
4.27526 9.55881 0 
4.34714 9.5637 0 
4.17346 9.47984 0 
4.246 9.48873 0 
4.49074 10.8355 0 
4.46842 10.9216 0 
4.48742 10.878 0 
4.07565 9.40661 0 
4.14027 9.41258 0 
4.48474 10.9618 0 
2.60372 9.29014 0 
2.65686 9.26443 0 
4.50846 11 0 
4.71563 10.5204 0 
4.66938 10.5794 0 
4.55006 10.7891 0 
4.6115 10.6894 0 
4.65901 10.6358 0 
4.0416 9.33985 0 
3.96668 9.329 0 
3.89737 9.31555 0 
3.83317 9.31775 0 
3.75393 9.29357 0 
3.68857 9.28641 0 
3.61345 9.28012 0 
3.54921 9.27398 0 
3.49425 9.25511 0 
3.4195 9.24874 0 
3.35744 9.24305 0 
3.29151 9.22246 0 
3.13552 9.19409 0 
3.21144 9.20092 0 
0.504844 9.18694 0 
0.390216 9.14489 0 
0.346235 9.10146 0 
0.310998 9.0643 0 
0.257611 9.00879 0 
0.193208 8.96126 0 
0.129004 8.90627 0 
0.0645018 8.85695 0 
0 8.80536 0 
0.470368 9.14772 0 
3.03341 9.17498 0 
3.00029 9.14238 0 
2.10807 9.3741 0 
2.02098 9.33544 0 
2.12554 9.30606 0 
2.19101 9.2992 0 
2.35705 9.28483 0 
2.29924 9.2747 0 
2.22413 9.26482 0 
2.86084 9.18611 0 
2.92274 9.15546 0 
2.71001 9.23873 0 
2.81199 9.19957 0 
2.76315 9.21303 0 
2.43203 9.27951 0 
2.48088 9.27312 0 
2.52972 9.26674 0 
0.756337 9.33445 0 
0.710383 9.32 0 
0.625418 9.30961 0 
0.645692 9.25297 0 
0.588719 9.23571 0 
0.55995 9.16694 0 
1.20228 9.32746 0 
1.23771 9.36367 0 
1.29399 9.31674 0 
1.33745 9.29775 0 
1.6323 9.33847 0 
1.89142 9.33645 0 
1.82664 9.33696 0 
1.68235 9.314 0 
1.76186 9.33746 0 
1.98784 9.28151 0 
1.92674 9.28801 0 
1.38092 9.27877 0 
1.45679 9.28071 0 
1.52299 9.2651 0 
1.58118 9.26728 0 
1.0019 9.30844 0 
1.11586 9.2928 0 
1.06487 9.29435 0 
1.16685 9.29125 0 
0.831597 9.2984 0 
0.878008 9.30366 0 
0.921126 9.27002 0 
0.9826 9.25684 0 
4.60305 10.7404 0 
4.75382 10.4584 0 
4.31585 9.49488 0 
4.53167 10.8379 0 
4.28457 9.42605 0 
4.2132 9.4188 0 
4.52868 10.8796 0 
4.51562 10.9244 0 
4.11341 9.34524 0 
4.18259 9.35073 0 
4.5325 10.9589 0 
2.54931 9.21982 0 
2.59874 9.22947 0 
2.63559 9.1881 0 
4.5726 10.8404 0 
4.55262 11 0 
4.7851 10.5272 0 
4.74477 10.5867 0 
4.70656 10.643 0 
4.61345 10.8206 0 
4.64833 10.7477 0 
4.67611 10.7135 0 
4.07933 9.27457 0 
4.00644 9.26817 0 
3.94321 9.26289 0 
3.8622 9.25 0 
3.79485 9.24397 0 
3.72608 9.22919 0 
3.66105 9.22238 0 
3.58334 9.20548 0 
3.52966 9.19922 0 
3.31359 9.1668 0 
3.45163 9.18028 0 
3.39301 9.1863 0 
3.09623 9.14307 0 
3.25132 9.16103 0 
3.17122 9.13984 0 
0.517426 9.11805 0 
0.422922 9.09838 0 
0.373788 9.04775 0 
0.322014 8.99492 0 
0.257611 8.9485 0 
0.195146 8.89561 0 
0.129004 8.84381 0 
0.0646046 8.79067 0 
0 8.74063 0 
0.474356 9.07173 0 
3.04654 9.09417 0 
2.97571 9.09586 0 
2.02001 9.24073 0 
2.07284 9.29111 0 
2.16722 9.22279 0 
2.12758 9.24516 0 
2.39058 9.2301 0 
2.32392 9.23027 0 
2.25726 9.23044 0 
2.43723 9.19203 0 
2.82601 9.1288 0 
2.88989 9.09954 0 
2.69695 9.18131 0 
2.74606 9.15722 0 
2.49142 9.21579 0 
0.750021 9.28384 0 
0.697856 9.26841 0 
0.684122 9.21324 0 
0.639721 9.16617 0 
0.593789 9.12149 0 
1.22811 9.27686 0 
1.30911 9.25714 0 
1.35514 9.23842 0 
1.64337 9.26057 0 
1.86564 9.2945 0 
1.79355 9.29635 0 
1.70197 9.26613 0 
1.88979 9.24112 0 
1.95433 9.227 0 
1.40118 9.2197 0 
1.47621 9.21958 0 
1.60306 9.20582 0 
1.53964 9.2127 0 
1.04468 9.24321 0 
1.14022 9.23919 0 
1.09245 9.2412 0 
1.19269 9.2274 0 
0.807391 9.21859 0 
0.850584 9.23645 0 
0.936891 9.21029 0 
0.999006 9.19742 0 
4.25329 9.35723 0 
4.56793 10.8851 0 
4.56346 10.9278 0 
4.14995 9.28091 0 
4.222 9.28841 0 
4.5785 10.9604 0 
2.5689 9.1729 0 
2.60479 9.11646 0 
2.65703 9.11092 0 
4.60965 10.8706 0 
4.59678 11 0 
4.66576 10.8731 0 
4.81638 10.596 0 
4.77526 10.659 0 
4.73673 10.718 0 
4.65916 10.8023 0 
4.69507 10.7552 0 
4.11931 9.21278 0 
4.04633 9.20714 0 
3.98111 9.20129 0 
3.90171 9.19061 0 
3.83175 9.17753 0 
3.76444 9.17066 0 
3.7064 9.16464 0 
3.6241 9.15817 0 
3.56609 9.14172 0 
3.28318 9.09117 0 
3.4917 9.13574 0 
3.34999 9.11071 0 
3.4247 9.11754 0 
3.13127 9.08758 0 
3.20747 9.08475 0 
0.537903 9.05925 0 
0.436871 9.03278 0 
0.386417 8.98105 0 
0.325243 8.92855 0 
0.258007 8.87773 0 
0.191865 8.82706 0 
0.129209 8.77599 0 
0 8.6759 0 
0.0646046 8.7271 0 
0.500271 9.01811 0 
3.09132 9.03532 0 
2.87129 9.04037 0 
2.95113 9.04935 0 
3.01764 9.04103 0 
1.99698 9.19012 0 
2.05219 9.19994 0 
2.22363 9.17507 0 
2.16983 9.16272 0 
2.11773 9.19147 0 
2.34905 9.1806 0 
2.24304 9.12622 0 
2.28634 9.17784 0 
2.39943 9.13707 0 
2.45148 9.13014 0 
2.779 9.09811 0 
2.81811 9.06599 0 
2.70928 9.10537 0 
2.50353 9.12322 0 
0.74576 9.19839 0 
0.701545 9.15129 0 
0.65657 9.10377 0 
0.587429 9.0487 0 
1.24517 9.21561 0 
1.29523 9.1875 0 
1.37014 9.18681 0 
1.72158 9.21826 0 
1.66648 9.19894 0 
1.82524 9.25524 0 
1.76776 9.24714 0 
1.85398 9.18703 0 
1.92017 9.17141 0 
1.42168 9.15995 0 
1.49569 9.15828 0 
1.61436 9.12553 0 
1.55633 9.16016 0 
0.792495 9.16793 0 
1.06184 9.18345 0 
1.15344 9.17789 0 
1.10615 9.17422 0 
1.1997 9.16827 0 
0.902913 9.17863 0 
0.847704 9.17328 0 
0.952657 9.15056 0 
0.998468 9.14161 0 
4.60604 10.9182 0 
4.19072 9.21959 0 
4.62501 10.9623 0 
2.56966 9.07703 0 
2.64068 9.06003 0 
4.65542 10.9217 0 
4.64094 11 0 
3.05137 8.98306 0 
4.70457 10.8524 0 
4.73001 10.9074 0 
4.84766 10.6649 0 
4.81098 10.7243 0 
4.777 10.7794 0 
4.74546 10.8306 0 
4.15944 9.15076 0 
4.08864 9.14461 0 
4.01903 9.13965 0 
3.94733 9.13432 0 
3.87125 9.11862 0 
3.80491 9.11849 0 
3.7361 9.10534 0 
3.66187 9.09977 0 
3.26085 9.04207 0 
3.59361 9.08422 0 
3.52874 9.07778 0 
3.32332 9.04802 0 
3.46121 9.06085 0 
3.38639 9.05462 0 
3.1764 9.02292 0 
0.558764 8.99934 0 
0.45082 8.96718 0 
0.390292 8.91435 0 
0.322509 8.86346 0 
0.258007 8.81753 0 
0.195485 8.76498 0 
0.129209 8.71357 0 
0 8.61118 0 
0.0647113 8.66079 0 
0.515223 8.95331 0 
3.12596 8.97747 0 
2.83953 8.99946 0 
2.8912 8.99122 0 
2.97767 8.98913 0 
1.95807 9.13831 0 
2.01478 9.14582 0 
2.0807 9.13703 0 
2.18995 9.11962 0 
2.13434 9.10973 0 
2.20894 9.07009 0 
2.26244 9.07737 0 
2.34438 9.12106 0 
2.29371 9.12364 0 
2.37947 9.08605 0 
2.4695 9.06652 0 
2.41455 9.05104 0 
2.74205 9.04528 0 
2.78786 9.0077 0 
2.68791 9.02066 0 
2.53453 9.03759 0 
0.750567 9.12302 0 
0.708298 9.0781 0 
0.673734 9.0402 0 
0.632817 8.98843 0 
1.26239 9.15374 0 
1.32534 9.13939 0 
1.38854 9.12524 0 
1.73825 9.16579 0 
1.6737 9.10915 0 
1.79889 9.16766 0 
1.8253 9.11383 0 
1.88657 9.13676 0 
1.44218 9.1002 0 
1.51516 9.09699 0 
1.63961 9.06766 0 
1.57543 9.07815 0 
0.813826 9.10972 0 
1.06271 9.12727 0 
1.12712 9.11318 0 
1.21627 9.10622 0 
0.859621 9.10007 0 
0.915366 9.11611 0 
0.968422 9.09083 0 
1.01851 9.08029 0 
4.6642 10.9623 0 
2.59956 9.00866 0 
4.75321 10.9574 0 
4.70656 10.9558 0 
4.6851 11 0 
3.06222 8.9141 0 
3.0105 8.92958 0 
4.76916 10.8845 0 
4.79036 10.9333 0 
4.87895 10.7337 0 
4.83908 10.7885 0 
4.80258 10.8386 0 
4.12815 9.08194 0 
4.05614 9.07487 0 
3.98527 9.06904 0 
3.91143 9.0587 0 
3.84355 9.05768 0 
3.76816 9.04596 0 
3.23448 8.99794 0 
3.7006 9.03988 0 
3.63153 9.02605 0 
3.29256 8.97297 0 
3.56301 9.01072 0 
3.50119 9.01367 0 
3.35936 8.99146 0 
3.43391 8.99716 0 
3.18928 8.94924 0 
0.579625 8.93944 0 
0.455341 8.90015 0 
0.387011 8.84919 0 
0.322509 8.80439 0 
0.260647 8.75152 0 
0 8.54645 0 
0.193814 8.70004 0 
0.128095 8.64869 0 
0.0647113 8.59724 0 
0.515223 8.89747 0 
3.11394 8.89863 0 
2.84237 8.94596 0 
2.91111 8.94206 0 
1.91916 9.0865 0 
1.97709 9.0913 0 
2.04308 9.08172 0 
2.09833 9.05595 0 
2.15544 9.0628 0 
2.19239 9.02211 0 
2.26454 9.01632 0 
2.32271 9.02552 0 
2.37813 8.99708 0 
2.47727 8.99925 0 
2.76503 8.92578 0 
2.72124 8.95636 0 
2.66722 8.93829 0 
2.54673 8.94933 0 
0.781639 9.07507 0 
0.729752 9.01817 0 
0.691082 8.97595 0 
0.644028 8.92557 0 
1.27039 9.0815 0 
1.33447 9.06731 0 
1.40719 9.06283 0 
1.73303 9.09277 0 
1.69598 9.04046 0 
1.79237 9.07639 0 
1.85171 9.06001 0 
1.4631 9.03922 0 
1.53518 9.03398 0 
1.60552 9.02618 0 
0.835394 9.05087 0 
1.08337 9.06572 0 
1.1483 9.05155 0 
1.23322 9.04278 0 
0.886028 9.04014 0 
0.935444 9.03435 0 
0.984859 9.02856 0 
1.03918 9.01704 0 
2.59733 8.94754 0 
4.77342 11 0 
2.49612 8.95112 0 
4.72926 11 0 
2.9695 8.87595 0 
3.0433 8.86868 0 
2.80883 8.89521 0 
4.81758 11 0 
4.83274 10.9144 0 
4.85182 10.9645 0 
4.91023 10.8025 0 
4.86891 10.8622 0 
4.09687 9.01312 0 
4.02583 9.00819 0 
3.95178 8.99853 0 
3.88174 8.99169 0 
3.80801 8.98563 0 
3.73933 8.98 0 
3.25261 8.92102 0 
3.67683 8.96691 0 
3.60341 8.96092 0 
3.31828 8.91635 0 
3.5266 8.94627 0 
3.4704 8.93942 0 
3.39328 8.92272 0 
3.1633 8.88385 0 
3.21266 8.86906 0 
0.579625 8.88471 0 
0.451513 8.83492 0 
0.387011 8.79125 0 
0 8.48172 0 
0.323023 8.73193 0 
0.25619 8.6816 0 
0.0647113 8.53368 0 
0.192143 8.63509 0 
0.129423 8.5833 0 
0.520389 8.83028 0 
3.08207 8.8352 0 
2.89688 8.88422 0 
1.9394 9.03678 0 
2.01313 9.0124 0 
2.06231 9.00218 0 
2.12094 9.00599 0 
2.17583 8.97414 0 
2.22462 8.96396 0 
2.28435 8.96974 0 
2.34171 8.94311 0 
2.40047 8.95152 0 
2.45584 8.91671 0 
2.72601 8.88852 0 
2.62899 8.88362 0 
2.56338 8.89816 0 
2.51498 8.90299 0 
0.793587 9.00436 0 
0.754852 8.96176 0 
0.708431 8.9117 0 
0.644028 8.87195 0 
1.29735 9.02819 0 
1.37156 9.01086 0 
1.42615 8.99937 0 
1.68591 8.98672 0 
1.75122 8.99474 0 
1.81653 9.00277 0 
1.90097 8.98118 0 
1.48424 8.97761 0 
1.55529 8.97066 0 
1.6206 8.97869 0 
0.857476 8.99061 0 
1.1046 9.00245 0 
1.19376 8.99099 0 
1.25024 8.97903 0 
0.941206 8.98639 0 
1.00131 8.96622 0 
1.06684 8.95177 0 
2.92851 8.82231 0 
3.00155 8.81373 0 
2.7492 8.83739 0 
2.81931 8.83896 0 
4.89182 10.9644 0 
4.86174 11 0 
4.91009 10.922 0 
4.94151 10.8713 0 
4.06559 8.9443 0 
3.99339 8.93843 0 
3.9216 8.93087 0 
3.85198 8.92461 0 
3.77746 8.91387 0 
3.7143 8.90778 0 
3.27098 8.86467 0 
3.63949 8.89429 0 
3.57515 8.89567 0 
3.35614 8.85882 0 
3.49864 8.88167 0 
3.43347 8.87513 0 
3.24747 8.79259 0 
3.13275 8.76516 0 
3.17271 8.81711 0 
0.580517 8.80638 0 
0.451513 8.77812 0 
0 8.417 0 
0.387628 8.71725 0 
0.0648223 8.46736 0 
0.320238 8.66684 0 
0.258845 8.61544 0 
0.129423 8.52092 0 
0.194134 8.56935 0 
0.51164 8.75535 0 
3.0502 8.77177 0 
2.87184 8.79154 0 
1.97369 8.95855 0 
2.02581 8.94766 0 
2.08616 8.94873 0 
2.13253 8.92252 0 
2.1847 8.91159 0 
2.24598 8.91396 0 
2.70626 8.80255 0 
2.30529 8.88915 0 
2.36542 8.89312 0 
2.41557 8.88231 0 
2.47269 8.85015 0 
2.6491 8.83764 0 
2.58002 8.84698 0 
2.52107 8.84002 0 
0.815412 8.94416 0 
0.772834 8.89783 0 
0.715535 8.84336 0 
0.645019 8.79211 0 
1.31507 8.96457 0 
1.37469 8.94413 0 
1.44511 8.93591 0 
1.68253 8.91572 0 
1.74869 8.9415 0 
1.80039 8.92836 0 
1.86227 8.9252 0 
1.92873 8.91361 0 
1.50537 8.91601 0 
1.5754 8.90735 0 
1.63232 8.90099 0 
1.67112 8.86526 0 
0.879558 8.93035 0 
1.12584 8.93919 0 
1.19136 8.92624 0 
1.26743 8.91465 0 
0.954194 8.92118 0 
1.01777 8.90388 0 
1.08057 8.89041 0 
2.95943 8.7583 0 
2.77239 8.78627 0 
4.93182 10.9644 0 
4.9059 11 0 
4.97233 10.9391 0 
4.03431 8.87547 0 
3.96231 8.86876 0 
3.89382 8.86316 0 
3.81858 8.85746 0 
3.74812 8.84721 0 
3.67959 8.84169 0 
3.32045 8.79388 0 
3.61078 8.82866 0 
3.53718 8.82229 0 
3.39399 8.80129 0 
3.46827 8.808 0 
3.12907 8.70964 0 
3.07335 8.70829 0 
3.27585 8.74892 0 
3.21207 8.73072 0 
0.580517 8.75184 0 
0.456132 8.71114 0 
0 8.35227 0 
0.0648223 8.40383 0 
0.387628 8.65944 0 
0.128287 8.45604 0 
0.323557 8.60032 0 
0.258845 8.55541 0 
0.192431 8.5044 0 
0.521294 8.69768 0 
3.01762 8.70694 0 
2.91668 8.70204 0 
2.83276 8.73187 0 
1.98889 8.89253 0 
2.05077 8.89046 0 
2.1432 8.85715 0 
2.21285 8.84519 0 
2.26782 8.83361 0 
2.66332 8.76771 0 
2.72548 8.73357 0 
2.38412 8.82271 0 
2.32997 8.83407 0 
2.43035 8.79726 0 
2.4829 8.78621 0 
2.61303 8.77827 0 
2.54394 8.78889 0 
0.837237 8.88396 0 
0.780584 8.82916 0 
0.70952 8.77784 0 
0.645019 8.7387 0 
1.32929 8.89586 0 
1.4037 8.8841 0 
1.46446 8.87116 0 
1.74616 8.88825 0 
1.88189 8.85689 0 
1.82358 8.86923 0 
1.95196 8.83739 0 
1.52701 8.85294 0 
1.59608 8.84226 0 
1.64398 8.82109 0 
1.71953 8.82069 0 
0.901639 8.87009 0 
1.14707 8.87592 0 
1.21335 8.86223 0 
1.28491 8.84922 0 
0.967183 8.85597 0 
1.03422 8.84154 0 
1.10126 8.8271 0 
2.77912 8.73272 0 
4.95006 11 0 
5 11 0 
3.17667 8.66884 0 
4.00302 8.80665 0 
3.93156 8.8005 0 
3.85871 8.79541 0 
3.78775 8.78644 0 
3.71741 8.77567 0 
3.64891 8.76946 0 
3.35289 8.74429 0 
3.57571 8.76291 0 
3.50881 8.75689 0 
3.44263 8.75161 0 
3.31179 8.68729 0 
3.12076 8.6488 0 
3.05137 8.65933 0 
3.24906 8.66399 0 
0.586456 8.68422 0 
0.452232 8.64591 0 
0 8.28754 0 
0.0649376 8.33746 0 
0.128487 8.38811 0 
0.388268 8.58521 0 
0.192431 8.4432 0 
0.323557 8.54147 0 
0.256574 8.49039 0 
0.51238 8.62257 0 
2.98494 8.64191 0 
2.92408 8.63517 0 
2.86411 8.66192 0 
2.80253 8.65751 0 
2.01538 8.8322 0 
2.10155 8.80251 0 
2.16643 8.79829 0 
2.22985 8.77735 0 
2.29453 8.77501 0 
2.73149 8.66948 0 
2.63136 8.70613 0 
2.67841 8.68071 0 
2.35191 8.76167 0 
2.44342 8.73055 0 
2.51324 8.71812 0 
2.57627 8.71777 0 
0.837237 8.83367 0 
0.774022 8.76357 0 
0.70952 8.72556 0 
0.646046 8.65851 0 
1.35122 8.83472 0 
1.42009 8.8195 0 
1.48398 8.80582 0 
1.78404 8.81203 0 
1.91437 8.78126 0 
1.85335 8.79425 0 
1.97945 8.77303 0 
1.55272 8.79066 0 
1.61683 8.77693 0 
1.67378 8.77048 0 
1.74433 8.75459 0 
0.901639 8.82091 0 
1.1683 8.81266 0 
1.23535 8.79822 0 
1.30239 8.78378 0 
0.967183 8.80793 0 
1.0453 8.77138 0 
1.11301 8.7566 0 
3.20284 8.62067 0 
3.97174 8.73783 0 
3.89958 8.73221 0 
3.8278 8.725 0 
3.75687 8.7156 0 
3.68922 8.71366 0 
3.61978 8.70309 0 
3.39851 8.69063 0 
3.54692 8.69707 0 
3.47816 8.68384 0 
3.30128 8.62384 0 
3.35439 8.62965 0 
3.15415 8.58231 0 
3.07989 8.59345 0 
3.22902 8.57251 0 
0.576428 8.60781 0 
0.448333 8.58067 0 
0 8.22282 0 
0.0649376 8.27396 0 
0.128487 8.32578 0 
0.19273 8.37367 0 
0.388268 8.52753 0 
0.256574 8.43036 0 
0.320718 8.47637 0 
0.51238 8.56706 0 
2.98301 8.55006 0 
2.88716 8.57661 0 
2.83053 8.58866 0 
2.75955 8.60128 0 
2.05989 8.74787 0 
2.12637 8.74006 0 
2.19188 8.72109 0 
2.25838 8.71478 0 
2.34282 8.68791 0 
2.68889 8.61417 0 
2.59891 8.6436 0 
2.40394 8.67488 0 
2.46944 8.66894 0 
2.53896 8.65636 0 
0.838524 8.7493 0 
0.774022 8.71242 0 
0.710651 8.64382 0 
0.640475 8.59305 0 
1.36943 8.76935 0 
1.43647 8.75491 0 
1.50351 8.74047 0 
1.81124 8.7409 0 
1.95206 8.70742 0 
1.87654 8.72477 0 
2.01824 8.69323 0 
1.57055 8.72603 0 
1.63759 8.71159 0 
1.70463 8.69716 0 
1.77167 8.68272 0 
0.903026 8.73503 0 
1.18073 8.74182 0 
1.30927 8.7271 0 
1.24844 8.72704 0 
1.04091 8.71517 0 
0.96937 8.72036 0 
1.10834 8.70094 0 
3.94046 8.669 0 
3.86963 8.66259 0 
3.79748 8.65719 0 
3.72368 8.64835 0 
3.65835 8.64207 0 
3.58393 8.63105 0 
3.43238 8.62083 0 
3.51021 8.62467 0 
3.31027 8.56867 0 
3.37796 8.58389 0 
3.03902 8.53809 0 
3.17585 8.53076 0 
3.10319 8.54042 0 
3.26496 8.50605 0 
0.582402 8.53986 0 
0 8.15809 0 
0.452979 8.51359 0 
0.0643471 8.20915 0 
0.128694 8.25777 0 
0.19273 8.31254 0 
0.256973 8.35923 0 
0.388268 8.46985 0 
0.324111 8.40989 0 
0.517691 8.49965 0 
2.99815 8.48274 0 
2.93399 8.49651 0 
2.84994 8.51756 0 
2.78679 8.53109 0 
2.71351 8.54982 0 
2.08632 8.68182 0 
2.15391 8.66483 0 
2.222 8.65418 0 
2.36446 8.61922 0 
2.2875 8.6396 0 
2.64629 8.55885 0 
2.56646 8.58107 0 
2.43204 8.60875 0 
2.50164 8.59495 0 
0.831416 8.68365 0 
0.781941 8.64385 0 
0.710651 8.59178 0 
0.647114 8.52474 0 
1.38386 8.69748 0 
1.45158 8.6827 0 
1.51929 8.66792 0 
1.83871 8.66828 0 
1.97658 8.63859 0 
1.90691 8.65359 0 
2.04626 8.62358 0 
1.98754 8.58597 0 
1.67967 8.64979 0 
1.587 8.65314 0 
1.72243 8.62358 0 
1.79014 8.6088 0 
0.903026 8.68615 0 
1.1708 8.67579 0 
1.31615 8.67043 0 
1.23794 8.66094 0 
1.03651 8.65896 0 
0.961152 8.65455 0 
1.10366 8.64528 0 
3.20065 8.48126 0 
3.90917 8.60018 0 
3.83737 8.59304 0 
3.76714 8.58934 0 
3.69374 8.58105 0 
3.62458 8.57517 0 
3.54975 8.56458 0 
3.45748 8.57276 0 
3.43367 8.51461 0 
3.3403 8.49411 0 
3.06639 8.47611 0 
3.13888 8.4635 0 
3.22546 8.43176 0 
3.29342 8.4296 0 
0.582402 8.48571 0 
0 8.09336 0 
0.0650577 8.14407 0 
0.452979 8.45709 0 
0.128694 8.19549 0 
0.193041 8.24289 0 
0.25975 8.29304 0 
0.321216 8.34479 0 
0.388934 8.39553 0 
0.513148 8.43433 0 
3.0296 8.41181 0 
2.95728 8.42738 0 
2.88497 8.44296 0 
2.81272 8.45852 0 
2.74304 8.47352 0 
2.67337 8.48853 0 
2.11594 8.60858 0 
2.18562 8.59357 0 
2.2553 8.57856 0 
2.39465 8.54855 0 
2.32498 8.56356 0 
2.60369 8.50353 0 
2.53401 8.51854 0 
2.46433 8.53355 0 
0.847103 8.63039 0 
0.775256 8.57824 0 
0.711825 8.50963 0 
0.647114 8.47177 0 
1.4119 8.63664 0 
1.50652 8.60152 0 
1.57366 8.58667 0 
1.85785 8.59402 0 
1.92812 8.57869 0 
2.06887 8.54796 0 
1.9985 8.53336 0 
1.65472 8.60241 0 
1.64081 8.53587 0 
1.84224 8.52725 0 
1.74905 8.5655 0 
1.37223 8.59057 0 
0.912264 8.61693 0 
0.872441 8.58285 0 
1.16088 8.60977 0 
1.30509 8.60425 0 
1.22745 8.59484 0 
1.04782 8.58893 0 
0.971615 8.5845 0 
1.11566 8.57492 0 
3.87789 8.53136 0 
3.80655 8.52472 0 
3.73398 8.51904 0 
3.66283 8.51034 0 
3.58976 8.50378 0 
3.51011 8.50692 0 
3.3954 8.45958 0 
3.47047 8.44926 0 
3.35713 8.40454 0 
3.10192 8.39623 0 
3.17423 8.38066 0 
3.24655 8.36509 0 
3.31886 8.34951 0 
0.577292 8.42031 0 
0 8.02864 0 
0.0644551 8.07926 0 
0.130115 8.13005 0 
0.449005 8.39184 0 
0.193041 8.18183 0 
0.25975 8.2332 0 
0.324688 8.27823 0 
0.388934 8.33799 0 
0.518578 8.36679 0 
3.06411 8.33073 0 
2.99107 8.33397 0 
2.91802 8.34864 0 
2.84498 8.36332 0 
2.77264 8.39435 0 
2.70226 8.40971 0 
2.63189 8.40612 0 
2.28 8.50188 0 
2.13925 8.5326 0 
2.20963 8.51724 0 
2.42076 8.47116 0 
2.35038 8.46267 0 
2.56151 8.42026 0 
2.49113 8.4558 0 
0.832618 8.54878 0 
0.76857 8.51264 0 
0.711825 8.45782 0 
0.641435 8.4063 0 
1.43938 8.5769 0 
1.49375 8.53512 0 
2.12127 8.46552 0 
1.58172 8.51336 0 
1.91191 8.51184 0 
1.9817 8.46643 0 
2.05148 8.45222 0 
1.85265 8.47389 0 
1.70795 8.52219 0 
1.67604 8.47692 0 
1.77509 8.50851 0 
1.34005 8.54932 0 
1.38698 8.51887 0 
0.896665 8.53402 0 
1.18349 8.56091 0 
1.25132 8.5469 0 
1.03887 8.52303 0 
0.963237 8.51868 0 
1.10612 8.50894 0 
2.7258 8.35989 0 
3.84661 8.46254 0 
3.77465 8.45638 0 
3.7036 8.45115 0 
3.63371 8.44629 0 
3.54767 8.44197 0 
3.44082 8.3764 0 
3.50558 8.38017 0 
3.39118 8.33394 0 
3.13715 8.31479 0 
3.21019 8.28995 0 
3.28323 8.27528 0 
3.35627 8.26061 0 
0.577292 8.36616 0 
0 7.96391 0 
0.0638525 8.01446 0 
0.130115 8.06781 0 
0.195173 8.11603 0 
0.449703 8.3159 0 
0.255026 8.16297 0 
0.324688 8.21961 0 
0.389626 8.26342 0 
0.513946 8.30146 0 
0 7.89918 0 
3.11078 8.23645 0 
3.03835 8.2512 0 
2.96592 8.27866 0 
2.8935 8.29468 0 
2.82107 8.29546 0 
2.74933 8.31007 0 
2.67955 8.32428 0 
2.60976 8.35745 0 
2.26084 8.43464 0 
2.19105 8.45008 0 
2.47019 8.38833 0 
2.40041 8.38114 0 
2.33062 8.39536 0 
2.53998 8.37289 0 
0.832618 8.49904 0 
0.776536 8.44388 0 
0.711825 8.40602 0 
0.648223 8.33806 0 
1.45481 8.50486 0 
1.52264 8.49085 0 
1.57687 8.44693 0 
2.10328 8.39844 0 
2.04511 8.37608 0 
1.64412 8.43164 0 
1.92238 8.44348 0 
1.98431 8.41007 0 
1.86306 8.42054 0 
1.79396 8.43481 0 
1.72613 8.44882 0 
1.30787 8.50807 0 
1.37512 8.4526 0 
0.973922 8.4484 0 
0.906561 8.46414 0 
1.17337 8.49485 0 
1.22992 8.45723 0 
1.02991 8.45713 0 
1.09658 8.44297 0 
3.81532 8.39371 0 
3.74353 8.38687 0 
3.67259 8.38095 0 
3.58476 8.37454 0 
3.4635 8.31836 0 
3.53581 8.30279 0 
3.42931 8.25102 0 
3.1832 8.22169 0 
3.25563 8.21456 0 
3.32806 8.19854 0 
3.40048 8.17743 0 
0.57819 8.28702 0 
0.0651827 7.95071 0 
0.12891 8.00293 0 
0.193365 8.05106 0 
0.260231 8.102 0 
0.449703 8.25956 0 
0.318783 8.148 0 
0.386082 8.19823 0 
0.513946 8.24632 0 
0.0645676 7.8859 0 
0 7.83445 0 
3.15622 8.16233 0 
3.08441 8.17843 0 
3.01259 8.19453 0 
2.92723 8.20073 0 
2.85406 8.21584 0 
2.79715 8.24284 0 
2.72603 8.25879 0 
2.65683 8.27431 0 
2.56806 8.27492 0 
2.29857 8.34276 0 
2.21556 8.34773 0 
2.14506 8.36229 0 
2.12672 8.29516 0 
2.44925 8.32086 0 
2.36841 8.32771 0 
2.49756 8.28948 0 
0.841248 8.42994 0 
0.776536 8.39326 0 
0.713045 8.3237 0 
0.642433 8.27258 0 
1.44237 8.43851 0 
1.50962 8.42442 0 
1.62994 8.36506 0 
1.56327 8.38042 0 
1.98693 8.35372 0 
2.05682 8.3098 0 
1.71137 8.38216 0 
1.91703 8.36961 0 
1.84713 8.36961 0 
1.77862 8.36808 0 
1.29659 8.44187 0 
1.36326 8.38632 0 
1.0076 8.39471 0 
0.906561 8.41587 0 
1.16325 8.4288 0 
1.24337 8.38546 0 
1.06893 8.392 0 
1.12247 8.37491 0 
3.78404 8.32489 0 
3.71167 8.31851 0 
3.64036 8.33408 0 
3.60813 8.28722 0 
3.50235 8.23507 0 
3.57539 8.21659 0 
3.47291 8.16268 0 
3.2199 8.14028 0 
3.29307 8.12517 0 
3.37166 8.11402 0 
3.44347 8.09791 0 
3.19237 8.07971 0 
0.57819 8.23307 0 
0.129135 7.9348 0 
0.193365 7.99008 0 
0.260231 8.04226 0 
0.325288 8.08798 0 
0.450429 8.18335 0 
0.386082 8.14084 0 
0.514777 8.16846 0 
0.127905 7.86991 0 
0.0646849 7.81943 0 
0 7.76973 0 
3.11983 8.08714 0 
3.04729 8.11269 0 
2.97474 8.12918 0 
2.9022 8.13273 0 
2.82966 8.14792 0 
2.68589 8.19484 0 
2.75712 8.16312 0 
2.616 8.21073 0 
2.5461 8.20732 0 
2.10838 8.22803 0 
2.33641 8.27428 0 
2.26651 8.29017 0 
2.19662 8.29329 0 
2.17768 8.23885 0 
2.40631 8.2366 0 
2.4762 8.22196 0 
0.833866 8.36425 0 
0.898606 8.3501 0 
0.769722 8.32764 0 
0.713045 8.27215 0 
0.649376 8.20419 0 
1.42993 8.37215 0 
1.69661 8.3155 0 
1.4966 8.35799 0 
1.64754 8.29105 0 
1.58018 8.30679 0 
1.96979 8.28675 0 
2.03909 8.24275 0 
1.76328 8.30134 0 
1.73909 8.25474 0 
1.9005 8.30272 0 
1.92228 8.22688 0 
1.83121 8.31868 0 
1.31073 8.36973 0 
1.37068 8.33045 0 
1.04128 8.34103 0 
0.965376 8.33551 0 
1.17601 8.35782 0 
1.23791 8.33131 0 
1.10865 8.32774 0 
3.75276 8.25607 0 
3.68044 8.27164 0 
3.64843 8.20192 0 
3.54534 8.15047 0 
3.61777 8.13445 0 
3.51528 8.08181 0 
2.52414 8.13972 0 
3.26491 8.05675 0 
3.33746 8.04674 0 
3.41 8.03025 0 
3.48254 8.01117 0 
3.23676 7.99481 0 
3.16484 8.00362 0 
0.584439 8.16527 0 
0.193703 7.92024 0 
0.25782 7.97722 0 
0.322275 8.02286 0 
0.390346 8.07396 0 
0.450429 8.12717 0 
0.514777 8.11351 0 
0.193703 7.85934 0 
0.130626 7.80716 0 
0.0646849 7.756 0 
0 7.705 0 
3.09293 8.01889 0 
3.02101 8.04453 0 
2.94909 8.0611 0 
2.87718 8.07767 0 
2.80526 8.08 0 
2.73334 8.09528 0 
2.66273 8.12708 0 
2.67792 8.07111 0 
2.59344 8.14305 0 
2.0623 8.19417 0 
2.13231 8.17781 0 
2.31626 8.20691 0 
2.24697 8.22288 0 
2.20232 8.16146 0 
2.38556 8.16916 0 
2.45485 8.15444 0 
0.842689 8.29496 0 
0.898606 8.30184 0 
0.77092 8.24369 0 
0.714314 8.18938 0 
0.649376 8.15168 0 
1.44545 8.29977 0 
1.68122 8.24959 0 
1.51282 8.28526 0 
1.60693 8.24763 0 
1.99229 8.21052 0 
1.94885 8.17032 0 
1.7149 8.20813 0 
1.87914 8.18608 0 
1.78226 8.22721 0 
1.85226 8.24323 0 
1.30498 8.31615 0 
1.37809 8.27458 0 
0.976295 8.26535 0 
1.03215 8.2751 0 
1.16569 8.29174 0 
1.23246 8.27716 0 
1.09892 8.26174 0 
3.72148 8.18725 0 
3.69019 8.11842 0 
2.32895 8.15713 0 
3.58574 8.06471 0 
3.65891 8.0496 0 
3.55508 7.99727 0 
2.48237 8.09604 0 
2.55238 8.07969 0 
3.30868 7.97824 0 
3.38059 7.96167 0 
3.45251 7.94251 0 
3.52443 7.92723 0 
3.27441 7.91103 0 
3.20175 7.91481 0 
3.12909 7.92914 0 
0.573809 8.08815 0 
0.25827 7.90569 0 
0.319262 7.95774 0 
0.390346 8.01672 0 
0.455404 8.05994 0 
0.520461 8.04592 0 
0.25581 7.84064 0 
0.194055 7.78937 0 
0.128113 7.7395 0 
0.0640566 7.69119 0 
0 7.64027 0 
2.98376 7.97892 0 
3.05642 7.94348 0 
2.9111 7.99589 0 
2.83844 7.98648 0 
2.76578 8.00082 0 
2.69311 8.01515 0 
2.6224 8.06333 0 
2.0623 8.1396 0 
2.13231 8.12579 0 
2.27234 8.1451 0 
2.22767 8.10728 0 
2.34235 8.08435 0 
2.41236 8.07054 0 
0.637565 8.07319 0 
0.835163 8.22925 0 
0.967575 8.19949 0 
0.9007 8.21452 0 
0.707818 8.07252 0 
0.77092 8.19334 0 
0.707818 8.1238 0 
1.43911 8.24734 0 
1.63308 8.18962 0 
1.49954 8.2188 0 
1.56631 8.20421 0 
1.64207 8.13561 0 
1.69985 8.14144 0 
1.97481 8.11495 0 
1.90541 8.13011 0 
1.76662 8.12807 0 
1.83601 8.14528 0 
1.29923 8.26257 0 
1.366 8.20827 0 
1.04377 8.20496 0 
1.17221 8.23465 0 
1.2462 8.20554 0 
1.11125 8.19125 0 
3.62763 7.98078 0 
3.59634 7.91196 0 
2.50618 8.04484 0 
2.57589 8.02908 0 
3.34707 7.89405 0 
3.41974 7.8718 0 
3.4924 7.85747 0 
3.56506 7.84313 0 
3.3177 7.82152 0 
3.24568 7.83726 0 
3.17365 7.853 0 
3.10163 7.86082 0 
0.585519 8.0319 0 
0.325914 7.8979 0 
0.383115 7.94356 0 
0.455404 8.00394 0 
0.515641 7.98056 0 
0.322838 7.83277 0 
0.258739 7.77434 0 
0.194055 7.72854 0 
0.128113 7.67738 0 
0.0654491 7.62749 0 
0 7.57555 0 
3.0296 7.87524 0 
2.95758 7.90021 0 
2.88556 7.91595 0 
2.81353 7.91849 0 
2.74151 7.93291 0 
2.66948 7.94733 0 
2.59939 7.97848 0 
2.46059 7.98915 0 
2.1136 8.05861 0 
2.0442 8.0725 0 
1.9863 8.06305 0 
2.183 8.06946 0 
2.2524 8.0543 0 
2.32179 8.01693 0 
2.39119 8.00304 0 
0.650577 8.01788 0 
0.715634 8.00386 0 
0.978737 8.12908 0 
1.04633 8.11367 0 
0.772165 8.05885 0 
0.835163 8.1801 0 
0.9007 8.16659 0 
0.772165 8.10892 0 
1.43277 8.1949 0 
1.58359 8.13076 0 
1.51611 8.14572 0 
1.65107 8.08159 0 
1.73491 8.08109 0 
1.92765 8.05451 0 
1.85752 8.07005 0 
1.78739 8.0539 0 
1.4008 8.15209 0 
1.31368 8.19058 0 
1.30195 8.12432 0 
1.04158 8.05816 0 
1.23507 8.13935 0 
1.10132 8.12523 0 
1.17873 8.17755 0 
2.52999 7.99364 0 
3.38973 7.80315 0 
3.46175 7.78873 0 
3.53378 7.77431 0 
3.35692 7.73775 0 
3.28413 7.74985 0 
3.21135 7.76463 0 
3.13856 7.78614 0 
3.06577 7.7942 0 
0.585519 7.97839 0 
0.391096 7.8847 0 
0.451185 7.93866 0 
0.515641 7.92581 0 
0.387405 7.81949 0 
0.326566 7.76622 0 
0.258739 7.71481 0 
0.19217 7.66357 0 
0.129615 7.61188 0 
0.0648072 7.56268 0 
0 7.51082 0 
2.99299 7.81841 0 
2.9202 7.82378 0 
2.84741 7.83856 0 
2.77463 7.8668 0 
2.70184 7.86814 0 
2.62905 7.89906 0 
2.55884 7.89718 0 
2.48871 7.93017 0 
2.41858 7.94571 0 
2.13805 8.00788 0 
2.06792 8.02342 0 
2.09375 7.96882 0 
1.99779 8.01116 0 
2.20818 7.99234 0 
2.27831 7.9768 0 
2.34845 7.93993 0 
0.644551 7.95236 0 
0.715634 7.95284 0 
1.03682 8.00266 0 
0.780692 7.98983 0 
0.911139 8.09691 0 
0.828835 8.0283 0 
0.969836 8.06319 0 
0.836512 8.09403 0 
1.44864 8.12272 0 
1.56945 8.06418 0 
1.50257 8.07922 0 
1.57828 8.00984 0 
1.63632 8.01494 0 
1.70319 8.03412 0 
1.77142 7.98708 0 
1.91044 7.98753 0 
1.9218 7.93531 0 
1.81717 7.95727 0 
1.84093 8.00315 0 
1.36882 8.10928 0 
1.27554 8.07526 0 
1.20866 8.06882 0 
1.1038 8.0322 0 
1.1682 8.11144 0 
1.09367 7.96615 0 
2.44253 7.89475 0 
3.42971 7.72027 0 
3.50249 7.70549 0 
3.39907 7.65154 0 
3.32694 7.6691 0 
3.2548 7.68531 0 
3.18266 7.69615 0 
3.11053 7.71102 0 
3.03839 7.72589 0 
0.580096 7.91296 0 
0.638525 7.88684 0 
0.451973 7.86202 0 
0.521462 7.8583 0 
0.447667 7.79673 0 
0.391879 7.75257 0 
0.320283 7.69417 0 
0.256226 7.64975 0 
0.196347 7.60192 0 
0.129615 7.54981 0 
0.0649351 7.49614 0 
0 7.44609 0 
2.96625 7.75018 0 
2.89412 7.7664 0 
2.82198 7.77051 0 
2.67771 7.80025 0 
2.74984 7.78538 0 
2.60557 7.83126 0 
2.53599 7.8469 0 
2.46648 7.84379 0 
2.39698 7.85812 0 
1.97994 7.9441 0 
2.18846 7.92503 0 
2.11895 7.91544 0 
2.04945 7.92977 0 
2.25796 7.9094 0 
2.32747 7.87245 0 
0.773461 7.92416 0 
0.702377 7.87267 0 
1.04897 7.93201 0 
0.960935 7.9973 0 
0.981252 7.94661 0 
0.837973 7.91005 0 
0.845807 7.9758 0 
0.894567 8.01287 0 
1.37803 7.98407 0 
1.38432 8.0366 0 
1.4357 8.0563 0 
1.51951 8.00577 0 
1.58711 7.95549 0 
1.93317 7.88309 0 
1.65471 7.94135 0 
1.7224 7.9595 0 
1.77389 7.93185 0 
1.86291 7.92746 0 
1.31672 8.01206 0 
1.27095 7.97281 0 
1.24913 8.0262 0 
1.17078 8.01671 0 
1.1167 7.91742 0 
1.16004 7.95057 0 
1.37173 7.93154 0 
3.47121 7.63666 0 
2.63785 7.75075 0 
3.43993 7.56784 0 
3.36701 7.58447 0 
3.2941 7.59835 0 
3.22118 7.61361 0 
3.14826 7.63435 0 
3.07535 7.65098 0 
3.00243 7.66761 0 
0.651827 7.83189 0 
0.581108 7.83291 0 
0.516541 7.79292 0 
0.575572 7.76746 0 
0.457192 7.73893 0 
0.388109 7.68735 0 
0.320283 7.63594 0 
0.261797 7.58914 0 
0.194422 7.53694 0 
0.12987 7.48145 0 
0.0642789 7.43132 0 
0 7.38137 0 
2.92951 7.67463 0 
2.8566 7.68989 0 
2.78368 7.71749 0 
2.71077 7.7204 0 
2.56548 7.75079 0 
2.49522 7.78327 0 
2.42497 7.79929 0 
2.35471 7.79489 0 
2.2142 7.84735 0 
2.00343 7.86839 0 
2.14394 7.86337 0 
2.07368 7.8794 0 
2.28445 7.80959 0 
0.76623 7.85849 0 
0.710243 7.8038 0 
1.03926 7.86601 0 
0.837973 7.86153 0 
0.972163 7.88069 0 
0.91353 7.91399 0 
1.43871 7.95472 0 
1.60586 7.89852 0 
1.5057 7.93923 0 
1.84597 7.86051 0 
1.91559 7.83023 0 
1.70673 7.86041 0 
1.77635 7.87662 0 
1.98521 7.80127 0 
1.89801 7.77738 0 
1.29277 7.91942 0 
1.22641 7.935 0 
1.10635 7.85134 0 
1.18442 7.86079 0 
1.31986 7.87363 0 
1.38759 7.85904 0 
2.61386 7.68288 0 
3.40865 7.49902 0 
3.33639 7.51573 0 
3.26414 7.5297 0 
3.19189 7.54916 0 
3.11963 7.56039 0 
3.04738 7.57573 0 
2.97513 7.59931 0 
0.645676 7.76636 0 
0.703477 7.73819 0 
0.517479 7.71422 0 
0.582164 7.69919 0 
0.448396 7.66395 0 
0.38434 7.62213 0 
0.324036 7.56929 0 
0.259229 7.52408 0 
0.194805 7.46677 0 
0.128558 7.41655 0 
0.0636227 7.36651 0 
0 7.31664 0 
2.90287 7.60642 0 
2.83062 7.63273 0 
2.75837 7.6371 0 
2.68611 7.65244 0 
2.54215 7.68301 0 
2.47253 7.71557 0 
2.40291 7.71258 0 
2.3333 7.72736 0 
2.19406 7.77999 0 
2.05482 7.78649 0 
2.12444 7.79609 0 
2.26368 7.74214 0 
2.00922 7.72506 0 
0.774811 7.78925 0 
1.02954 7.80002 0 
0.963074 7.81478 0 
0.84814 7.79213 0 
0.905068 7.84815 0 
1.62461 7.84154 0 
1.49188 7.87269 0 
1.55825 7.85712 0 
1.46685 7.82532 0 
1.82903 7.79357 0 
1.65847 7.80065 0 
1.72767 7.78574 0 
1.93883 7.71266 0 
1.86845 7.72648 0 
1.25214 7.8475 0 
1.09601 7.78526 0 
1.1412 7.75426 0 
1.17345 7.79463 0 
1.30764 7.8073 0 
1.38116 7.80676 0 
2.63036 7.62826 0 
3.37736 7.4302 0 
3.30577 7.447 0 
3.23418 7.4638 0 
3.15821 7.47743 0 
3.08516 7.49317 0 
3.01211 7.50192 0 
2.94782 7.531 0 
0.767429 7.72355 0 
0.653131 7.69798 0 
0.718444 7.68434 0 
0.517479 7.65989 0 
0.582164 7.64616 0 
0.448396 7.60832 0 
0.392695 7.56357 0 
0.324036 7.51121 0 
0.25974 7.45209 0 
0.192837 7.40179 0 
0.128558 7.35454 0 
0.0643976 7.30136 0 
0 7.25191 0 
0.640566 7.61861 0 
2.87623 7.54781 0 
2.79295 7.55615 0 
2.7199 7.57189 0 
2.64685 7.57364 0 
2.36115 7.64921 0 
2.5738 7.58798 0 
2.51882 7.63168 0 
2.43154 7.63404 0 
2.29077 7.64356 0 
2.17392 7.71263 0 
2.07961 7.70989 0 
2.22038 7.65738 0 
1.99061 7.6579 0 
0.840136 7.72636 0 
0.983845 7.76465 0 
1.04177 7.72907 0 
0.915993 7.77839 0 
1.59075 7.78101 0 
1.52303 7.79431 0 
1.44183 7.77795 0 
1.7814 7.70366 0 
1.64311 7.73392 0 
1.71167 7.6873 0 
1.85114 7.65949 0 
1.92087 7.64558 0 
1.29541 7.74098 0 
1.24054 7.78125 0 
1.10898 7.71392 0 
1.1874 7.72342 0 
1.37473 7.75449 0 
1.32311 7.69594 0 
3.34608 7.36137 0 
3.2737 7.37581 0 
3.20133 7.39024 0 
3.12896 7.40887 0 
3.05658 7.4191 0 
2.98421 7.44054 0 
2.91183 7.44797 0 
0.783757 7.67069 0 
0.711533 7.61871 0 
0.512453 7.59451 0 
0.57651 7.5807 0 
0.453651 7.5409 0 
0.388844 7.49834 0 
0.320827 7.44606 0 
0.25974 7.39279 0 
0.192837 7.34113 0 
0.130137 7.28903 0 
0 7.18719 0 
0.0643976 7.23802 0 
0.640566 7.56689 0 
2.83946 7.4624 0 
2.76708 7.47684 0 
2.69471 7.50387 0 
2.62233 7.5197 0 
2.33928 7.58162 0 
2.54996 7.52013 0 
2.47875 7.55111 0 
2.40902 7.54824 0 
2.26955 7.59688 0 
2.13008 7.62739 0 
2.06034 7.61777 0 
2.19981 7.58996 0 
1.972 7.59073 0 
2.01517 7.55577 0 
0.842364 7.63874 0 
0.898704 7.69351 0 
1.03185 7.66304 0 
0.97456 7.6987 0 
1.50892 7.72773 0 
1.57602 7.71435 0 
1.42835 7.71146 0 
1.47698 7.68295 0 
1.81886 7.61033 0 
1.76475 7.63676 0 
1.62775 7.66718 0 
1.66256 7.62718 0 
1.87413 7.58433 0 
1.09842 7.64781 0 
1.25525 7.70968 0 
1.1762 7.65723 0 
1.37783 7.65331 0 
1.31062 7.62957 0 
3.3148 7.29255 0 
3.2416 7.30738 0 
3.1714 7.32439 0 
3.09522 7.33702 0 
3.028 7.35624 0 
2.94884 7.36667 0 
2.88461 7.38808 0 
0.768679 7.58839 0 
0.704623 7.55307 0 
0.523593 7.538 0 
0.583265 7.51251 0 
0.453651 7.48547 0 
0 7.12246 0 
0.38961 7.42272 0 
0.321395 7.37225 0 
0.254491 7.32195 0 
0.195206 7.27523 0 
0.128795 7.22413 0 
0.0652086 7.17288 0 
0.648073 7.49832 0 
2.81291 7.404 0 
2.72926 7.41114 0 
2.66952 7.43584 0 
2.58288 7.44079 0 
2.31741 7.51403 0 
2.52612 7.46769 0 
2.45558 7.48335 0 
2.36778 7.48435 0 
2.24833 7.52937 0 
2.11016 7.56005 0 
2.16784 7.5362 0 
2.06601 7.49818 0 
1.9263 7.52968 0 
1.99616 7.48855 0 
0.842364 7.59094 0 
0.909698 7.62309 0 
1.05451 7.61412 0 
0.986522 7.62832 0 
1.52666 7.65471 0 
1.44504 7.63816 0 
1.78659 7.56117 0 
1.71673 7.57692 0 
1.57947 7.60786 0 
1.64687 7.5604 0 
1.85644 7.51729 0 
1.1225 7.59991 0 
1.23156 7.61734 0 
1.17903 7.56051 0 
1.36471 7.58687 0 
1.27849 7.58722 0 
3.28351 7.22373 0 
3.21101 7.24007 0 
3.13851 7.25642 0 
3.06601 7.26847 0 
2.99351 7.28339 0 
2.92101 7.30545 0 
2.84851 7.32179 0 
0.768679 7.53926 0 
0.834183 7.52514 0 
0.719941 7.49965 0 
0.518458 7.47261 0 
0.583265 7.45974 0 
0 7.05773 0 
0.454546 7.40804 0 
0.0645219 7.10806 0 
0.385674 7.35748 0 
0.321395 7.31431 0 
0.260275 7.26142 0 
0.193193 7.21024 0 
0.130417 7.15858 0 
0.648073 7.44687 0 
2.77601 7.32813 0 
2.70351 7.34304 0 
2.63101 7.35796 0 
2.55851 7.38716 0 
2.27558 7.43107 0 
2.34544 7.4167 0 
2.486 7.40351 0 
2.4153 7.40233 0 
2.20573 7.46669 0 
2.13587 7.48243 0 
2.04633 7.43088 0 
1.90795 7.46255 0 
1.96402 7.43707 0 
0.900863 7.55721 0 
0.967543 7.54148 0 
1.04437 7.54806 0 
1.51226 7.58809 0 
1.43128 7.57163 0 
1.37287 7.53174 0 
1.79795 7.50879 0 
1.70038 7.51005 0 
1.61496 7.51352 0 
1.56442 7.54116 0 
1.80931 7.4564 0 
1.1117 7.53377 0 
1.24637 7.54487 0 
1.17331 7.50688 0 
1.3137 7.52922 0 
3.25223 7.15491 0 
3.17889 7.17023 0 
3.10861 7.18777 0 
3.03222 7.20088 0 
2.96499 7.22064 0 
2.88554 7.23153 0 
2.8122 7.24685 0 
0.777687 7.46992 0 
0.853027 7.47366 0 
0.71288 7.434 0 
0.519481 7.39335 0 
0.584416 7.37867 0 
0 6.993 0 
0.0638352 7.04325 0 
0.449952 7.34271 0 
0.129044 7.09367 0 
0.381737 7.29224 0 
0.321988 7.24024 0 
0.257591 7.19634 0 
0.195626 7.14427 0 
0.641654 7.3813 0 
0 6.92828 0 
2.74956 7.26994 0 
2.66553 7.2775 0 
2.60594 7.30281 0 
2.51885 7.30814 0 
2.2539 7.38337 0 
2.32309 7.36754 0 
2.39228 7.35171 0 
2.44551 7.32347 0 
2.16263 7.38258 0 
2.21181 7.32055 0 
2.00186 7.36933 0 
2.09197 7.39734 0 
1.86189 7.40185 0 
1.93188 7.38559 0 
0.921157 7.46035 0 
0.973563 7.48359 0 
1.03422 7.48201 0 
1.46244 7.52888 0 
1.38104 7.4766 0 
1.73865 7.47117 0 
1.65194 7.45063 0 
1.58304 7.46664 0 
1.51571 7.48229 0 
1.79191 7.40375 0 
1.1009 7.46763 0 
1.16758 7.45325 0 
1.23426 7.47856 0 
1.30094 7.46282 0 
2.49462 7.25484 0 
3.22095 7.08608 0 
3.14831 7.10296 0 
3.07568 7.11692 0 
3.00305 7.13671 0 
2.93042 7.15359 0 
2.85778 7.17046 0 
2.78515 7.18734 0 
0.777687 7.42113 0 
0.912122 7.39444 0 
0.844661 7.40784 0 
0.714286 7.34931 0 
0.514231 7.32794 0 
0.584416 7.32616 0 
0.0653551 6.97963 0 
0.12767 7.02876 0 
0.449952 7.28749 0 
0.193566 7.07927 0 
0.386386 7.22496 0 
0.321988 7.18245 0 
0.257591 7.13717 0 
0.642789 7.2984 0 
0 6.86355 0 
0.0646521 6.91481 0 
2.71252 7.20421 0 
2.63989 7.22109 0 
2.56725 7.23797 0 
2.28179 7.30429 0 
2.35178 7.28803 0 
2.42199 7.27172 0 
2.25963 7.23666 0 
2.14183 7.31513 0 
2.19052 7.26856 0 
1.98242 7.30206 0 
2.07184 7.32998 0 
1.84381 7.33476 0 
1.91311 7.31841 0 
0.979584 7.4257 0 
1.05742 7.43374 0 
0.974733 7.37037 0 
1.31471 7.40197 0 
1.4343 7.43136 0 
1.36762 7.41012 0 
1.72193 7.40425 0 
1.50098 7.38137 0 
1.6359 7.38381 0 
1.56766 7.3999 0 
1.77451 7.35111 0 
1.11451 7.39614 0 
1.19368 7.40712 0 
1.26181 7.39381 0 
2.51143 7.20065 0 
2.43837 7.21626 0 
3.18966 7.01726 0 
3.11617 7.03162 0 
3.04581 7.04828 0 
2.97388 7.06817 0 
2.8957 7.07468 0 
2.82221 7.08903 0 
2.74872 7.10339 0 
0.779437 7.33457 0 
0.903088 7.32853 0 
0.847031 7.31929 0 
0.707068 7.28363 0 
0.514231 7.27407 0 
0.572605 7.24767 0 
0.13071 6.96625 0 
0.191506 7.01428 0 
0.450784 7.20968 0 
0.258088 7.06488 0 
0.386386 7.16856 0 
0.321988 7.12467 0 
0.642789 7.24725 0 
0 6.79882 0 
0.127898 6.89825 0 
0.0647886 6.84808 0 
2.68617 7.13604 0 
2.61425 7.15301 0 
2.52825 7.14645 0 
2.32894 7.22031 0 
2.38167 7.17508 0 
2.27391 7.17894 0 
2.22157 7.19776 0 
2.12102 7.24768 0 
2.16924 7.21657 0 
1.95681 7.25807 0 
2.02762 7.24424 0 
1.81518 7.28573 0 
1.886 7.2719 0 
1.04705 7.36765 0 
0.969881 7.31505 0 
1.10347 7.32997 0 
1.31689 7.35181 0 
1.39807 7.3672 0 
1.45181 7.32226 0 
1.7052 7.33733 0 
1.53432 7.34059 0 
1.60275 7.32722 0 
1.74437 7.29956 0 
1.18197 7.34086 0 
1.24943 7.32747 0 
1.14969 7.29951 0 
1.31037 7.29973 0 
2.45476 7.1608 0 
3.15838 6.94844 0 
3.08561 6.96438 0 
3.01284 6.97734 0 
2.94007 6.99178 0 
2.8673 7.00623 0 
2.79453 7.02814 0 
2.72176 7.04408 0 
0.771561 7.26882 0 
0.914626 7.2584 0 
0.838472 7.25344 0 
0.69985 7.21796 0 
0.52055 7.20621 0 
0.585619 7.1924 0 
0.196065 6.95288 0 
0.258088 7.00584 0 
0.450784 7.15467 0 
0.326043 7.05804 0 
0.386386 7.11216 0 
0.643976 7.16383 0 
0.191847 6.88324 0 
0 6.7341 0 
0.0647886 6.78484 0 
0.129577 6.8326 0 
2.64899 7.04958 0 
2.57622 7.06403 0 
2.50345 7.07848 0 
2.35831 7.12369 0 
2.43068 7.10784 0 
2.28819 7.12122 0 
2.21808 7.13514 0 
2.14796 7.14906 0 
2.07785 7.18513 0 
1.93761 7.19083 0 
2.00773 7.1769 0 
1.79738 7.23262 0 
1.8675 7.20475 0 
1.04982 7.27344 0 
0.972295 7.22269 0 
1.11741 7.25815 0 
1.38435 7.30068 0 
1.43743 7.25565 0 
1.51928 7.27389 0 
1.65715 7.27728 0 
1.58703 7.26044 0 
1.72727 7.23259 0 
1.48733 7.22781 0 
1.185 7.24287 0 
1.23705 7.26112 0 
1.30385 7.24764 0 
3.1271 6.87962 0 
3.05505 6.89565 0 
2.983 6.9087 0 
2.91095 6.92772 0 
2.8389 6.94375 0 
2.76685 6.95233 0 
2.6948 6.97582 0 
0.771561 7.22038 0 
0.829913 7.18759 0 
0.905384 7.19246 0 
0.708374 7.14855 0 
0.515181 7.14078 0 
0.579579 7.12688 0 
0.26142 6.9395 0 
0.319176 6.98531 0 
0.45646 7.08705 0 
0.387131 7.03609 0 
0.643976 7.11299 0 
0.258608 6.87441 0 
0 6.66937 0 
0.191847 6.82287 0 
0.0640684 6.72002 0 
0.129577 6.77086 0 
2.62275 6.98142 0 
2.5507 7.00789 0 
2.47866 7.02393 0 
2.33495 7.05591 0 
2.40661 7.02505 0 
2.26553 7.05352 0 
2.19611 7.08681 0 
2.05726 7.09556 0 
2.12669 7.10226 0 
1.91842 7.12359 0 
1.98784 7.10957 0 
1.71016 7.16562 0 
1.77958 7.1795 0 
1.849 7.1376 0 
1.87327 7.08724 0 
1.03921 7.20732 0 
0.96237 7.15667 0 
1.10612 7.19195 0 
1.38779 7.19701 0 
1.45538 7.18173 0 
1.57132 7.19365 0 
1.64074 7.17964 0 
1.52298 7.16644 0 
1.17303 7.17657 0 
1.2526 7.18904 0 
1.30685 7.14582 0 
1.67793 7.1168 0 
3.09581 6.81079 0 
3.0229 6.82576 0 
2.94999 6.84072 0 
2.87707 6.85568 0 
2.80416 6.87064 0 
2.73125 6.88561 0 
2.65833 6.90057 0 
0.773684 7.13306 0 
0.917214 7.12206 0 
0.84948 7.13643 0 
0.708374 7.0991 0 
0.521669 7.07275 0 
0.579579 7.07465 0 
0.326775 6.92613 0 
0.383011 6.97082 0 
0.451653 7.02169 0 
0.652086 7.04414 0 
0 6.60464 0 
0.32326 6.86094 0 
0.259154 6.80165 0 
0.0640684 6.65678 0 
0.194366 6.75687 0 
0.129577 6.70911 0 
2.58542 6.91553 0 
2.51251 6.93049 0 
2.29479 6.99192 0 
2.43959 6.94546 0 
2.36668 6.96042 0 
2.22454 6.98959 0 
2.01378 7.05546 0 
2.15428 7.00401 0 
2.08403 7.03958 0 
1.94352 7.04726 0 
1.73276 7.11901 0 
1.80301 7.10312 0 
1.85434 7.02003 0 
1.71525 7.05199 0 
1.0286 7.1412 0 
0.984948 7.10769 0 
1.09483 7.12574 0 
1.16106 7.11028 0 
1.37376 7.13045 0 
1.44068 7.11508 0 
1.59225 7.11934 0 
1.50759 7.0997 0 
1.35974 7.06389 0 
1.23994 7.12266 0 
1.29351 7.07935 0 
1.64571 7.06797 0 
3.06453 6.74197 0 
2.99236 6.75703 0 
2.92018 6.77209 0 
2.848 6.79172 0 
2.77583 6.8083 0 
2.70365 6.82489 0 
2.63147 6.83233 0 
0.773684 7.08501 0 
0.907755 7.05609 0 
0.840719 7.07055 0 
0.708374 7.04965 0 
0.586877 7.0065 0 
0.516175 7.0073 0 
0.392131 6.91275 0 
0.446846 6.95634 0 
0.652086 6.99362 0 
0 6.53992 0 
0.0649319 6.59164 0 
0.387912 6.84748 0 
0.319745 6.79576 0 
0.259154 6.74289 0 
0.129864 6.64032 0 
0.192205 6.69186 0 
2.5593 6.85806 0 
2.48712 6.87464 0 
2.2716 6.90741 0 
2.34277 6.90781 0 
2.41494 6.89122 0 
2.20206 6.94014 0 
2.06297 6.97209 0 
1.99343 6.98807 0 
2.13251 6.95612 0 
1.92388 6.97996 0 
1.69774 6.98497 0 
1.83541 6.95283 0 
1.78479 7.03601 0 
1.05268 7.09332 0 
0.97479 7.04163 0 
0.913824 6.9984 0 
1.18815 7.06458 0 
1.10886 7.05353 0 
1.41601 7.06827 0 
1.4922 7.03296 0 
1.57616 7.05251 0 
1.39135 7.02147 0 
1.33485 7.01661 0 
1.26822 7.03157 0 
1.62891 7.00104 0 
2.24841 6.85639 0 
3.03325 6.67315 0 
2.96181 6.68983 0 
2.89037 6.70651 0 
2.81406 6.71965 0 
2.74749 6.73987 0 
2.67605 6.75655 0 
2.60461 6.77323 0 
0.784134 7.01517 0 
0.852014 7.00028 0 
0.709741 6.96412 0 
0.580697 6.94097 0 
0.510682 6.94185 0 
0.457486 6.89938 0 
0.638352 6.91288 0 
0.447643 6.82318 0 
0 6.47519 0 
0.0650826 6.52482 0 
0.128387 6.5754 0 
0.388731 6.77071 0 
0.323943 6.7289 0 
0.256274 6.67778 0 
0.192205 6.63161 0 
0 6.41046 0 
2.53317 6.78991 0 
2.44874 6.79715 0 
2.31885 6.83995 0 
2.39029 6.82327 0 
2.17958 6.87247 0 
2.09041 6.87317 0 
1.97308 6.92068 0 
2.04191 6.90461 0 
1.90436 6.86526 0 
1.87921 6.91797 0 
1.63986 6.94842 0 
1.79016 6.89187 0 
1.73841 6.94784 0 
1.04182 7.02717 0 
0.987772 6.9705 0 
1.1162 6.99712 0 
0.919893 6.9407 0 
1.24293 6.98379 0 
1.1759 6.99825 0 
1.44404 6.97399 0 
1.52722 6.99265 0 
1.377 6.95486 0 
1.30997 6.96933 0 
1.58114 6.91083 0 
2.26364 6.80056 0 
2.19389 6.81545 0 
3.00197 6.60432 0 
2.92966 6.61992 0 
2.85735 6.6324 0 
2.78504 6.6558 0 
2.71273 6.67296 0 
2.64042 6.67452 0 
2.56811 6.68856 0 
0.775877 6.94936 0 
0.843042 6.93438 0 
0.702187 6.8984 0 
0.588196 6.87263 0 
0.522841 6.886 0 
0.653551 6.85925 0 
0.511592 6.80817 0 
0.45352 6.75523 0 
0.0643255 6.45999 0 
0.130165 6.50972 0 
0.194796 6.56564 0 
0.388731 6.71492 0 
0.323943 6.67163 0 
0.259728 6.61126 0 
0.0635684 6.39517 0 
0 6.34574 0 
2.4958 6.7026 0 
2.42349 6.74159 0 
2.35118 6.74471 0 
2.13852 6.80921 0 
2.06885 6.82574 0 
1.99918 6.82065 0 
1.9295 6.81255 0 
1.85983 6.82608 0 
1.65081 6.8958 0 
1.79016 6.83961 0 
1.72049 6.88077 0 
1.05565 6.95561 0 
0.977371 6.90441 0 
1.12353 6.94071 0 
0.910206 6.87471 0 
1.25111 6.92872 0 
1.19141 6.92582 0 
1.51147 6.89372 0 
1.45348 6.92013 0 
1.38602 6.90084 0 
1.32717 6.89604 0 
1.55731 6.84971 0 
1.60315 6.8057 0 
2.27887 6.74472 0 
2.20819 6.75844 0 
2.08292 6.76693 0 
2.97068 6.5355 0 
2.89746 6.55156 0 
2.82424 6.56763 0 
2.75102 6.58369 0 
2.6778 6.59337 0 
2.60458 6.60784 0 
2.53136 6.63188 0 
0.76762 6.88355 0 
0.834069 6.86847 0 
0.718906 6.84588 0 
0.854637 6.8181 0 
0.581869 6.80707 0 
0.646521 6.79361 0 
0.511592 6.75508 0 
0.45352 6.70094 0 
0.128651 6.4448 0 
0.192581 6.50063 0 
0.256775 6.54615 0 
0.388731 6.65913 0 
0.320342 6.60643 0 
0.128651 6.3832 0 
0.0652412 6.33164 0 
0 6.28101 0 
2.45814 6.64794 0 
2.38492 6.664 0 
2.3117 6.66571 0 
2.16755 6.71169 0 
2.02645 6.74264 0 
1.9559 6.73601 0 
1.88535 6.77359 0 
1.8148 6.78907 0 
1.6737 6.82002 0 
1.74425 6.80455 0 
1.65607 6.75299 0 
1.04454 6.88942 0 
0.966969 6.83832 0 
1.1117 6.87444 0 
0.922669 6.80418 0 
1.17886 6.85945 0 
1.25929 6.87364 0 
1.46293 6.86626 0 
1.39505 6.84682 0 
1.31319 6.82949 0 
1.51646 6.78414 0 
1.58626 6.75367 0 
2.23848 6.68017 0 
2.097 6.70813 0 
2.9394 6.46668 0 
2.86695 6.48284 0 
2.7945 6.49901 0 
2.72205 6.51038 0 
2.6496 6.52495 0 
2.57715 6.53952 0 
2.5047 6.56366 0 
0.786605 6.83203 0 
0.745022 6.79758 0 
0.703439 6.76313 0 
0.845444 6.75217 0 
0.583097 6.72428 0 
0.63949 6.72796 0 
0.518309 6.68695 0 
0.45352 6.64664 0 
0.192977 6.4296 0 
0.256775 6.48753 0 
0.32466 6.53964 0 
0.389592 6.58221 0 
0.190705 6.36457 0 
0.130482 6.31755 0 
0.0652412 6.26853 0 
0 6.21628 0 
2.43225 6.57982 0 
2.3598 6.58322 0 
2.28735 6.59779 0 
2.2149 6.62831 0 
2.14472 6.64397 0 
2.07491 6.65955 0 
2.00511 6.65455 0 
1.9353 6.67964 0 
1.86549 6.70627 0 
1.79568 6.72184 0 
1.72588 6.73742 0 
1.56938 6.70163 0 
1.63845 6.68596 0 
1.16632 6.79308 0 
1.03342 6.82324 0 
0.990701 6.79026 0 
1.09987 6.80816 0 
0.912744 6.73815 0 
1.23277 6.77801 0 
1.29922 6.76293 0 
1.44752 6.79952 0 
1.38036 6.78017 0 
1.50032 6.7173 0 
2.90812 6.39786 0 
2.83644 6.41412 0 
2.76135 6.42789 0 
2.69308 6.44665 0 
2.6214 6.46291 0 
2.54119 6.47295 0 
2.47805 6.49544 0 
0.769682 6.74757 0 
0.713047 6.69325 0 
0.83625 6.68624 0 
0.583097 6.67297 0 
0.647886 6.65898 0 
0.512547 6.62147 0 
0.454523 6.56768 0 
0.26033 6.42106 0 
0.325413 6.46443 0 
0.389592 6.52665 0 
0.254274 6.34928 0 
0.195724 6.30346 0 
0.130482 6.25604 0 
0.0636872 6.20199 0 
0 6.15155 0 
2.39442 6.50298 0 
2.33469 6.52797 0 
2.26301 6.54424 0 
2.12189 6.57626 0 
2.17451 6.54799 0 
2.0331 6.57693 0 
1.98377 6.6076 0 
1.9147 6.62327 0 
1.82097 6.62034 0 
1.75026 6.63481 0 
1.73144 6.58051 0 
1.67956 6.64928 0 
1.51095 6.66431 0 
1.58046 6.64919 0 
1.12676 6.76241 0 
1.17413 6.73758 0 
0.980044 6.72413 0 
1.08063 6.72288 0 
1.05873 6.77633 0 
0.902818 6.67213 0 
1.24101 6.72303 0 
1.33086 6.72064 0 
1.18194 6.68208 0 
1.39889 6.70672 0 
1.45164 6.65797 0 
2.87683 6.32903 0 
2.80424 6.34416 0 
2.73164 6.35928 0 
2.65905 6.3744 0 
2.58645 6.38952 0 
2.51386 6.40464 0 
2.44126 6.41976 0 
0.713047 6.64492 0 
0.78049 6.67714 0 
0.847932 6.61581 0 
0.576616 6.60739 0 
0.647886 6.60916 0 
0.512547 6.56866 0 
0.449356 6.50228 0 
0.713047 6.59659 0 
0.325413 6.40753 0 
0.390496 6.44933 0 
0.321628 6.34231 0 
0.260965 6.28937 0 
0.195724 6.24356 0 
0.128928 6.19111 0 
0.0654084 6.13852 0 
0 6.08683 0 
2.36866 6.43489 0 
2.29607 6.45001 0 
2.22347 6.46513 0 
2.08118 6.51267 0 
2.15112 6.4802 0 
2.01123 6.50934 0 
1.94128 6.52391 0 
1.87133 6.53848 0 
1.80138 6.55305 0 
1.66149 6.58219 0 
1.71261 6.5262 0 
1.59154 6.59676 0 
1.52159 6.61133 0 
0.969387 6.65801 0 
1.10252 6.66943 0 
1.03595 6.68506 0 
0.915374 6.60125 0 
1.24924 6.66806 0 
1.31654 6.65404 0 
1.11011 6.61351 0 
1.16909 6.61567 0 
1.31829 6.60116 0 
1.3688 6.60692 0 
1.43586 6.59117 0 
2.84555 6.26021 0 
2.77374 6.27707 0 
2.70194 6.29066 0 
2.63013 6.31079 0 
2.55833 6.32765 0 
2.48652 6.33634 0 
2.41471 6.36136 0 
0.78049 6.58359 0 
0.838506 6.54984 0 
0.576616 6.55608 0 
0.640684 6.54349 0 
0.519455 6.50065 0 
0.455578 6.43423 0 
0.715329 6.50933 0 
0.385953 6.38401 0 
0.38141 6.31869 0 
0.326206 6.27528 0 
0.257857 6.22424 0 
0.193393 6.17853 0 
0.130817 6.1255 0 
0.0638124 6.07194 0 
0 6.0221 0 
2.34291 6.36679 0 
2.2711 6.39508 0 
2.19929 6.39724 0 
2.05854 6.44498 0 
2.12773 6.41241 0 
1.98936 6.44175 0 
1.92017 6.47747 0 
1.85098 6.47109 0 
1.7818 6.48576 0 
1.72444 6.47557 0 
1.66708 6.46538 0 
1.64342 6.5151 0 
1.44632 6.53778 0 
1.57423 6.52977 0 
1.50505 6.54444 0 
0.982816 6.58669 0 
1.05026 6.61271 0 
0.910286 6.54638 0 
0.977353 6.53255 0 
1.23566 6.60156 0 
1.1177 6.55758 0 
1.18514 6.54302 0 
1.32003 6.54827 0 
1.38747 6.53217 0 
2.81427 6.19139 0 
2.74152 6.20876 0 
2.66877 6.22279 0 
2.59602 6.2385 0 
2.52327 6.2542 0 
2.45052 6.26153 0 
2.40053 6.24444 0 
2.37777 6.29564 0 
0.844509 6.49211 0 
0.782921 6.49421 0 
0.577744 6.47303 0 
0.649319 6.47465 0 
0.51355 6.43515 0 
0.455578 6.38047 0 
0.707197 6.44354 0 
0.450279 6.31505 0 
0.391447 6.26119 0 
0.322321 6.21005 0 
0.254749 6.1591 0 
0.196225 6.11247 0 
0.127625 6.05705 0 
0 5.95737 0 
0.0638124 6.00886 0 
2.30502 6.3013 0 
2.23228 6.31701 0 
2.15953 6.33271 0 
2.01756 6.38168 0 
2.08765 6.33151 0 
1.94746 6.37848 0 
1.87736 6.39361 0 
1.80727 6.40874 0 
1.73717 6.3991 0 
1.66708 6.41261 0 
1.59698 6.45413 0 
1.45679 6.48439 0 
1.52689 6.46926 0 
1.05026 6.53156 0 
0.905199 6.49152 0 
0.971891 6.47841 0 
1.25258 6.52846 0 
1.10528 6.49122 0 
1.17197 6.47657 0 
1.32003 6.47954 0 
1.38747 6.46654 0 
1.4406 6.41754 0 
2.78298 6.12257 0 
2.71104 6.1367 0 
2.6391 6.15084 0 
2.56716 6.16999 0 
2.49522 6.1858 0 
2.42328 6.19324 0 
2.35134 6.20738 0 
0.77402 6.42832 0 
0.850512 6.43437 0 
0.779732 6.3701 0 
0.577744 6.42205 0 
0.650826 6.38894 0 
0.514604 6.35361 0 
0.508547 6.28809 0 
0.717696 6.37343 0 
0.456689 6.2471 0 
0.391447 6.20611 0 
0.318436 6.14481 0 
0.261634 6.09944 0 
0.193831 6.04743 0 
0 5.89265 0 
0.127625 5.99562 0 
0.0639445 5.94186 0 
2.2794 6.23322 0 
2.20746 6.24903 0 
2.13552 6.26484 0 
2.06444 6.26375 0 
1.99513 6.27737 0 
1.92581 6.31092 0 
1.8565 6.32615 0 
1.78718 6.34138 0 
1.64855 6.34546 0 
1.71786 6.33184 0 
1.57923 6.38708 0 
1.50991 6.40231 0 
1.6026 6.31083 0 
1.4621 6.34226 0 
1.05329 6.43372 0 
0.918103 6.42084 0 
0.985695 6.4073 0 
1.23866 6.426 0 
1.12088 6.4186 0 
1.18022 6.42164 0 
1.30535 6.41289 0 
1.38966 6.41226 0 
1.39185 6.35798 0 
1.95385 6.23224 0 
2.7517 6.05374 0 
2.67879 6.07006 0 
2.60588 6.08637 0 
2.53297 6.09753 0 
2.46006 6.11899 0 
2.38715 6.1353 0 
2.31424 6.15161 0 
0.840843 6.36837 0 
0.785444 6.31189 0 
0.650826 6.33988 0 
0.585744 6.35341 0 
0.572116 6.2728 0 
0.52193 6.23301 0 
0.709347 6.30761 0 
0.451249 6.18166 0 
0.52193 6.18114 0 
0.382123 6.13052 0 
0.327042 6.08641 0 
0.258442 6.03429 0 
0 5.82792 0 
0.191437 5.98239 0 
0.0639445 5.87883 0 
0.127889 5.92634 0 
2.24133 6.16793 0 
2.16842 6.18424 0 
2.09551 6.20055 0 
2.0241 6.21653 0 
1.8836 6.24796 0 
1.81335 6.26368 0 
1.7431 6.27939 0 
1.67285 6.29511 0 
1.62862 6.2559 0 
1.53235 6.32654 0 
1.55876 6.27084 0 
1.44548 6.27536 0 
1.10813 6.35221 0 
1.04131 6.36743 0 
0.907666 6.35474 0 
0.988688 6.31056 0 
1.25606 6.35318 0 
1.18847 6.36671 0 
1.32365 6.33964 0 
1.11616 6.29683 0 
1.17496 6.30021 0 
1.37602 6.29118 0 
1.90762 6.1969 0 
1.97747 6.18196 0 
2.72042 5.98492 0 
2.64834 5.99963 0 
2.57626 6.01433 0 
2.50418 6.02904 0 
2.43209 6.0506 0 
2.36001 6.05845 0 
2.28793 6.07315 0 
0.843267 6.27597 0 
0.776307 6.24597 0 
0.643255 6.27416 0 
0.587171 6.21892 0 
0.700997 6.24179 0 
0.580178 6.15328 0 
0.515714 6.1156 0 
0.451249 6.12819 0 
0.392451 6.07338 0 
0.319062 6.01238 0 
0.259059 5.96046 0 
0 5.76319 0 
0.0657715 5.81545 0 
0.194294 5.91623 0 
0.127889 5.865 0 
2.21585 6.08786 0 
2.07169 6.1327 0 
2.14377 6.10256 0 
2.00109 6.13167 0 
1.86219 6.16001 0 
1.79274 6.19625 0 
1.72328 6.21207 0 
1.58438 6.21668 0 
1.65383 6.20252 0 
1.45653 6.22271 0 
1.51493 6.23085 0 
1.538 6.18314 0 
1.39717 6.2158 0 
1.05644 6.29485 0 
0.92094 6.28372 0 
0.982938 6.25698 0 
1.24178 6.28658 0 
1.32554 6.28581 0 
1.20992 6.24173 0 
1.12418 6.24146 0 
1.32743 6.23198 0 
1.93164 6.14584 0 
2.03142 6.06867 0 
2.68914 5.9161 0 
2.61606 5.93129 0 
2.54298 5.94649 0 
2.4699 5.96696 0 
2.39682 5.98391 0 
2.32374 6.00086 0 
2.25066 6.00726 0 
0.899513 6.19402 0 
0.833341 6.20994 0 
0.74823 6.19459 0 
0.644642 6.13908 0 
0.652412 6.20483 0 
0.573185 6.08763 0 
0.523268 6.04732 0 
0.457859 6.06035 0 
0.382874 5.99749 0 
0.319062 5.95591 0 
0 5.69847 0 
0.259059 5.90252 0 
0.0640842 5.74876 0 
0.131543 5.80298 0 
0.191834 5.85118 0 
0.446687 5.9826 0 
2.17758 6.02245 0 
2.1045 6.05172 0 
1.74924 6.13413 0 
1.96048 6.08513 0 
1.89006 6.08223 0 
1.81965 6.09687 0 
1.67882 6.15047 0 
1.60841 6.14079 0 
1.46758 6.17007 0 
1.5201 6.11607 0 
1.38092 6.14895 0 
1.04415 6.22851 0 
0.977187 6.2034 0 
1.25968 6.21329 0 
1.11111 6.17502 0 
1.17807 6.19687 0 
1.31199 6.13246 0 
0.923892 6.14619 0 
0.977875 6.15418 0 
1.98413 6.03508 0 
2.05572 6.01919 0 
1.86808 6.03386 0 
2.65785 5.84728 0 
2.58562 5.86258 0 
2.51339 5.8814 0 
2.44117 5.89319 0 
2.36894 5.9085 0 
2.29671 5.9238 0 
2.22448 5.94966 0 
0.636872 6.07334 0 
0.702998 6.0585 0 
0.855979 6.11723 0 
0.788066 6.13022 0 
0.720153 6.14322 0 
0.588676 6.03429 0 
0.516883 5.98176 0 
0.382874 5.94267 0 
0 5.63374 0 
0.323824 5.88881 0 
0.0651006 5.68349 0 
0.255778 5.83736 0 
0.128168 5.73432 0 
0.194784 5.78494 0 
0.446687 5.92943 0 
2.15225 5.95441 0 
2.08002 5.96972 0 
1.72889 6.06674 0 
1.93767 5.99988 0 
1.79848 6.02937 0 
1.65929 6.05887 0 
1.5897 6.07361 0 
1.50221 6.049 0 
1.45051 6.10311 0 
1.36466 6.0821 0 
1.03186 6.16217 0 
1.08541 6.12664 0 
1.24503 6.14665 0 
1.1642 6.13033 0 
1.26346 6.07286 0 
0.912889 6.08003 0 
0.991806 6.09124 0 
1.01314 6.03767 0 
0 5.56901 0 
2.00779 5.98502 0 
1.84609 5.96625 0 
2.62657 5.77845 0 
2.55519 5.79563 0 
2.48006 5.80649 0 
2.41243 5.82998 0 
2.34105 5.84715 0 
2.26028 5.84854 0 
2.1983 5.8815 0 
0.65462 6.02115 0 
0.722708 6.00759 0 
0.845784 6.05117 0 
0.77868 6.06427 0 
0.581494 5.96862 0 
0.510499 5.91619 0 
0.383667 5.86427 0 
0.0642321 5.61865 0 
0.319723 5.82354 0 
0.130201 5.66852 0 
0.259711 5.77062 0 
0.192253 5.71988 0 
0.447612 5.84875 0 
2.05554 5.91586 0 
1.96735 5.90458 0 
2.11377 5.87657 0 
1.70854 5.99935 0 
1.89677 5.91809 0 
1.7556 5.9451 0 
1.61443 5.99705 0 
1.54384 6.0123 0 
1.47325 5.99912 0 
1.33208 6.02613 0 
1.40267 6.01263 0 
1.05972 6.07825 0 
1.12763 6.06525 0 
1.19555 6.08752 0 
1.24841 6.00616 0 
1.03448 5.9841 0 
0.901885 6.01386 0 
0.968181 5.99898 0 
0.858882 5.98047 0 
0.0633637 5.55381 0 
0 5.50428 0 
1.82526 5.91514 0 
2.59529 5.70963 0 
2.5229 5.72376 0 
2.45052 5.73789 0 
2.37813 5.75744 0 
2.30575 5.77338 0 
2.23336 5.78931 0 
2.16098 5.79442 0 
0.680677 5.9727 0 
0.638646 5.93781 0 
0.747934 5.95817 0 
0.790795 5.99403 0 
0.582883 5.88341 0 
0.518118 5.84767 0 
0.383667 5.80972 0 
0.130201 5.60738 0 
0.328858 5.76557 0 
0.192253 5.66039 0 
0.259711 5.71287 0 
0.447612 5.7959 0 
1.94392 5.85303 0 
2.01621 5.83712 0 
2.08859 5.80855 0 
1.66494 5.91445 0 
1.87418 5.86839 0 
1.73469 5.87764 0 
1.80443 5.86402 0 
1.5952 5.92981 0 
1.52545 5.94516 0 
1.45571 5.9321 0 
1.31622 5.97528 0 
1.38596 5.94571 0 
1.23336 5.93946 0 
1.1142 5.99877 0 
1.18131 6.02093 0 
1.06314 5.93978 0 
0.995057 5.95334 0 
0.92697 5.9669 0 
0.848403 5.91437 0 
0.128464 5.54243 0 
0.064389 5.4885 0 
0 5.43956 0 
2.564 5.64081 0 
2.49056 5.65544 0 
2.41711 5.67007 0 
2.34947 5.68896 0 
2.27795 5.70501 0 
2.19678 5.71396 0 
2.12333 5.72859 0 
0.705072 5.92231 0 
0.638646 5.88961 0 
0.771498 5.90681 0 
0.582883 5.83395 0 
0.511556 5.78208 0 
0.394629 5.7531 0 
0.195302 5.5942 0 
0.324639 5.70029 0 
0.256337 5.6477 0 
0.460401 5.74063 0 
1.92049 5.78524 0 
1.99191 5.76921 0 
2.04989 5.74322 0 
1.64487 5.8471 0 
1.69143 5.81462 0 
1.83296 5.78643 0 
1.7622 5.80053 0 
1.57597 5.86257 0 
1.40836 5.87101 0 
1.47913 5.85691 0 
1.30035 5.92443 0 
1.3376 5.88511 0 
1.20902 5.89273 0 
1.08339 5.88455 0 
1.13123 5.92621 0 
0.837924 5.84827 0 
0.982917 5.88702 0 
0.91566 5.9007 0 
0.91855 5.80354 0 
1.0372 5.84482 0 
0.192696 5.52914 0 
0.130568 5.47666 0 
0.064389 5.42563 0 
0 5.37483 0 
2.53272 5.57198 0 
2.46017 5.58859 0 
2.38762 5.60519 0 
2.31507 5.62179 0 
2.24252 5.63097 0 
2.09743 5.67159 0 
2.16998 5.64572 0 
0.778752 5.78051 0 
0.783715 5.83562 0 
0.64888 5.81998 0 
0.716298 5.85166 0 
0.575501 5.76826 0 
0.519423 5.71331 0 
0.640663 5.75418 0 
0.384505 5.67657 0 
0.260402 5.58103 0 
0.320421 5.63501 0 
0.44859 5.66214 0 
1.8805 5.70457 0 
1.95233 5.7048 0 
2.02488 5.6882 0 
1.60089 5.7614 0 
1.67079 5.74719 0 
1.7407 5.75323 0 
1.8106 5.71878 0 
1.53099 5.77561 0 
1.39118 5.81862 0 
1.46108 5.78982 0 
1.32128 5.81824 0 
1.25194 5.83234 0 
1.18469 5.84601 0 
1.10363 5.82932 0 
0.851132 5.77715 0 
0.970776 5.82071 0 
0.912733 5.75008 0 
1.05338 5.77145 0 
0.253455 5.5082 0 
0.193167 5.45694 0 
0.128778 5.4117 0 
0.0654784 5.36035 0 
0 5.3101 0 
2.50144 5.50316 0 
2.42978 5.51988 0 
2.35813 5.5366 0 
2.28648 5.55332 0 
2.21483 5.56262 0 
2.07152 5.60348 0 
2.14317 5.57749 0 
0.77379 5.7254 0 
0.707226 5.78575 0 
0.584351 5.69898 0 
0.512674 5.6477 0 
0.659681 5.70285 0 
0.390604 5.60862 0 
0.325503 5.56785 0 
0.455704 5.59364 0 
1.85727 5.6368 0 
1.92822 5.63691 0 
1.99987 5.60722 0 
1.65016 5.67977 0 
1.58112 5.69409 0 
1.7192 5.68568 0 
1.78823 5.65112 0 
1.51208 5.70841 0 
1.44304 5.72273 0 
1.374 5.76623 0 
1.30496 5.75138 0 
1.17005 5.77937 0 
1.23648 5.76559 0 
1.1208 5.75541 0 
1.32651 5.70646 0 
0.840353 5.71102 0 
0.97348 5.72113 0 
0.906917 5.69663 0 
1.10661 5.68883 0 
1.04004 5.70498 0 
0.321161 5.50255 0 
0.257556 5.44116 0 
0.193167 5.39777 0 
0.130957 5.34586 0 
0.0654784 5.29753 0 
0 5.24538 0 
1.817 5.58975 0 
1.53672 5.65644 0 
2.47015 5.43434 0 
2.39743 5.45164 0 
2.32471 5.46514 0 
2.25199 5.48625 0 
2.17927 5.50356 0 
2.03382 5.53816 0 
2.10654 5.52086 0 
0.796611 5.67688 0 
0.728146 5.68987 0 
0.584351 5.64997 0 
0.512674 5.59694 0 
0.651219 5.63701 0 
0.385393 5.54321 0 
0.455704 5.54149 0 
0.380182 5.4778 0 
1.88838 5.57277 0 
1.9611 5.54213 0 
1.67686 5.6231 0 
1.60679 5.63977 0 
1.74693 5.60643 0 
1.46665 5.67312 0 
1.39658 5.68979 0 
1.25644 5.69133 0 
1.18822 5.70578 0 
1.30972 5.63954 0 
1.16358 5.65888 0 
1.13894 5.61198 0 
0.853981 5.63949 0 
1.00201 5.63794 0 
0.921568 5.62458 0 
1.07047 5.62496 0 
0.326419 5.43523 0 
0.257556 5.38384 0 
0.196435 5.33138 0 
0.130957 5.28495 0 
0.063633 5.23065 0 
0 5.18065 0 
1.42278 5.63387 0 
1.77046 5.55566 0 
1.84118 5.53883 0 
1.58644 5.57238 0 
1.51726 5.58917 0 
2.43887 5.36552 0 
2.36707 5.38294 0 
2.29527 5.40037 0 
2.21731 5.40752 0 
2.15167 5.42759 0 
2.00806 5.47006 0 
2.06961 5.43553 0 
0.842884 5.57331 0 
0.786393 5.61082 0 
0.709467 5.60337 0 
0.576758 5.58425 0 
0.520805 5.52832 0 
0.642758 5.57118 0 
0.449625 5.47597 0 
0.386334 5.4096 0 
0.513857 5.46268 0 
1.93626 5.48749 0 
1.65563 5.55559 0 
1.66887 5.49594 0 
1.72481 5.51985 0 
1.44808 5.57966 0 
1.3789 5.59462 0 
1.24053 5.62452 0 
1.32083 5.58678 0 
1.19192 5.56493 0 
1.12433 5.54534 0 
1.04301 5.52823 0 
0.91558 5.57146 0 
0.989155 5.57153 0 
0.321945 5.36991 0 
0.257556 5.32652 0 
0.193667 5.26629 0 
0.127266 5.21592 0 
0.0647332 5.16532 0 
0 5.11592 0 
1.79399 5.5049 0 
1.84805 5.47753 0 
1.56456 5.51833 0 
1.49157 5.54512 0 
2.40759 5.29669 0 
2.33468 5.31278 0 
2.26178 5.32887 0 
2.18887 5.33907 0 
2.11597 5.36104 0 
2.04306 5.36733 0 
1.97016 5.39321 0 
0.849922 5.51679 0 
0.776175 5.54475 0 
0.721425 5.53252 0 
0.585905 5.51514 0 
0.653658 5.50142 0 
0.570273 5.43219 0 
0.456987 5.4076 0 
0.386334 5.35599 0 
0.515112 5.37804 0 
1.89725 5.4093 0 
1.75342 5.44103 0 
1.61293 5.47203 0 
1.68317 5.43706 0 
1.10972 5.4787 0 
1.40219 5.51853 0 
1.33194 5.53403 0 
1.2617 5.54953 0 
1.17643 5.49817 0 
1.18657 5.44483 0 
1.06026 5.45458 0 
0.909593 5.51833 0 
0.976302 5.50512 0 
0.878506 5.40667 0 
0.321945 5.31444 0 
0.258223 5.25168 0 
0.193667 5.20729 0 
0.131371 5.15419 0 
0.0647332 5.10257 0 
0 5.0512 0 
1.82435 5.4097 0 
1.54268 5.46428 0 
1.47243 5.47789 0 
2.37631 5.22787 0 
2.30435 5.24212 0 
2.23239 5.25637 0 
2.16043 5.2765 0 
2.08847 5.29271 0 
2.01652 5.30892 0 
1.94456 5.31337 0 
0.856959 5.46027 0 
0.789192 5.47399 0 
0.711801 5.46653 0 
0.644938 5.43555 0 
0.588248 5.37983 0 
0.450723 5.34206 0 
0.386334 5.30237 0 
0.515112 5.32813 0 
1.8726 5.32762 0 
1.80064 5.35755 0 
1.73064 5.37332 0 
1.59197 5.3832 0 
1.6613 5.38894 0 
1.12803 5.4054 0 
1.38397 5.45142 0 
1.31463 5.46704 0 
1.2453 5.45185 0 
1.19671 5.3915 0 
1.04612 5.388 0 
0.992493 5.43283 0 
0.924726 5.44655 0 
0.834095 5.3689 0 
0.900054 5.35307 0 
0.327392 5.24723 0 
0.258223 5.19459 0 
0.1942 5.13467 0 
0.127561 5.08502 0 
0.0649224 5.0351 0 
0 4.98647 0 
1.52264 5.39693 0 
1.4533 5.41066 0 
1.40801 5.37459 0 
2.34502 5.15905 0 
2.27192 5.17385 0 
2.19882 5.18864 0 
2.12572 5.20949 0 
2.05263 5.22631 0 
1.97953 5.23303 0 
1.90643 5.24783 0 
0.702177 5.40055 0 
0.778664 5.40788 0 
0.656206 5.36546 0 
0.792121 5.3367 0 
0.580186 5.31405 0 
0.392871 5.23465 0 
0.458349 5.27344 0 
0.523828 5.25895 0 
1.83333 5.26263 0 
1.76023 5.29357 0 
1.68974 5.29169 0 
1.54888 5.32021 0 
1.61931 5.30595 0 
1.11298 5.3387 0 
1.33758 5.39079 0 
1.26714 5.37724 0 
1.21502 5.3323 0 
1.03197 5.32142 0 
0.979252 5.36637 0 
0.928036 5.30795 0 
0.84829 5.29639 0 
0.318165 5.17174 0 
0.258933 5.11935 0 
0.1942 5.07586 0 
0.129845 5.01901 0 
0.0649224 4.97241 0 
0 4.92174 0 
1.47844 5.33447 0 
1.38923 5.3074 0 
1.52821 5.26376 0 
2.31374 5.09023 0 
2.24162 5.10717 0 
2.16949 5.12008 0 
2.09737 5.14105 0 
2.02524 5.158 0 
1.95312 5.16485 0 
1.80887 5.1947 0 
1.88099 5.19188 0 
0.651709 5.30945 0 
0.714238 5.32924 0 
0.781264 5.27055 0 
0.580186 5.26601 0 
0.647212 5.25343 0 
0.420074 5.18955 0 
0.381798 5.15702 0 
0.458349 5.22207 0 
0.516446 5.19326 0 
1.73675 5.22577 0 
1.6672 5.2421 0 
1.59771 5.2384 0 
1.10707 5.26833 0 
1.16478 5.28956 0 
1.31973 5.32373 0 
1.23333 5.27311 0 
1.04937 5.24711 0 
0.982343 5.26354 0 
0.881804 5.24977 0 
0.328428 5.1145 0 
0.255123 5.05412 0 
0.191342 5.01076 0 
0.129845 4.95835 0 
0.0639382 4.90756 0 
0 4.85702 0 
1.45872 5.26716 0 
1.37044 5.24021 0 
1.50755 5.20732 0 
1.5761 5.19087 0 
2.28246 5.0214 0 
2.21131 5.03847 0 
2.14016 5.05554 0 
2.06901 5.07261 0 
1.99786 5.08968 0 
1.92671 5.10675 0 
1.78441 5.14089 0 
1.85556 5.12382 0 
0.714238 5.24086 0 
0.795193 5.19892 0 
0.658873 5.18356 0 
0.582388 5.17834 0 
0.388399 5.08869 0 
0.445431 5.14229 0 
0.516446 5.14381 0 
1.71326 5.15796 0 
1.62596 5.16029 0 
1.1164 5.19806 0 
1.1857 5.2137 0 
1.27281 5.23501 0 
0.915317 5.20315 0 
1.04937 5.178 0 
0.982343 5.19057 0 
0.863353 5.18384 0 
0.78959 5.14505 0 
0.318903 5.03867 0 
0.25969 4.98682 0 
0.194767 4.94429 0 
0.127876 4.89337 0 
0.0639382 4.84486 0 
0 4.79229 0 
1.74507 5.07661 0 
1.32502 5.17956 0 
1.45112 5.1849 0 
1.39469 5.16248 0 
1.52078 5.14721 0 
1.57999 5.1237 0 
2.25117 4.95258 0 
2.17887 4.96822 0 
2.10657 4.98802 0 
2.03427 5.00574 0 
1.96197 5.00683 0 
1.88967 5.02039 0 
1.81737 5.04642 0 
0.682707 5.13271 0 
0.727033 5.17047 0 
0.640303 5.09719 0 
0.574063 5.11252 0 
0.783987 5.09119 0 
0.388399 5.03579 0 
0.4598 5.08804 0 
0.517865 5.05804 0 
1.67334 5.09419 0 
1.60368 5.07403 0 
1.12671 5.14489 0 
1.06783 5.10502 0 
1.1857 5.15243 0 
1.25536 5.13936 0 
1.20786 5.10763 0 
0.931514 5.1312 0 
0.999674 5.11811 0 
0.851187 5.11752 0 
0.83902 5.0512 0 
0.318903 4.9838 0 
0.389535 4.95463 0 
0.25969 4.93024 0 
0.191815 4.87918 0 
0.127876 4.83271 0 
0.0651248 4.77959 0 
0 4.72756 0 
1.68928 5.0384 0 
1.76191 5.02255 0 
1.32502 5.1263 0 
1.40754 5.0999 0 
1.46435 5.12279 0 
1.53401 5.0871 0 
2.21989 4.88376 0 
2.14637 4.90002 0 
2.07284 4.912 0 
1.99932 4.93255 0 
1.9258 4.94882 0 
1.85227 4.95436 0 
1.77875 4.96848 0 
0.751723 5.05075 0 
0.706542 5.08186 0 
0.66167 5.04737 0 
0.584691 5.04222 0 
0.798422 5.01983 0 
0.517865 5.00908 0 
0.446465 5.00777 0 
0.454457 4.93853 0 
1.01871 5.06166 0 
1.63291 5.01361 0 
1.56207 5.02928 0 
1.06985 5.04328 0 
1.13702 5.09173 0 
1.19084 5.04068 0 
1.2787 5.09196 0 
0.918387 5.06475 0 
0.971499 5.02055 0 
0.866798 5.00606 0 
0.324612 4.91618 0 
0.389535 4.90212 0 
0.255753 4.86499 0 
0.195374 4.81259 0 
0.128213 4.7624 0 
0.0641066 4.71473 0 
0 4.66283 0 
1.65705 4.96417 0 
1.70522 4.9826 0 
1.34955 5.05091 0 
1.42039 5.03731 0 
1.49123 5.0237 0 
2.18861 4.81494 0 
2.11612 4.83134 0 
2.04363 4.84345 0 
1.97114 4.8577 0 
1.89866 4.88054 0 
1.82617 4.88622 0 
1.75368 4.91334 0 
1.6099 4.92875 0 
0.71946 5.01031 0 
0.652075 4.98139 0 
0.576088 4.97637 0 
0.786844 4.95359 0 
0.510245 4.94336 0 
0.454457 4.88806 0 
1.03774 5.00522 0 
1.54006 4.96167 0 
1.08869 4.97772 0 
1.121 5.02491 0 
1.20232 4.98842 0 
1.26068 4.99743 0 
1.01337 4.95855 0 
0.921613 4.96245 0 
0.854229 4.93968 0 
0.324612 4.86163 0 
0.383629 4.83662 0 
0.260499 4.79778 0 
0.19232 4.74746 0 
0.128213 4.70189 0 
0.0653416 4.6494 0 
0 4.59811 0 
1.68119 4.91473 0 
1.36495 4.98842 0 
1.41758 4.97232 0 
1.47021 4.95622 0 
2.15732 4.74611 0 
2.08587 4.76265 0 
2.01442 4.77918 0 
1.94297 4.79572 0 
1.8623 4.80554 0 
1.78854 4.82039 0 
1.72862 4.84533 0 
1.65716 4.86186 0 
1.58689 4.87813 0 
0.708874 4.9442 0 
0.642481 4.91541 0 
0.581596 4.91785 0 
0.775266 4.88734 0 
0.519523 4.87397 0 
0.447567 4.82243 0 
1.05638 4.93054 0 
1.49806 4.87891 0 
1.14273 4.95048 0 
1.21379 4.93616 0 
1.31151 4.94186 0 
0.988998 4.91188 0 
0.908052 4.89595 0 
0.841659 4.87331 0 
0.325624 4.78297 0 
0.383629 4.78411 0 
0.260499 4.74148 0 
0.196025 4.68072 0 
0.128574 4.63133 0 
0.064287 4.58454 0 
0 4.53338 0 
1.38035 4.92593 0 
1.43826 4.90196 0 
2.12604 4.67729 0 
2.05335 4.69229 0 
1.98067 4.70728 0 
1.90798 4.72228 0 
1.83529 4.73728 0 
1.76261 4.76334 0 
1.68992 4.76727 0 
1.61723 4.78226 0 
1.54637 4.79688 0 
0.648583 4.85796 0 
0.722268 4.87214 0 
0.587105 4.85934 0 
0.789849 4.81544 0 
0.578204 4.79345 0 
0.511647 4.80821 0 
0.447567 4.77196 0 
1.04084 4.86378 0 
1.10959 4.81668 0 
1.12616 4.88358 0 
1.47633 4.81133 0 
1.4063 4.8477 0 
1.19619 4.86913 0 
1.26623 4.88086 0 
1.33626 4.84023 0 
0.974445 4.84525 0 
0.916532 4.84106 0 
0.857431 4.8008 0 
0.983519 4.79159 0 
0.320533 4.71757 0 
0.390749 4.71607 0 
0.256426 4.67622 0 
0.196025 4.62254 0 
0.126465 4.56633 0 
0.0655744 4.51916 0 
0 4.46865 0 
2.09476 4.60847 0 
2.02314 4.6236 0 
1.95152 4.64317 0 
1.87991 4.65388 0 
1.80829 4.66901 0 
1.73667 4.68415 0 
1.66505 4.69929 0 
1.59344 4.72991 0 
1.45461 4.74376 0 
1.52362 4.72918 0 
0.722268 4.788 0 
0.654686 4.80051 0 
0.783862 4.76231 0 
0.589641 4.72293 0 
0.521849 4.73834 0 
0.448746 4.68769 0 
1.06129 4.78809 0 
1.13153 4.77068 0 
1.17859 4.8021 0 
1.4125 4.70103 0 
1.38561 4.75835 0 
1.2476 4.81369 0 
1.3166 4.77293 0 
0.925012 4.78617 0 
0.844432 4.73437 0 
0.992594 4.73794 0 
0.320533 4.66338 0 
0.38464 4.65054 0 
0.257148 4.59982 0 
0.189697 4.55044 0 
0.131149 4.50495 0 
0.0655744 4.4567 0 
0 4.40393 0 
2.06348 4.53965 0 
1.99058 4.55543 0 
1.91768 4.57122 0 
1.84478 4.59386 0 
1.77188 4.61193 0 
1.69898 4.63001 0 
1.62608 4.63436 0 
1.55318 4.65014 0 
1.48274 4.68361 0 
0.711318 4.72184 0 
0.657433 4.70751 0 
0.777875 4.70919 0 
0.448746 4.63771 0 
0.585032 4.66714 0 
0.51369 4.67255 0 
1.06129 4.72522 0 
1.13153 4.71221 0 
1.40179 4.64684 0 
1.20177 4.72624 0 
1.34226 4.69582 0 
1.27202 4.71103 0 
0.910989 4.7196 0 
0.860809 4.66126 0 
0.994494 4.68419 0 
1.0452 4.65839 0 
0.321435 4.58407 0 
0.392049 4.58224 0 
0.450009 4.55257 0 
0.25293 4.53454 0 
0.196723 4.49073 0 
0.131149 4.44475 0 
0.0633872 4.38942 0 
0 4.3392 0 
1.722 4.5777 0 
2.03219 4.47082 0 
1.9604 4.48675 0 
1.8886 4.50268 0 
1.81681 4.51861 0 
1.74502 4.5254 0 
1.67322 4.53904 0 
1.60143 4.5664 0 
1.52963 4.58233 0 
1.46026 4.57951 0 
1.39108 4.59266 0 
0.725225 4.65083 0 
0.647155 4.64144 0 
0.780619 4.61033 0 
0.847351 4.59477 0 
0.524295 4.60227 0 
0.580422 4.61134 0 
1.11438 4.64524 0 
1.18356 4.65913 0 
1.32191 4.6058 0 
1.25273 4.64378 0 
0.928601 4.64585 0 
0.996394 4.63043 0 
1.06669 4.58422 0 
0.914083 4.54453 0 
0.515833 4.53644 0 
0.321435 4.53025 0 
0.385722 4.51668 0 
0.442627 4.48687 0 
0.262298 4.47651 0 
0.193442 4.42557 0 
0.126774 4.37492 0 
0.0646895 4.32399 0 
0 4.27447 0 
2.00091 4.402 0 
1.92778 4.41863 0 
1.85466 4.43526 0 
1.78153 4.44479 0 
1.7084 4.45905 0 
1.63528 4.48515 0 
1.56215 4.50178 0 
1.48945 4.51831 0 
1.41899 4.51551 0 
1.34853 4.55035 0 
0.855867 4.53996 0 
0.713887 4.58462 0 
0.66033 4.56976 0 
0.796366 4.53725 0 
0.582753 4.52004 0 
0.655002 4.51536 0 
1.20761 4.5824 0 
1.13715 4.59842 0 
1.27807 4.56638 0 
1.11937 4.53137 0 
0.980816 4.56366 0 
1.05002 4.51731 0 
0.915718 4.49129 0 
0.573194 4.45406 0 
0.507372 4.4706 0 
0.327872 4.4623 0 
0.393446 4.44808 0 
0.459021 4.43386 0 
0.262298 4.42084 0 
0.193442 4.36764 0 
0.129379 4.30878 0 
0.0635538 4.25911 0 
0 4.20975 0 
1.96963 4.33318 0 
1.89764 4.34996 0 
1.82566 4.36673 0 
1.75368 4.38351 0 
1.68169 4.40029 0 
1.60971 4.40524 0 
1.53773 4.43385 0 
1.46616 4.45053 0 
1.32745 4.48287 0 
1.3968 4.4667 0 
0.864384 4.48514 0 
0.728348 4.5131 0 
0.783513 4.47084 0 
0.649673 4.46096 0 
1.18873 4.5152 0 
1.25809 4.47565 0 
1.14304 4.45441 0 
1.07234 4.44238 0 
1.00165 4.4882 0 
0.917353 4.43805 0 
0.618294 4.42181 0 
0.526874 4.41915 0 
0.322404 4.39685 0 
0.393446 4.39693 0 
0.459021 4.38498 0 
0.419672 4.35094 0 
0.257923 4.35554 0 
0.316936 4.33141 0 
0.194068 4.29357 0 
0.129379 4.24875 0 
0.0649149 4.19362 0 
0 4.14502 0 
1.93834 4.26435 0 
1.86497 4.28189 0 
1.7916 4.29452 0 
1.71823 4.31695 0 
1.64486 4.33449 0 
1.57149 4.33977 0 
1.49812 4.36955 0 
1.28442 4.42062 0 
1.42581 4.36972 0 
1.35512 4.40373 0 
0.850433 4.41858 0 
0.704838 4.42098 0 
0.770661 4.40443 0 
0.663395 4.38956 0 
1.21373 4.41332 0 
1.12459 4.38727 0 
1.05504 4.38985 0 
0.985483 4.39007 0 
0.926829 4.36762 0 
0.518088 4.35328 0 
0.595135 4.36016 0 
0.380323 4.31691 0 
0.44371 4.30241 0 
0.263301 4.28836 0 
0.329126 4.27564 0 
0.194068 4.23589 0 
0.12983 4.17749 0 
0.0649149 4.13134 0 
0 4.08029 0 
1.90706 4.19553 0 
1.83487 4.21322 0 
1.76269 4.23091 0 
1.6905 4.24125 0 
1.61832 4.26628 0 
1.54613 4.28397 0 
1.47395 4.30166 0 
1.4028 4.30198 0 
1.26369 4.35318 0 
1.33325 4.31666 0 
0.799915 4.35996 0 
0.868175 4.34516 0 
0.652331 4.32338 0 
0.731655 4.33528 0 
1.19414 4.34603 0 
1.03773 4.33732 0 
1.10614 4.32013 0 
0.987082 4.31763 0 
0.936435 4.29795 0 
0.509301 4.2874 0 
0.585209 4.29414 0 
0.641267 4.2572 0 
0.388137 4.24794 0 
0.453127 4.23266 0 
0.254215 4.21304 0 
0.323447 4.21017 0 
0.194745 4.16136 0 
0.127468 4.11246 0 
0.0637338 4.06645 0 
0 4.01557 0 
1.2767 4.29275 0 
1.87578 4.12671 0 
1.80215 4.14013 0 
1.72851 4.15355 0 
1.65488 4.16698 0 
1.58125 4.19056 0 
1.50762 4.20653 0 
1.43399 4.20724 0 
1.36205 4.22036 0 
1.22016 4.26885 0 
1.29111 4.23329 0 
0.786575 4.29348 0 
0.853696 4.27854 0 
0.666646 4.21047 0 
0.707251 4.24211 0 
1.14922 4.28423 0 
1.07827 4.27209 0 
0.990524 4.24806 0 
0.920818 4.23117 0 
0.529603 4.23693 0 
0.598124 4.2237 0 
0.381323 4.18232 0 
0.453127 4.1844 0 
0.259659 4.14524 0 
0.324574 4.12911 0 
0.191201 4.09617 0 
0.127468 4.05262 0 
0.0637338 4.00417 0 
0 3.95084 0 
1.84449 4.05789 0 
1.77209 4.07401 0 
1.69969 4.09013 0 
1.62728 4.09864 0 
1.55488 4.12238 0 
1.48248 4.13851 0 
1.41007 4.15463 0 
1.33934 4.17038 0 
1.19981 4.20146 0 
1.26957 4.16575 0 
0.655144 4.14424 0 
0.773234 4.22701 0 
0.839217 4.21191 0 
0.722483 4.16933 0 
1.13005 4.21699 0 
1.06029 4.21877 0 
0.973725 4.18114 0 
0.872209 4.17077 0 
0.520466 4.17101 0 
0.577486 4.13492 0 
0.389489 4.11298 0 
0.45541 4.09661 0 
0.254935 4.07989 0 
0.324574 4.0766 0 
0.191201 4.03878 0 
0.130318 3.98641 0 
0.0639287 3.9361 0 
0 3.88611 0 
1.81321 3.98906 0 
1.74204 4.00535 0 
1.67086 4.02163 0 
1.59147 4.03188 0 
1.52851 4.0542 0 
1.45733 4.07049 0 
1.38616 4.08677 0 
1.31662 4.10268 0 
1.17946 4.13407 0 
1.22694 4.10227 0 
0.584021 4.07773 0 
0.643643 4.078 0 
0.716141 4.1169 0 
0.789822 4.1535 0 
0.709799 4.06446 0 
1.11088 4.14976 0 
1.0423 4.16545 0 
0.857161 4.10408 0 
0.984766 4.12883 0 
0.925819 4.12153 0 
0.522984 4.07982 0 
0.447124 4.03079 0 
0.389489 4.06292 0 
0.254935 4.02494 0 
0.318669 4.0111 0 
0.191201 3.98138 0 
0.130318 3.92678 0 
0.0654244 3.87057 0 
0 3.82138 0 
1.78193 3.92024 0 
1.70929 3.93732 0 
1.63665 3.94912 0 
1.56401 3.96356 0 
1.49138 3.98855 0 
1.41874 4.00563 0 
1.3461 4.00688 0 
1.27576 4.02086 0 
1.20577 4.03478 0 
1.13578 4.07216 0 
0.658131 4.00629 0 
0.590557 4.02054 0 
0.775956 4.05092 0 
0.725704 3.99205 0 
0.859029 4.04997 0 
1.0658 4.08861 0 
0.909566 4.05467 0 
0.995808 4.07651 0 
0.920348 4.00171 0 
0.513468 4.01385 0 
0.480296 3.97474 0 
0.382403 3.99726 0 
0.260636 3.95726 0 
0.318669 3.95859 0 
0.195477 3.91475 0 
0.127857 3.86173 0 
0.0654244 3.8085 0 
0 3.75666 0 
1.09143 4.03379 0 
1.75064 3.85142 0 
1.67928 3.86866 0 
1.60792 3.88591 0 
1.53656 3.90315 0 
1.46519 3.90985 0 
1.39383 3.92445 0 
1.32247 3.95489 0 
1.25336 3.97159 0 
1.1846 3.98821 0 
1.11584 3.98135 0 
0.579812 3.9544 0 
0.652144 3.95317 0 
0.719102 3.94012 0 
0.793278 3.9778 0 
0.860898 3.99587 0 
1.04709 3.99543 0 
0.978326 4.0095 0 
0.93113 3.94875 0 
0.513468 3.92377 0 
0.447124 3.93563 0 
0.382403 3.9472 0 
0.260636 3.90272 0 
0.319644 3.87715 0 
0.191786 3.84954 0 
0.130849 3.79561 0 
0.0641406 3.7436 0 
0 3.69193 0 
1.21206 3.90863 0 
1.71936 3.7826 0 
1.64647 3.79796 0 
1.57358 3.81332 0 
1.50069 3.82869 0 
1.4278 3.84405 0 
1.35491 3.85942 0 
1.28229 3.87473 0 
1.14183 3.90433 0 
1.07159 3.91914 0 
0.586649 3.89783 0 
0.646156 3.90005 0 
0.712501 3.88819 0 
0.778845 3.91119 0 
0.845234 3.92909 0 
1.00136 3.93394 0 
0.914188 3.8818 0 
0.45783 3.86631 0 
0.525658 3.85379 0 
0.383572 3.86242 0 
0.261698 3.82393 0 
0.327122 3.80838 0 
0.192422 3.77424 0 
0.128281 3.73054 0 
0.0657139 3.6781 0 
0 3.6272 0 
1.19001 3.84101 0 
1.68808 3.71377 0 
1.61651 3.72931 0 
1.54495 3.75034 0 
1.47339 3.76862 0 
1.40182 3.77593 0 
1.33026 3.77774 0 
1.25896 3.80694 0 
1.12105 3.83689 0 
1.0521 3.85186 0 
0.593485 3.84127 0 
0.680663 3.84473 0 
0.754735 3.84594 0 
0.845234 3.86446 0 
0.983143 3.8398 0 
0.925457 3.82985 0 
0.392547 3.79284 0 
0.515732 3.78776 0 
0.449185 3.80045 0 
0.256563 3.75853 0 
0.327122 3.75694 0 
0.18857 3.70901 0 
0.131428 3.66428 0 
0.0643718 3.6132 0 
0 3.56248 0 
1.16911 3.78993 0 
1.6568 3.64495 0 
1.58363 3.66132 0 
1.51047 3.67197 0 
1.4373 3.69405 0 
1.36414 3.71042 0 
1.29097 3.71249 0 
1.21871 3.74295 0 
1.07772 3.77449 0 
1.00722 3.79026 0 
0.550209 3.73476 0 
0.648826 3.80127 0 
0.582279 3.77507 0 
0.715373 3.78593 0 
0.796969 3.8037 0 
0.847553 3.80969 0 
0.936725 3.77789 0 
0.518138 3.69445 0 
0.392547 3.74405 0 
0.460404 3.73068 0 
0.251427 3.69313 0 
0.320703 3.69137 0 
0.193115 3.64159 0 
0.128744 3.5992 0 
0.0630296 3.5483 0 
0 3.49775 0 
1.14821 3.73885 0 
1.62551 3.57613 0 
1.55373 3.59268 0 
1.48195 3.60351 0 
1.41016 3.62577 0 
1.33838 3.64232 0 
1.2666 3.64457 0 
1.1957 3.67521 0 
0.988203 3.72304 0 
1.05737 3.7071 0 
0.584905 3.67809 0 
0.724097 3.73147 0 
0.664716 3.72817 0 
0.658195 3.67608 0 
0.919038 3.71085 0 
0.781921 3.737 0 
0.849873 3.75493 0 
0.573198 3.61183 0 
0.507767 3.62836 0 
0.442336 3.64489 0 
0.384844 3.67831 0 
0.257487 3.62481 0 
0.32857 3.6228 0 
0.193115 3.5852 0 
0.128744 3.54003 0 
0.066031 3.48581 0 
0 3.43302 0 
1.12653 3.67128 0 
1.59423 3.50731 0 
1.52077 3.52178 0 
1.4473 3.53625 0 
1.37384 3.55072 0 
1.30038 3.57713 0 
1.22691 3.59458 0 
1.15499 3.59384 0 
0.942641 3.66213 0 
1.01342 3.64531 0 
1.08421 3.60778 0 
0.651673 3.62399 0 
0.619692 3.58136 0 
0.73282 3.67701 0 
0.718441 3.6104 0 
0.871858 3.67895 0 
0.801074 3.66356 0 
0.587712 3.53874 0 
0.520703 3.5562 0 
0.463155 3.59448 0 
0.394749 3.60887 0 
0.257487 3.57119 0 
0.321859 3.55719 0 
0.189089 3.51994 0 
0.132062 3.47386 0 
0.064625 3.42089 0 
0 3.3683 0 
1.56295 3.43848 0 
1.49093 3.45613 0 
1.4189 3.46781 0 
1.34688 3.48247 0 
1.27486 3.50906 0 
1.13233 3.54398 0 
1.20284 3.5267 0 
1.06293 3.54027 0 
0.924144 3.59498 0 
0.993539 3.5544 0 
0.668371 3.5513 0 
0.785355 3.59678 0 
0.736776 3.53691 0 
0.85475 3.61198 0 
0.621216 3.49352 0 
0.458425 3.53892 0 
0.548779 3.49326 0 
0.386687 3.54309 0 
0.252119 3.50576 0 
0.321859 3.50635 0 
0.198093 3.46192 0 
0.12925 3.40877 0 
0.0649035 3.35212 0 
0 3.30357 0 
1.53166 3.36966 0 
1.46108 3.38749 0 
1.38409 3.40071 0 
1.31992 3.42316 0 
1.24934 3.44099 0 
1.09112 3.46235 0 
1.16272 3.44729 0 
1.02002 3.47731 0 
0.961541 3.50202 0 
0.905647 3.52783 0 
0.65472 3.44831 0 
0.721728 3.47021 0 
0.80673 3.52219 0 
0.622722 3.4043 0 
0.575458 3.43303 0 
0.509847 3.44779 0 
0.378624 3.47731 0 
0.453695 3.48336 0 
0.2585 3.4376 0 
0.323125 3.42256 0 
0.193875 3.39664 0 
0.129807 3.33594 0 
0.0634271 3.2872 0 
0 3.23884 0 
0.859898 3.46779 0 
1.50038 3.30084 0 
1.4281 3.31656 0 
1.35582 3.32605 0 
1.28354 3.35736 0 
1.21126 3.3762 0 
1.06883 3.39471 0 
1.13898 3.36386 0 
0.999187 3.38824 0 
0.929542 3.44963 0 
0.70668 3.40351 0 
0.790253 3.42467 0 
0.590724 3.3603 0 
0.657996 3.34464 0 
0.534841 3.40101 0 
0.466106 3.41344 0 
0.388909 3.40726 0 
0.252876 3.37214 0 
0.316095 3.35692 0 
0.19471 3.31977 0 
0.126854 3.27083 0 
0.0634271 3.22553 0 
0 3.17411 0 
0.885756 3.41136 0 
1.4691 3.23201 0 
1.39832 3.24793 0 
1.32081 3.25884 0 
1.24667 3.27225 0 
1.186 3.29569 0 
1.04655 3.32706 0 
1.0985 3.29905 0 
0.96723 3.33418 0 
0.910161 3.35774 0 
0.741304 3.36366 0 
0.841969 3.37308 0 
0.523452 3.33479 0 
0.577872 3.29389 0 
0.725518 3.29687 0 
0.64368 3.27804 0 
0.380447 3.34142 0 
0.491152 3.29436 0 
0.456181 3.34741 0 
0.265519 3.31658 0 
0.331899 3.30366 0 
0.19471 3.26421 0 
0.130423 3.20397 0 
0.0652113 3.1599 0 
0 3.10939 0 
1.43781 3.16319 0 
1.36525 3.18008 0 
1.29268 3.19696 0 
1.22012 3.20405 0 
1.14755 3.21766 0 
1.00519 3.26386 0 
1.07511 3.23126 0 
0.935274 3.28013 0 
0.865355 3.27062 0 
0.795437 3.28375 0 
0.538387 3.26344 0 
0.585923 3.23869 0 
0.728124 3.24152 0 
0.780638 3.23059 0 
0.676584 3.23653 0 
0.391289 3.27078 0 
0.458851 3.25394 0 
0.259614 3.25108 0 
0.317136 3.22172 0 
0.190281 3.1989 0 
0.130423 3.14568 0 
0.0652113 3.09839 0 
0 3.04466 0 
1.40653 3.09437 0 
1.33554 3.11146 0 
1.26456 3.12855 0 
1.03462 3.1668 0 
1.19357 3.14564 0 
1.12259 3.16274 0 
0.983322 3.19627 0 
0.914925 3.21273 0 
0.833152 3.21965 0 
0.593974 3.18349 0 
0.526412 3.19715 0 
0.730729 3.18618 0 
0.800949 3.16868 0 
0.595736 3.1313 0 
0.646488 3.13673 0 
0.382388 3.20488 0 
0.448413 3.18784 0 
0.260845 3.16911 0 
0.317136 3.17227 0 
0.195634 3.13146 0 
0.127314 3.08054 0 
0.0636572 3.03345 0 
0 2.97993 0 
1.37525 3.02555 0 
1.30237 3.04028 0 
1.22949 3.05501 0 
1.01161 3.11618 0 
1.08374 3.0982 0 
1.15661 3.06975 0 
0.941389 3.11326 0 
0.871169 3.12745 0 
0.514438 3.13085 0 
0.714107 3.11927 0 
0.78273 3.10157 0 
0.597499 3.0791 0 
0.665736 3.06086 0 
0.393852 3.13355 0 
0.461734 3.1154 0 
0.260845 3.11724 0 
0.326057 3.10302 0 
0.190972 3.06612 0 
0.127314 3.02225 0 
0.0655533 2.96789 0 
0 2.91521 0 
0.988598 3.04844 0 
1.34397 2.95672 0 
1.27275 2.9751 0 
1.20152 2.99348 0 
1.05908 3.03024 0 
1.1303 3.01186 0 
0.919975 3.06615 0 
0.851353 3.06013 0 
0.529616 3.05864 0 
0.806842 3.02314 0 
0.736289 3.042 0 
0.597499 3.00857 0 
0.665736 2.99706 0 
0.393852 3.04293 0 
0.461734 3.03148 0 
0.254629 3.0517 0 
0.326057 3.05437 0 
0.190972 3.01104 0 
0.131107 2.95585 0 
0.0639129 2.90295 0 
0 2.85048 0 
1.00419 2.99288 0 
0.933962 3.00779 0 
1.31268 2.8879 0 
1.23946 2.90748 0 
1.16624 2.92705 0 
1.09301 2.94663 0 
0.877395 3.00427 0 
0.516995 2.99226 0 
0.797228 2.96457 0 
0.736289 2.98515 0 
0.583259 2.94198 0 
0.668535 2.94181 0 
0.384466 2.97698 0 
0.450731 2.96531 0 
0.254629 2.99984 0 
0.328391 2.96732 0 
0.191739 2.93298 0 
0.127826 2.89069 0 
0.0641987 2.83345 0 
0 2.78575 0 
1.11573 2.89544 0 
1.01979 2.93732 0 
0.947948 2.94944 0 
1.2814 2.81908 0 
1.20992 2.83527 0 
1.13844 2.84425 0 
1.06696 2.86766 0 
0.856486 2.91535 0 
0.533105 2.91911 0 
0.787614 2.90601 0 
0.718743 2.91813 0 
0.584777 2.88916 0 
0.671334 2.88656 0 
0.464867 2.89453 0 
0.396629 2.90706 0 
0.320173 2.90152 0 
0.186818 2.8676 0 
0.255652 2.91732 0 
0.128397 2.81642 0 
0.0641987 2.77232 0 
0 2.72103 0 
0.925357 2.88176 0 
0.995485 2.88385 0 
1.25012 2.75026 0 
1.17651 2.76378 0 
1.1029 2.7773 0 
1.02929 2.80226 0 
0.884102 2.8175 0 
0.813179 2.83053 0 
0.519765 2.85264 0 
0.742256 2.84356 0 
0.586295 2.83635 0 
0.654534 2.81963 0 
0.453234 2.82828 0 
0.453041 2.7783 0 
0.386704 2.84104 0 
0.192596 2.7994 0 
0.311955 2.83572 0 
0.24909 2.85174 0 
0.128397 2.75888 0 
0.0663656 2.70651 0 
0 2.6563 0 
0.187385 2.73399 0 
0.955686 2.81959 0 
1.21883 2.68143 0 
1.14707 2.6952 0 
1.0753 2.70896 0 
0.861979 2.76883 0 
1.00354 2.73416 0 
0.93177 2.75174 0 
0.79283 2.76314 0 
0.506424 2.78617 0 
0.723682 2.7764 0 
0.571247 2.76965 0 
0.66595 2.76722 0 
0.481191 2.73825 0 
0.331021 2.78418 0 
0.399657 2.77043 0 
0.263742 2.79765 0 
0.249847 2.71673 0 
0.132731 2.69199 0 
0.0645202 2.64154 0 
0 2.59157 0 
0.199097 2.67748 0 
1.18755 2.61261 0 
1.11763 2.63043 0 
1.03948 2.64227 0 
0.839855 2.70121 0 
0.907855 2.68388 0 
0.965439 2.6571 0 
0.748702 2.70051 0 
0.522785 2.71181 0 
0.677366 2.7148 0 
0.606029 2.72909 0 
0.455957 2.69034 0 
0.389129 2.70432 0 
0.322301 2.71831 0 
0.508641 2.64524 0 
0.265463 2.66296 0 
0.12904 2.62678 0 
0.0645202 2.58063 0 
0 2.52685 0 
0.199097 2.62421 0 
0 2.46212 0 
0.798437 2.6387 0 
1.15627 2.54379 0 
1.08418 2.55887 0 
1.01209 2.57396 0 
0.867921 2.62027 0 
0.940007 2.58904 0 
0.72898 2.6332 0 
0.590065 2.66227 0 
0.659522 2.64774 0 
0.42947 2.64084 0 
0.3339 2.64799 0 
0.541151 2.60266 0 
0.483791 2.59828 0 
0.258081 2.59727 0 
0.125349 2.56157 0 
0.0648845 2.51059 0 
0.188024 2.54658 0 
0.062916 2.4456 0 
0 2.39739 0 
0.777077 2.58659 0 
1.12498 2.47497 0 
1.05046 2.49126 0 
0.975945 2.50756 0 
0.901425 2.52386 0 
0.844439 2.55247 0 
0.683915 2.57144 0 
0.639504 2.53106 0 
0.612113 2.58714 0 
0.402984 2.59134 0 
0.329257 2.59227 0 
0.45894 2.55133 0 
0.526103 2.53597 0 
0.258081 2.54782 0 
0.129769 2.49433 0 
0.200559 2.49107 0 
0.125832 2.42909 0 
0.0653009 2.37942 0 
0 2.33266 0 
0.755717 2.53449 0 
1.0937 2.40614 0 
1.02125 2.41843 0 
0.948806 2.43071 0 
0.876358 2.45585 0 
0.804508 2.47229 0 
0.664897 2.47884 0 
0.595092 2.49068 0 
0.324615 2.53654 0 
0.391778 2.52515 0 
0.511055 2.46927 0 
0.445813 2.48488 0 
0.267486 2.47913 0 
0.194654 2.42557 0 
0.125832 2.37251 0 
0.0653009 2.31906 0 
0 2.26794 0 
0.734702 2.46701 0 
1.06242 2.33732 0 
0.987351 2.35071 0 
0.912284 2.3641 0 
0.781496 2.40455 0 
0.851292 2.38785 0 
0.702719 2.4129 0 
0.618756 2.41647 0 
0.546427 2.42937 0 
0.337077 2.46671 0 
0.394694 2.42796 0 
0.462236 2.41103 0 
0.25961 2.41337 0 
0.195903 2.34348 0 
0.126384 2.29617 0 
0.0631918 2.25406 0 
0 2.20321 0 
0.740935 2.34121 0 
1.03114 2.2685 0 
0.958278 2.28218 0 
0.885422 2.29586 0 
0.812565 2.32326 0 
0.670736 2.35879 0 
0.600537 2.36287 0 
0.530337 2.36253 0 
0.327152 2.40069 0 
0.38272 2.36166 0 
0.448213 2.30876 0 
0.251734 2.34761 0 
0.195903 2.29185 0 
0.126384 2.24017 0 
0.0657814 2.18796 0 
0 2.13848 0 
0.764424 2.2914 0 
0.694596 2.30706 0 
0.999852 2.19967 0 
0.929206 2.21822 0 
0.858559 2.22761 0 
0.787913 2.24158 0 
0.650387 2.26878 0 
0.582317 2.30927 0 
0.514248 2.2957 0 
0.482555 2.24909 0 
0.317227 2.33466 0 
0.397935 2.28788 0 
0.261984 2.27808 0 
0.131563 2.17272 0 
0.189576 2.22629 0 
0.391509 2.23561 0 
0.0657814 2.12794 0 
0 2.07376 0 
0.718456 2.25532 0 
0.677138 2.21105 0 
0.968569 2.13085 0 
0.895245 2.14613 0 
0.82192 2.16141 0 
0.748596 2.19139 0 
0.606488 2.23049 0 
0.535838 2.22102 0 
0.450863 2.20248 0 
0.319303 2.24047 0 
0.131563 2.11739 0 
0.253523 2.21224 0 
0.197344 2.15747 0 
0.385083 2.18334 0 
0.0663419 2.05659 0 
0 2.00903 0 
0.700778 2.15257 0 
0.632018 2.17503 0 
0.937286 2.06203 0 
0.86633 2.07762 0 
0.795374 2.10301 0 
0.724418 2.09409 0 
0.586899 2.139 0 
0.518531 2.15402 0 
0.42622 2.1563 0 
0.319303 2.15511 0 
0.12702 2.05207 0 
0.19053 2.09185 0 
0.264626 2.14187 0 
0.401577 2.11013 0 
0.0638813 1.99155 0 
0 1.9443 0 
0.655267 2.10451 0 
0.541893 2.0776 0 
0.906003 1.99321 0 
0.832139 2.01033 0 
0.758275 2.02745 0 
0.684412 2.04457 0 
0.613063 2.06111 0 
0.470723 2.0941 0 
0.132684 1.98489 0 
0.333101 2.08507 0 
0.19053 2.04122 0 
0.255489 2.07595 0 
0.387711 2.04359 0 
0.0638813 1.93191 0 
0.122841 1.90869 0 
0 1.87958 0 
0.566894 2.02514 0 
0.498181 2.03688 0 
0.87472 1.92438 0 
0.803407 1.93656 0 
0.732093 1.94874 0 
0.66078 1.97675 0 
0.591895 1.97268 0 
0.45447 1.99615 0 
0.191644 1.95658 0 
0.3216 2.01884 0 
0.2676 2.00453 0 
0.405719 1.9688 0 
0.191644 1.90712 0 
0.0643201 1.8598 0 
0.134009 1.85183 0 
0 1.81485 0 
0.523182 1.98441 0 
0.843437 1.85556 0 
0.768944 1.87483 0 
0.694451 1.88267 0 
0.620418 1.91326 0 
0.548641 1.93182 0 
0.476865 1.92226 0 
0.257675 1.9385 0 
0.336659 1.94777 0 
0.39067 1.9021 0 
0.24775 1.87248 0 
0.201251 1.83791 0 
0.0643201 1.80063 0 
0.12864 1.7864 0 
0 1.75012 0 
0.812154 1.78674 0 
0.740424 1.80637 0 
0.668693 1.81457 0 
0.597406 1.84552 0 
0.528292 1.86443 0 
0.459178 1.86928 0 
0.441491 1.81631 0 
0.311686 1.85394 0 
0.375622 1.8354 0 
0.270999 1.82347 0 
0.193188 1.77213 0 
0.0616358 1.73555 0 
0.12864 1.73278 0 
0 1.6854 0 
0.780871 1.71792 0 
0.711904 1.73791 0 
0.642936 1.75791 0 
0.574395 1.77778 0 
0.483779 1.77942 0 
0.394809 1.75818 0 
0.327097 1.779 0 
0.260143 1.75732 0 
0.193188 1.72408 0 
0.0677994 1.67547 0 
0.135599 1.66555 0 
0 1.62067 0 
0.749588 1.64909 0 
0.677365 1.6713 0 
0.605142 1.68103 0 
0.533987 1.69677 0 
0.464398 1.68753 0 
0.394809 1.69691 0 
0.313446 1.676 0 
0.249286 1.69118 0 
0.195473 1.6359 0 
0.0618939 1.60386 0 
0.129693 1.60005 0 
0 1.55594 0 
0.718305 1.58027 0 
0.649096 1.59664 0 
0.418343 1.62417 0 
0.579887 1.613 0 
0.491696 1.61343 0 
0.345526 1.63483 0 
0.262976 1.61881 0 
0.186572 1.57001 0 
0.256988 1.56569 0 
0.0654902 1.53684 0 
0.13098 1.51774 0 
0 1.49121 0 
0.687022 1.51145 0 
0.614208 1.52988 0 
0.400124 1.57057 0 
0.470282 1.56632 0 
0.541393 1.54832 0 
0.31543 1.53502 0 
0.198123 1.49815 0 
0.251001 1.51257 0 
0.0622093 1.47168 0 
0.13098 1.46659 0 
0 1.42649 0 
0.655739 1.44263 0 
0.58624 1.45464 0 
0.381904 1.51698 0 
0.448868 1.47837 0 
0.516742 1.48037 0 
0.335343 1.45813 0 
0.188198 1.43213 0 
0.252955 1.4118 0 
0.0622093 1.41374 0 
0.124419 1.401 0 
0 1.36176 0 
0.624456 1.3738 0 
0.550919 1.39525 0 
0.406198 1.43746 0 
0.477382 1.40146 0 
0.318544 1.3912 0 
0.194737 1.37445 0 
0.261621 1.35657 0 
0.0662946 1.34694 0 
0.132589 1.33212 0 
0 1.29703 0 
0.593173 1.30498 0 
0.52332 1.32691 0 
0.453467 1.3336 0 
0.385849 1.34745 0 
0.341591 1.31078 0 
0.201276 1.31677 0 
0.270286 1.30134 0 
0.0626036 1.28173 0 
0.125207 1.26643 0 
0 1.23231 0 
0.56189 1.23616 0 
0.48745 1.26137 0 
0.413316 1.25225 0 
0.341591 1.26002 0 
0.19007 1.25057 0 
0.255238 1.23464 0 
0.0626036 1.22464 0 
0.125207 1.21698 0 
0 1.16758 0 
0.530607 1.16733 0 
0.460311 1.17594 0 
0.390305 1.18451 0 
0.322573 1.19281 0 
0.265738 1.18201 0 
0.205146 1.17734 0 
0.0673288 1.15827 0 
0.13506 1.1489 0 
0 1.10285 0 
0.499324 1.09851 0 
0.423722 1.10897 0 
0.349083 1.11929 0 
0.276239 1.12937 0 
0.192294 1.11093 0 
0.0631106 1.09299 0 
0.118137 1.06445 0 
0 1.03813 0 
0.468041 1.02969 0 
0.397176 1.04077 0 
0.327212 1.0517 0 
0.258932 1.07684 0 
0.179441 1.04452 0 
0.138572 1.01361 0 
0.0637866 1.01515 0 
0 0.973399 0 
0.0588653 0.949774 0 
0.436758 0.960867 0 
0.359608 0.974514 0 
0.305342 1.00359 0 
0.241626 1.0243 0 
0.195045 0.967856 0 
0.128646 0.947587 0 
0 0.908672 0 
0.0706384 0.892541 0 
0.405474 0.892044 0 
0.333851 0.906415 0 
0.203493 0.898221 0 
0.263754 0.920479 0 
0.143232 0.875963 0 
0 0.843945 0 
0.0647329 0.827041 0 
0.374191 0.823221 0 
0.308094 0.849749 0 
0.21793 0.831875 0 
0.131257 0.809669 0 
0 0.779218 0 
0.0588274 0.761541 0 
0.342908 0.754399 0 
0.270222 0.77338 0 
0.199711 0.764763 0 
0.119283 0.743374 0 
0 0.714491 0 
0.0735343 0.707668 0 
0.311625 0.685576 0 
0.24557 0.705425 0 
0.167282 0.71612 0 
0.134853 0.667476 0 
0 0.649764 0 
0.0587706 0.625735 0 
0.280342 0.616753 0 
0.16301 0.604892 0 
0.206215 0.642597 0 
0.119805 0.567188 0 
0.0587706 0.576281 0 
0 0.585037 0 
0.249059 0.547931 0 
0.183204 0.557742 0 
0.14166 0.516132 0 
0.0690947 0.507238 0 
0 0.52031 0 
0.217776 0.479108 0 
0.131485 0.459813 0 
0.0591694 0.441211 0 
0 0.455583 0 
0.186493 0.410285 0 
0.121311 0.403495 0 
0.0746608 0.367097 0 
0 0.390856 0 
0.15521 0.341463 0 
0.0596127 0.300399 0 
0 0.32613 0 
0.123927 0.27264 0 
0.0445646 0.233702 0 
0 0.261403 0 
0.0926442 0.203817 0 
0 0.196676 0 
0.0613612 0.134995 0 
0 0.131949 0 
0.0301216 0.0662676 0 
0 0.0672218 0 
0 0 0 

CELLS 14671 58684
3 3610 3676 3675
3 3538 3609 3539
3 3540 3538 3469
3 3608 3609 3538
3 3610 3608 3540
3 3675 3609 3608
3 3538 3540 3608
3 3469 3538 3539
3 3467 3392 3469
3 3608 3610 3675
3 3468 3540 3469
3 3541 3610 3540
3 3386 3461 3463
3 3386 3392 3461
3 3388 3387 3463
3 3310 3392 3386
3 3306 3310 3387
3 3303 3306 3384
3 3306 3224 3226
3 3314 3313 3395
3 3226 3309 3310
3 3309 3230 3314
3 3391 3309 3314
3 3226 3230 3309
3 3469 3539 3467
3 3468 3469 3392
3 3391 3468 3392
3 3471 3540 3468
3 3471 3541 3540
3 3541 3471 3470
3 3467 3461 3392
3 3387 3310 3386
3 3463 3387 3386
3 3384 3306 3387
3 3394 3471 3395
3 3384 3388 3307
3 3394 3470 3471
3 3313 3394 3395
3 3393 3470 3394
3 3384 3307 3303
3 3051 3048 3137
3 3393 3312 3311
3 3137 3220 3142
3 3228 3311 3312
3 2944 3044 3048
3 2741 2837 2840
3 2941 3044 2940
3 2837 2923 2941
3 2840 2837 2940
3 2738 2722 2820
3 3045 3133 3134
3 3043 3045 2941
3 3043 3133 3045
3 3127 3147 3146
3 3045 3044 2941
3 3216 3224 3301
3 3133 3216 3217
3 3133 3141 3216
3 3137 3048 3134
3 3225 3142 3220
3 3142 3051 3137
3 2840 2944 2843
3 3134 3048 3044
3 3051 2947 3048
3 2818 2846 2845
3 3145 3148 3056
3 3311 3228 3227
3 3229 3231 3148
3 3312 3229 3228
3 3312 3313 3229
3 3301 3306 3303
3 3314 3230 3231
3 3306 3226 3310
3 3306 3301 3224
3 3220 3301 3303
3 3225 3220 3303
3 3137 3134 3217
3 3054 3141 3130
3 3036 3054 2950
3 2951 3036 2950
3 3127 3054 3036
3 3127 3146 3054
3 3226 3146 3230
3 3054 3043 2949
3 3224 3141 3146
3 3226 3224 3146
3 3301 3217 3216
3 3130 3043 3054
3 3133 3130 3141
3 3133 3043 3130
3 3224 3216 3141
3 3134 3044 3045
3 3231 3229 3313
3 3056 3148 3055
3 2952 3056 3055
3 3145 3228 3229
3 3053 3145 3056
3 3144 3143 3227
3 3053 3144 3145
3 3053 2948 3052
3 3391 3395 3468
3 3310 3391 3392
3 3310 3309 3391
3 3303 3307 3225
3 3127 3036 3055
3 3148 3147 3055
3 3146 3141 3054
3 3384 3387 3388
3 3147 3127 3055
3 3231 3147 3148
3 3231 3230 3147
3 3394 3313 3312
3 3468 3395 3471
3 3394 3312 3393
3 3391 3314 3395
3 3229 3148 3145
3 3314 3231 3313
3 3230 3146 3147
3 2743 2741 2840
3 2745 2642 2720
3 2744 2642 2745
3 2821 2744 2844
3 2821 2819 2723
3 2642 2542 2618
3 3145 3144 3228
3 2741 2743 2640
3 2944 2940 3044
3 2947 2944 3048
3 2840 2940 2944
3 2743 2840 2843
3 2741 2738 2837
3 2539 2537 2638
3 2820 2722 2819
3 2923 2820 2819
3 2837 2738 2820
3 2953 2849 2948
3 2951 2847 2952
3 3055 2951 2952
3 2950 2845 2951
3 2747 2748 2848
3 2539 2436 2537
3 2638 2738 2741
3 2539 2638 2640
3 2537 2534 2635
3 2339 2435 2436
3 2922 2821 2844
3 2949 2922 2844
3 3024 2923 2922
3 3043 3024 2949
3 2923 2819 2821
3 2941 2923 3024
3 2941 2940 2837
3 2640 2638 2741
3 3024 2922 2949
3 2923 2821 2922
3 2837 2820 2923
3 2635 2722 2738
3 2620 2721 2722
3 2638 2635 2738
3 2520 2519 2619
3 2540 2621 2521
3 2619 2620 2520
3 2521 2619 2519
3 2621 2723 2721
3 2644 2645 2747
3 2746 2644 2747
3 2544 2545 2644
3 2543 2544 2643
3 2545 2629 2645
3 2443 2545 2544
3 2443 2528 2545
3 2543 2442 2544
3 2528 2529 2629
3 2545 2528 2629
3 2517 2416 2425
3 2843 2944 2947
3 3024 3043 2941
3 2845 2949 2844
3 2950 3054 2949
3 3217 3301 3220
3 3137 3217 3220
3 3134 3133 3217
3 3128 3052 3038
3 3227 3228 3144
3 2818 2845 2745
3 2643 2746 2720
3 2846 2951 2845
3 2746 2846 2818
3 2847 2951 2846
3 2746 2747 2847
3 2720 2746 2818
3 2643 2644 2746
3 2848 2952 2847
3 2849 2953 2848
3 3055 3036 2951
3 2435 2537 2436
3 2238 2237 2338
3 2521 2420 2418
3 2338 2432 2435
3 2238 2338 2339
3 2335 2325 2417
3 2237 2335 2338
3 2237 2234 2335
3 2342 2440 2437
3 2240 2341 2342
3 2439 2542 2438
3 2441 2442 2543
3 2318 2241 2343
3 2241 2242 2344
3 2518 2618 2542
3 2746 2847 2846
3 2748 2747 2645
3 2848 2847 2747
3 2745 2720 2818
3 2618 2643 2720
3 2642 2618 2720
3 2844 2744 2745
3 2518 2439 2441
3 2618 2518 2543
3 2542 2439 2518
3 2541 2542 2642
3 2440 2438 2542
3 2543 2643 2618
3 2343 2344 2441
3 2439 2343 2441
3 2318 2215 2241
3 2442 2443 2544
3 2441 2344 2442
3 2518 2441 2543
3 2439 2341 2343
3 2345 2330 2426
3 2344 2242 2345
3 2143 2142 2243
3 2948 2934 3038
3 2953 2948 3053
3 3056 2953 3053
3 2952 2848 2953
3 2849 2934 2948
3 3056 2952 2953
3 2732 2630 2733
3 2635 2620 2722
3 2537 2635 2638
3 2534 2620 2635
3 2435 2534 2537
3 2432 2417 2520
3 3038 3037 3128
3 3052 2948 3038
3 3143 3052 3128
3 3143 3144 3052
3 2934 2935 3038
3 3052 3144 3053
3 2733 2630 2725
3 2825 2733 2725
3 2832 2831 2733
3 2748 2831 2849
3 2629 2732 2645
3 2733 2831 2732
3 2929 2935 2832
3 2928 2929 2825
3 3025 2935 2929
3 2934 2831 2832
3 2748 2645 2732
3 2831 2748 2732
3 2849 2848 2748
3 2139 2237 2140
3 2335 2234 2325
3 2140 2237 2238
3 2139 2234 2237
3 2038 2139 2140
3 2037 1936 2034
3 2038 2037 2139
3 2038 1937 2037
3 2641 2723 2621
3 2642 2641 2541
3 2744 2723 2641
3 2324 2224 2323
3 2420 2324 2418
3 2420 2325 2324
3 2520 2417 2519
3 2325 2225 2324
3 2125 2222 2221
3 2221 2222 2321
3 2039 2125 2124
3 2321 2322 2419
3 2220 2321 2223
3 2025 2123 2126
3 2124 2125 2221
3 2222 2322 2321
3 2141 2222 2125
3 2141 2240 2222
3 2323 2418 2324
3 2127 2223 2224
3 2321 2419 2323
3 2340 2419 2322
3 2340 2437 2419
3 2225 2224 2324
3 2136 2225 2234
3 2128 2127 2224
3 2136 2128 2225
3 2136 2034 2128
3 2220 2221 2321
3 2126 2220 2223
3 2123 2221 2220
3 1923 2021 2025
3 2023 2124 2123
3 2322 2222 2240
3 2432 2534 2435
3 2437 2540 2521
3 2534 2520 2620
3 2534 2432 2520
3 2339 2338 2435
3 2417 2420 2519
3 2335 2417 2432
3 2325 2420 2417
3 2338 2335 2432
3 2234 2225 2325
3 2540 2437 2440
3 2641 2540 2541
3 2821 2723 2744
3 2721 2620 2619
3 2721 2819 2722
3 2621 2721 2619
3 2521 2621 2619
3 2540 2641 2621
3 2723 2819 2721
3 3038 2935 3037
3 1936 1933 2034
3 2136 2037 2034
3 1937 1834 1936
3 2037 1937 1936
3 2929 3032 3025
3 2929 2832 2825
3 3037 2935 3025
3 2934 2832 2935
3 2544 2644 2643
3 2949 2845 2950
3 2844 2745 2845
3 2849 2831 2934
3 2629 2630 2732
3 2644 2545 2645
3 2443 2426 2528
3 2733 2825 2832
3 2622 2725 2630
3 2526 2527 2424
3 2731 2628 2730
3 2731 2627 2628
3 2830 2731 2730
3 2726 2622 2627
3 2824 2726 2826
3 2627 2527 2628
3 2726 2627 2731
3 2622 2525 2627
3 1528 1527 1433
3 1436 1528 1433
3 1729 1733 1829
3 1531 1630 1627
3 1531 1629 1630
3 1832 1829 1733
3 1832 1935 1931
3 1831 1832 1733
3 1934 1935 1832
3 2035 2043 2137
3 1935 2035 2036
3 1944 2043 2035
3 1841 1944 1934
3 1841 1943 1944
3 2232 2333 2233
3 2135 2232 2233
3 2134 2138 2232
3 2232 2236 2333
3 2230 2132 2135
3 2036 2137 2138
3 1626 1729 1728
3 2231 2331 2332
3 2133 2230 2231
3 1930 2030 2031
3 2020 1926 2028
3 1929 1828 1932
3 1930 1929 2030
3 1826 1828 1929
3 1827 1826 1929
3 1827 1727 1826
3 1932 2032 2033
3 2134 2036 2138
3 2232 2135 2134
3 1932 1931 2032
3 1717 1738 1634
3 1815 1825 1738
3 1726 1815 1717
3 1726 1824 1815
3 1926 1927 1824
3 1930 1926 1827
3 1930 2028 1926
3 2227 2226 2327
3 2228 2227 2328
3 2129 2226 2227
3 2228 2130 2227
3 2329 2228 2328
3 2219 2122 2130
3 2320 2219 2228
3 2131 2122 2219
3 2133 2132 2230
3 2028 2031 2129
3 2028 1930 2031
3 2345 2243 2330
3 2443 2345 2426
3 2442 2344 2345
3 2443 2442 2345
3 2041 2029 2131
3 2229 2142 2131
3 2042 1940 2041
3 2016 1917 1940
3 2119 2016 2017
3 1939 1917 2016
3 2015 2029 2041
3 1940 2015 2041
3 1928 2029 2015
3 1837 1928 1940
3 1825 1927 1928
3 2130 2122 2028
3 2227 2130 2129
3 2228 2219 2130
3 2020 2029 1927
3 2129 2130 2028
3 2131 2029 2122
3 2329 2320 2228
3 2142 2143 2042
3 2525 2527 2627
3 2517 2425 2527
3 2427 2517 2525
3 2427 2416 2517
3 2320 2416 2330
3 2320 2329 2416
3 2329 2424 2425
3 1627 1626 1528
3 1727 1716 1728
3 1727 1714 1625
3 1824 1727 1827
3 1926 1824 1827
3 1927 1825 1824
3 1613 1535 1517
3 1726 1624 1714
3 1717 1634 1624
3 2930 3033 3029
3 2925 2930 3029
3 2830 2933 2930
3 2824 2928 2825
3 1833 1936 1834
3 2128 2027 2127
3 2128 2034 2027
3 2139 2136 2234
3 2139 2037 2136
3 1933 2027 2034
3 1735 1833 1834
3 1823 1730 1725
3 2128 2224 2225
3 2026 2127 2027
3 2126 2223 2127
3 2026 2126 2127
3 2725 2622 2726
3 1830 1823 1925
3 1734 1830 1833
3 1730 1823 1830
3 1734 1730 1830
3 1735 1734 1833
3 1735 1632 1734
3 1628 1725 1730
3 2826 2830 2930
3 2824 2826 2925
3 2928 2824 2925
3 3032 2928 3026
3 3032 2929 2928
3 2825 2725 2824
3 2824 2725 2726
3 1623 1724 1725
3 1529 1526 1623
3 1523 1429 1522
3 1619 1523 1522
3 1719 1721 1619
3 1618 1719 1616
3 1816 1721 1719
3 1722 1621 1620
3 1524 1430 1523
3 1523 1430 1429
3 1621 1524 1620
3 1621 1622 1525
3 1820 1723 1722
3 1724 1623 1622
3 1146 1243 1147
3 1047 1144 1049
3 1240 1243 1146
3 1144 1240 1146
3 1049 1144 1146
3 1143 1238 1144
3 1332 1432 1334
3 950 1042 1043
3 857 856 951
3 948 853 947
3 1040 948 947
3 949 854 948
3 855 854 949
3 951 856 950
3 764 854 855
3 764 763 854
3 1136 1138 1041
3 952 1045 953
3 858 952 953
3 951 1044 952
3 1139 1140 1043
3 1138 1139 1042
3 1138 1232 1139
3 1044 1045 952
3 1043 1044 951
3 1140 1141 1044
3 1042 1139 1043
3 1141 1235 1236
3 1622 1621 1723
3 1526 1622 1623
3 1526 1525 1622
3 1628 1529 1623
3 1434 1334 1432
3 1523 1620 1524
3 1820 1821 1723
3 1721 1819 1722
3 1922 1919 1820
3 1722 1819 1820
3 1720 1818 1719
3 1921 1938 2022
3 1736 1817 1718
3 2024 2124 2023
3 1920 2024 1922
3 1818 1920 1816
3 1921 2024 1920
3 1818 1921 1920
3 1719 1818 1816
3 1720 1817 1818
3 1817 1835 1921
3 2022 2039 2124
3 1921 2022 2024
3 1938 2039 2022
3 1923 1919 2021
3 1822 1923 1924
3 1822 1821 1923
3 2024 2023 1922
3 2124 2221 2123
3 1050 1146 1147
3 1047 1143 1144
3 954 1047 956
3 861 954 956
3 859 953 954
3 1046 1045 1142
3 954 1046 1047
3 953 1045 1046
3 1144 1238 1240
3 1236 1329 1330
3 1143 1142 1237
3 1235 1234 1328
3 1236 1235 1329
3 1141 1140 1235
3 1337 1434 1437
3 1240 1334 1243
3 1240 1332 1334
3 1331 1332 1238
3 1237 1331 1238
3 1330 1430 1331
3 1431 1524 1525
3 1437 1532 1438
3 1925 2027 1933
3 1833 1830 1933
3 1823 1924 1925
3 1821 1919 1923
3 1723 1821 1724
3 1622 1723 1724
3 1621 1722 1723
3 1922 2023 1919
3 2026 2027 1925
3 2025 2026 1924
3 2025 2126 2026
3 1532 1533 1438
3 1628 1532 1529
3 1631 1533 1532
3 1730 1631 1628
3 1632 1533 1631
3 1334 1337 1243
3 2925 3029 3026
3 2928 2925 3026
3 2826 2930 2925
3 1338 1337 1437
3 2529 2525 2622
3 2629 2529 2630
3 2528 2427 2529
3 2243 2229 2330
3 2242 2143 2243
3 2345 2242 2243
3 2241 2143 2242
3 2343 2241 2344
3 2215 2143 2241
3 2216 2215 2318
3 2118 2143 2215
3 2216 2119 2215
3 2239 2216 2318
3 2341 2239 2318
3 2240 2141 2239
3 2141 2119 2216
3 2017 2042 2118
3 2015 1940 1928
3 2119 2040 2016
3 2215 2119 2118
3 2141 2040 2119
3 1917 1836 1837
3 2017 2016 1940
3 1939 1835 1836
3 2327 2226 2326
3 2327 2328 2227
3 2422 2327 2326
3 2421 2523 2422
3 2332 2421 2326
3 2522 2523 2421
3 2524 2423 2422
3 2422 2423 2327
3 2219 2320 2229
3 2424 2329 2328
3 2730 2628 2626
3 2427 2528 2426
3 2330 2427 2426
3 2525 2529 2427
3 2527 2525 2517
3 2622 2630 2529
3 2219 2229 2131
3 2425 2416 2329
3 2330 2229 2320
3 2029 1928 1927
3 2020 2122 2029
3 1926 2020 1927
3 2028 2122 2020
3 2042 2143 2118
3 1940 2042 2017
3 2142 2229 2243
3 2041 2142 2042
3 2041 2131 2142
3 2828 2729 2728
3 1728 1826 1727
3 1729 1630 1733
3 1728 1729 1829
3 1627 1630 1729
3 1626 1627 1729
3 1625 1626 1716
3 1625 1527 1626
3 1528 1531 1627
3 1829 1932 1828
3 1831 1934 1832
3 1929 1932 2030
3 2030 1932 2033
3 2031 2030 2132
3 1930 1827 1929
3 1728 1828 1826
3 1728 1829 1828
3 1931 1935 2032
3 2430 2334 2333
3 1923 2025 1924
3 1820 1919 1821
3 2021 2123 2025
3 2023 2021 1919
3 2023 2123 2021
3 1244 1147 1243
3 2133 2226 2129
3 2132 2133 2031
3 2231 2226 2133
3 2231 2326 2226
3 2331 2231 2230
3 2332 2326 2231
3 2428 2332 2331
3 2429 2421 2332
3 2633 2532 2536
3 2740 2736 2637
3 2634 2533 2633
3 2531 2522 2429
3 2632 2531 2631
3 2623 2522 2531
3 2333 2236 2337
3 2431 2334 2430
3 2230 2233 2331
3 2033 2132 2030
3 2134 2033 2032
3 2135 2132 2033
3 2134 2135 2033
3 2036 2134 2032
3 2138 2236 2232
3 2233 2230 2135
3 2337 2336 2433
3 2926 2927 3030
3 2728 2624 2724
3 2828 2728 2822
3 2625 2523 2624
3 2729 2625 2728
3 2524 2523 2625
3 2926 3030 3028
3 2827 2927 2823
3 2827 2931 2927
3 2424 2527 2425
3 2423 2424 2328
3 2327 2423 2328
3 2524 2626 2526
3 2526 2626 2628
3 2423 2526 2424
3 2423 2524 2526
3 2527 2526 2628
3 2523 2524 2422
3 2326 2421 2422
3 2522 2623 2624
3 2624 2623 2724
3 2625 2624 2728
3 2523 2522 2624
3 2731 2830 2826
3 2626 2625 2729
3 2724 2823 2822
3 2728 2724 2822
3 2623 2727 2724
3 2429 2530 2531
3 2727 2827 2823
3 2531 2632 2623
3 2632 2735 2727
3 2623 2632 2727
3 2631 2734 2632
3 2924 3027 2932
3 2926 2924 2822
3 3028 3027 2924
3 2731 2826 2726
3 2933 2830 2829
3 2932 2933 2829
3 3033 2930 2933
3 2416 2427 2330
3 1337 1334 1434
3 1244 1337 1338
3 1244 1243 1337
3 1050 1049 1146
3 1330 1329 1429
3 1431 1331 1430
3 1524 1431 1430
3 1525 1432 1431
3 1237 1236 1330
3 1050 957 1049
3 2933 2932 3035
3 2729 2829 2730
3 2729 2828 2829
3 1142 1045 1141
3 1236 1142 1141
3 1143 1046 1142
3 1238 1143 1237
3 1330 1331 1237
3 1332 1240 1238
3 1049 956 1047
3 862 956 957
3 862 770 861
3 2932 3027 3035
3 3033 2933 3035
3 2828 2924 2932
3 2829 2828 2932
3 2626 2729 2730
3 2626 2524 2625
3 2822 2924 2828
3 763 853 854
3 950 949 1042
3 1051 1040 958
3 946 955 1039
3 1633 1534 1634
3 1736 1633 1737
3 1617 1534 1633
3 1534 1439 1535
3 1634 1534 1535
3 1519 1424 1439
3 1617 1519 1534
3 1617 1520 1519
3 1720 1617 1718
3 1426 1521 1425
3 1519 1520 1424
3 1618 1521 1520
3 1720 1618 1617
3 1817 1720 1718
3 1817 1921 1818
3 1427 1429 1329
3 1625 1714 1614
3 1421 1422 1517
3 1339 1421 1439
3 1323 1422 1421
3 1323 1423 1422
3 951 950 1043
3 1326 1231 1245
3 1040 1137 1136
3 1051 1148 1137
3 1327 1325 1425
3 1328 1327 1428
3 1234 1139 1232
3 1136 1233 1138
3 1136 1137 1233
3 1231 1326 1325
3 1230 1246 1148
3 1339 1326 1245
3 1339 1424 1326
3 1425 1521 1428
3 1327 1233 1325
3 1326 1426 1425
3 1439 1424 1339
3 1439 1534 1519
3 1328 1427 1329
3 1521 1522 1428
3 1616 1619 1522
3 1618 1616 1521
3 1618 1720 1719
3 1040 1051 1137
3 1051 1038 1133
3 769 770 677
3 859 769 768
3 861 770 769
3 859 861 769
3 858 859 768
3 858 953 859
3 954 953 1046
3 767 858 768
3 675 767 768
3 766 857 767
3 1044 1043 1140
3 857 951 952
3 858 857 952
3 766 765 856
3 856 765 855
3 950 856 855
3 857 766 856
3 1046 1143 1047
3 956 862 861
3 586 585 676
3 2927 3031 3030
3 2724 2727 2823
3 2532 2430 2434
3 2532 2431 2430
3 2637 2633 2536
3 2533 2631 2530
3 2633 2533 2532
3 2634 2631 2533
3 2735 2632 2734
3 2530 2431 2533
3 2531 2530 2631
3 2429 2332 2428
3 2428 2331 2334
3 2431 2428 2334
3 2530 2429 2428
3 2421 2429 2522
3 2334 2233 2333
3 2530 2428 2431
3 2331 2233 2334
3 2836 2737 2835
3 2938 2836 2835
3 2939 3039 2936
3 2937 3040 3034
3 2931 2937 3034
3 2735 2834 2827
3 2727 2735 2827
3 2734 2833 2735
3 2734 2737 2833
3 2839 2740 2838
3 2942 2839 2838
3 2943 2938 2839
3 2839 2835 2740
3 3041 2939 2938
3 3132 3041 3047
3 3131 3129 3042
3 2833 2936 2834
3 2943 3041 2938
3 3129 3040 3039
3 2736 2633 2637
3 2737 2736 2835
3 2737 2634 2736
3 2833 2737 2836
3 2936 2833 2836
3 2834 2735 2833
3 2532 2533 2431
3 2736 2634 2633
3 2737 2734 2634
3 585 497 496
3 675 584 674
3 675 585 584
3 769 676 768
3 677 586 676
3 586 497 585
3 2926 2822 2823
3 2927 2926 2823
3 3028 2924 2926
3 861 859 954
3 677 676 769
3 858 767 857
3 675 674 767
3 676 675 768
3 676 585 675
3 410 409 496
3 409 322 321
3 771 763 678
3 958 947 863
3 949 950 855
3 853 948 854
3 1041 1042 949
3 493 407 411
3 587 581 498
3 582 494 493
3 673 582 672
3 673 674 583
3 516 589 500
3 607 606 517
3 590 589 516
3 606 697 608
3 517 606 516
3 607 697 606
3 681 772 679
3 2223 2323 2224
3 2123 2220 2126
3 2321 2323 2223
3 2323 2419 2418
3 2342 2438 2440
3 2240 2342 2340
3 2341 2438 2342
3 2419 2521 2418
3 2342 2437 2340
3 2641 2642 2744
3 2440 2541 2540
3 2440 2542 2541
3 2521 2519 2420
3 1631 1730 1734
3 2341 2318 2343
3 2438 2341 2439
3 2240 2239 2341
3 2437 2521 2419
3 2125 2039 2141
3 1721 1722 1620
3 1619 1721 1620
3 1523 1619 1620
3 1616 1719 1619
3 1819 1922 1820
3 1816 1819 1721
3 1816 1920 1819
3 1725 1628 1623
3 1822 1823 1725
3 1821 1822 1724
3 1924 1823 1822
3 1833 1933 1936
3 1632 1631 1734
3 1830 1925 1933
3 1724 1822 1725
3 1924 2026 1925
3 1432 1526 1434
3 1331 1431 1332
3 1525 1526 1432
3 1332 1431 1432
3 1524 1621 1525
3 1938 1939 2040
3 2124 2024 2022
3 1921 1835 1938
3 1437 1438 1338
3 1529 1437 1434
3 1529 1532 1437
3 1526 1529 1434
3 1628 1631 1532
3 2141 2216 2239
3 2340 2322 2240
3 2119 2017 2118
3 2039 2040 2141
3 2039 1938 2040
3 1922 1819 1920
3 1939 2016 2040
3 1837 1738 1825
3 1917 1837 1940
3 1836 1738 1837
3 1939 1836 1917
3 1737 1738 1836
3 1718 1633 1736
3 1634 1738 1737
3 1726 1727 1824
3 1825 1815 1824
3 1717 1624 1726
3 1738 1717 1815
3 1928 1837 1825
3 1633 1718 1617
3 1836 1736 1737
3 1835 1817 1736
3 1836 1835 1736
3 1939 1938 1835
3 1634 1535 1624
3 1136 1041 1040
3 1148 1231 1137
3 1138 1042 1041
3 1327 1425 1428
3 1231 1325 1233
3 1137 1231 1233
3 1148 1245 1231
3 1326 1425 1325
3 1234 1140 1139
3 1618 1520 1617
3 1246 1323 1339
3 1148 1246 1245
3 1230 1324 1322
3 1323 1421 1339
3 1142 1236 1237
3 1044 1141 1045
3 1140 1234 1235
3 1328 1329 1235
3 1327 1328 1234
3 1427 1522 1429
3 1428 1427 1328
3 1428 1522 1427
3 1232 1233 1327
3 1234 1232 1327
3 1138 1233 1232
3 1521 1616 1522
3 1429 1430 1330
3 961 980 1053
3 606 608 590
3 886 980 883
3 884 886 793
3 884 981 886
3 887 981 885
3 887 979 981
3 790 866 774
3 960 866 961
3 1054 1056 961
3 1048 1145 1134
3 607 518 609
3 700 698 609
3 517 430 431
3 606 590 516
3 698 791 697
3 609 698 607
3 700 794 792
3 608 681 590
3 699 608 697
3 699 681 608
3 791 699 697
3 790 774 699
3 793 790 699
3 793 883 790
3 589 680 588
3 430 516 500
3 679 772 680
3 590 679 589
3 590 681 679
3 774 773 681
3 883 866 790
3 866 959 865
3 864 958 863
3 773 864 772
3 860 946 864
3 342 431 430
3 325 324 243
3 413 325 342
3 412 324 325
3 264 265 348
3 343 264 348
3 178 179 264
3 887 893 979
3 1075 980 981
3 885 794 887
3 884 793 791
3 981 884 885
3 981 980 886
3 1053 980 1075
3 883 793 886
3 866 883 961
3 773 860 864
3 699 774 681
3 774 865 773
3 707 619 616
3 711 709 707
3 799 711 707
3 802 801 711
3 526 610 519
3 438 526 519
3 527 617 526
3 709 708 618
3 701 610 617
3 708 701 617
3 710 794 701
3 801 800 710
3 891 802 799
3 895 989 894
3 794 700 701
3 792 794 885
3 698 697 607
3 884 791 792
3 793 699 791
3 609 610 700
3 708 617 618
3 801 708 709
3 801 710 708
3 700 610 701
3 609 519 610
3 269 185 270
3 269 349 265
3 185 269 183
3 353 349 269
3 352 353 270
3 442 439 353
3 103 85 57
3 179 103 107
3 179 178 103
3 794 800 887
3 986 985 1082
3 1084 986 1082
3 989 895 986
3 1056 960 961
3 1153 1056 1054
3 1152 1153 1054
3 1229 1251 1153
3 1154 1055 1056
3 1251 1154 1153
3 1150 1149 1055
3 1248 1150 1154
3 1248 1247 1150
3 517 518 607
3 679 680 589
3 264 260 178
3 264 343 260
3 349 348 265
3 349 438 348
3 432 431 343
3 413 342 430
3 413 412 325
3 1461 1460 1363
3 1459 1461 1362
3 1557 1558 1461
3 1661 1560 1559
3 1764 1661 1715
3 1662 1560 1661
3 1462 1460 1558
3 1765 1662 1661
3 1364 1344 1267
3 1542 1443 1462
3 1345 1344 1443
3 1152 1249 1250
3 1153 1152 1229
3 1154 1056 1153
3 1053 1075 1151
3 961 1053 1054
3 961 883 980
3 1151 1249 1152
3 1054 1053 1152
3 1075 1074 1170
3 1079 1074 988
3 2829 2830 2730
3 495 584 496
3 407 494 408
3 583 674 584
3 582 583 494
3 582 673 583
3 409 321 408
3 322 240 321
3 408 320 407
3 2931 2834 2937
3 2927 2931 3031
3 2827 2834 2931
3 956 1049 957
3 157 239 156
3 3034 3031 2931
3 239 240 156
3 241 239 157
3 241 320 239
3 323 324 411
3 85 159 158
3 159 103 178
3 83 84 157
3 57 107 103
3 3039 3040 2937
3 2936 3039 2937
3 2834 2936 2937
3 2836 2939 2936
3 2939 3042 3039
3 85 84 37
3 2836 2938 2939
3 3047 3041 2943
3 1741 1831 1731
3 1943 1841 1840
3 1943 2046 1944
3 2145 2246 2245
3 2137 2235 2138
3 26 6 2
3 4 29 27
3 57 37 26
3 158 242 241
3 84 158 157
3 159 242 158
3 103 159 85
3 243 324 242
3 178 243 159
3 178 260 243
3 265 264 179
3 260 342 325
3 37 6 26
3 60 110 109
3 27 60 59
3 26 27 59
3 2 4 27
3 61 110 60
3 29 61 60
3 27 29 60
3 4 5 29
3 3135 3046 3057
3 3132 3047 3136
3 3131 3132 3215
3 3131 3042 3132
3 3042 3129 3039
3 3041 3042 2939
3 3041 3132 3042
3 572 661 571
3 747 836 838
3 660 747 746
3 745 836 747
3 655 745 747
3 573 486 571
3 745 737 828
3 836 745 828
3 930 836 918
3 838 837 747
3 655 737 745
3 747 837 746
3 485 571 484
3 647 572 561
3 660 661 572
3 573 571 661
3 574 573 662
3 574 486 573
3 648 638 730
3 655 647 737
3 561 638 648
3 647 561 648
3 737 647 648
3 655 572 647
3 572 571 485
3 662 573 661
3 485 474 561
3 572 485 561
3 484 400 485
3 1171 1162 1258
3 1268 1171 1180
3 1172 1077 1076
3 1268 1172 1171
3 1269 1268 1180
3 1269 1367 1268
3 1173 1078 1077
3 47 46 16
3 166 92 93
3 14 15 45
3 3135 3218 3136
3 3047 3135 3136
3 3057 3149 3135
3 3136 3219 3215
3 3132 3136 3215
3 3047 3046 3135
3 25 1 24
3 24 1 0
3 55 24 23
3 56 25 24
3 2943 3046 3047
3 2835 2839 2938
3 2942 2850 2954
3 2839 2942 2943
3 2838 2850 2942
3 2943 2942 3046
3 2636 2546 2646
3 2740 2637 2739
3 2536 2535 2636
3 2648 2547 2548
3 2851 2749 2750
3 2535 2434 2433
3 2855 2753 2754
3 2750 2751 2852
3 2649 2719 2752
3 3242 3244 3327
3 3065 3159 3157
3 3160 3244 3159
3 3543 3612 3611
3 3476 3546 3545
3 3320 3321 3401
3 3321 3238 3322
3 3613 3612 3544
3 3614 3613 3545
3 3546 3614 3545
3 3615 3682 3681
3 3681 3682 3744
3 3743 3680 3681
3 3802 3743 3803
3 3801 3741 3742
3 3614 3615 3681
3 177 102 176
3 263 177 262
3 104 55 54
3 180 104 177
3 105 56 55
3 180 105 104
3 181 266 267
3 110 61 108
3 59 57 26
3 59 107 57
3 2 27 26
3 109 107 59
3 185 109 110
3 183 107 109
3 183 179 107
3 106 56 105
3 108 58 106
3 61 28 58
3 109 59 60
3 28 3 25
3 24 0 23
3 3233 3317 3316
3 3149 3057 3150
3 3219 3218 3302
3 3219 3136 3218
3 3151 3059 3152
3 3150 3151 3234
3 3150 3057 3058
3 3233 3150 3234
3 3150 3058 3151
3 3149 3218 3135
3 3233 3149 3150
3 3232 3218 3149
3 2955 2850 2851
3 3046 2954 3057
3 3046 2942 2954
3 2854 2752 2753
3 2958 2854 2959
3 2958 2853 2854
3 3060 2956 2957
3 2749 2838 2739
3 2547 2647 2546
3 2548 2547 2445
3 2648 2647 2547
3 2752 2648 2649
3 2751 2647 2648
3 2547 2546 2444
3 2649 2648 2548
3 2751 2750 2647
3 2851 2750 2852
3 2636 2739 2637
3 2647 2646 2546
3 2838 2740 2739
3 2448 2349 2350
3 2649 2549 2650
3 2348 2349 2447
3 2347 2348 2446
3 2346 2347 2445
3 2346 2336 2244
3 2444 2346 2445
3 2547 2444 2445
3 2546 2535 2444
3 2144 2235 2137
3 2245 2144 2145
3 2244 2235 2144
3 2346 2244 2347
3 2336 2235 2244
3 2144 2137 2043
3 2347 2244 2245
3 2336 2236 2235
3 2350 2248 2351
3 2448 2350 2449
3 2349 2247 2350
3 3235 3152 3236
3 3152 3059 3060
3 3236 3152 3153
3 3235 3151 3152
3 3320 3319 3236
3 3234 3151 3235
3 3318 3234 3235
3 3233 3232 3149
3 2956 2852 2957
3 3059 2956 3060
3 2851 2852 2956
3 2955 2851 2956
3 3059 2955 2956
3 3058 2954 2955
3 2646 2739 2636
3 2750 2646 2647
3 2749 2739 2646
3 2850 2749 2851
3 2850 2838 2749
3 262 261 345
3 104 105 55
3 440 528 441
3 106 58 56
3 181 106 105
3 181 182 106
3 268 352 270
3 267 350 351
3 182 267 268
3 182 181 267
3 177 263 180
3 263 346 347
3 437 436 524
3 440 437 525
3 350 347 437
3 351 350 440
3 347 436 437
3 266 347 350
3 266 263 347
3 185 110 184
3 177 176 262
3 104 102 177
3 24 55 56
3 54 102 104
3 23 54 55
3 23 7 38
3 7 23 0
3 7 8 38
3 39 8 9
3 86 39 87
3 38 8 39
3 160 86 87
3 54 23 38
3 40 87 39
3 9 40 39
3 523 520 611
3 594 593 685
3 414 434 344
3 504 501 416
3 417 504 416
3 503 594 504
3 521 522 434
3 591 521 501
3 598 689 613
3 503 593 594
3 415 503 417
3 593 684 685
3 502 593 503
3 592 684 593
3 109 185 183
3 28 25 58
3 58 25 56
3 29 28 61
3 5 3 28
3 3 1 25
3 798 705 795
3 707 706 799
3 802 711 799
3 709 619 707
3 615 614 705
3 616 615 706
3 525 524 615
3 266 350 267
3 352 268 351
3 270 184 268
3 523 611 614
3 524 523 614
3 615 524 614
3 525 437 524
3 520 433 522
3 611 520 612
3 435 433 520
3 436 435 523
3 435 345 433
3 345 346 262
3 344 345 261
3 344 433 345
3 616 706 707
3 528 616 619
3 525 615 616
3 3612 3678 3611
3 42 41 11
3 38 86 54
3 88 87 40
3 161 244 160
3 326 244 245
3 176 102 160
3 261 176 244
3 261 262 176
3 9 10 40
3 245 246 327
3 2855 2854 2753
3 2755 2856 2754
3 2959 2854 2855
3 3062 2958 2959
3 3154 3062 3155
3 3154 3153 3061
3 2853 2852 2751
3 2854 2853 2752
3 2957 2852 2853
3 2958 2957 2853
3 3063 3062 2959
3 3061 3153 3060
3 3062 3061 2958
3 3062 3154 3061
3 2955 3059 3058
3 3061 3060 2957
3 3153 3152 3060
3 3320 3236 3237
3 3238 3321 3237
3 3400 3319 3320
3 3234 3317 3233
3 41 42 89
3 89 163 162
3 40 41 88
3 90 163 89
3 12 43 42
3 165 166 249
3 248 165 249
3 91 92 165
3 42 43 90
3 92 166 165
3 44 92 91
3 44 45 92
3 14 44 13
3 45 93 92
3 417 328 329
3 502 503 415
3 330 331 418
3 592 593 502
3 326 261 244
3 417 416 328
3 344 261 326
3 327 414 326
3 434 433 344
3 162 161 88
3 42 11 12
3 43 91 90
3 13 43 12
3 44 91 43
3 90 89 42
3 328 327 246
3 163 247 246
3 164 90 91
3 329 247 248
3 163 90 164
3 245 161 162
3 43 13 44
3 331 332 419
3 520 522 612
3 346 345 435
3 434 522 433
3 414 501 434
3 326 414 344
3 416 501 414
3 591 594 682
3 598 591 682
3 501 504 591
3 327 416 414
3 245 327 326
3 328 416 327
3 417 503 504
3 160 244 176
3 86 160 102
3 54 86 102
3 38 39 86
3 87 161 160
3 88 161 87
3 41 89 88
3 10 41 40
3 10 11 41
3 162 246 245
3 89 162 88
3 163 246 162
3 245 244 161
3 44 14 45
3 3058 3057 2954
3 2850 2955 2954
3 3059 3151 3058
3 4386 4326 4382
3 4283 4343 4282
3 4218 4283 4282
3 4217 4218 4282
3 4217 4159 4218
3 4285 4284 4345
3 4218 4220 4283
3 4222 4221 4285
3 4445 4506 4504
3 4384 4447 4446
3 4382 4384 4446
3 4382 4383 4384
3 4324 4383 4323
3 4385 4447 4383
3 4560 4615 4614
3 4507 4559 4560
3 4447 4507 4446
3 4505 4559 4507
3 4522 4523 4575
3 4559 4522 4562
3 4505 4463 4519
3 4447 4505 4507
3 4384 4383 4447
3 4444 4463 4505
3 4385 4444 4447
3 4385 4404 4444
3 4324 4385 4383
3 4263 4324 4323
3 4263 4282 4324
3 4519 4518 4572
3 4522 4519 4523
3 4463 4518 4519
3 4447 4444 4505
3 4405 4467 4463
3 4444 4405 4463
3 4404 4467 4405
3 4343 4404 4385
3 4466 4403 4465
3 4467 4406 4466
3 4467 4407 4406
3 4343 4344 4404
3 4344 4283 4285
3 4407 4344 4345
3 4343 4283 4344
3 4629 4576 4628
3 4615 4562 4617
3 4523 4576 4575
3 4505 4519 4522
3 4519 4572 4523
3 4345 4403 4407
3 4404 4344 4407
3 4342 4281 4341
3 4345 4342 4402
3 4284 4281 4342
3 4681 4680 4730
3 4779 4729 4731
3 4679 4728 4678
3 4627 4679 4625
3 4729 4728 4679
3 4627 4625 4574
3 4680 4627 4626
3 4681 4729 4679
3 4572 4574 4625
3 4523 4572 4576
3 4518 4521 4572
3 4520 4464 4516
3 4572 4521 4574
3 4466 4406 4403
3 4520 4466 4465
3 4521 4467 4466
3 4574 4521 4520
3 4518 4467 4521
3 4675 4623 4674
3 4573 4622 4626
3 4568 4570 4622
3 4631 4577 4580
3 4633 4631 4580
3 4630 4581 4631
3 4528 4524 4577
3 4582 4528 4581
3 4529 4474 4528
3 4570 4517 4569
3 4622 4570 4623
3 4516 4464 4462
3 4346 4338 4287
3 4347 4346 4287
3 4408 4397 4346
3 4399 4397 4460
3 4399 4340 4397
3 4410 4409 4350
3 4525 4470 4471
3 4468 4408 4409
3 4826 4776 4777
3 4878 4826 4827
3 4831 4781 4826
3 4878 4831 4826
3 4780 4731 4781
3 4830 4780 4781
3 4830 4829 4780
3 4882 4830 4883
3 4775 4726 4727
3 4781 4775 4826
3 4781 4730 4775
3 4830 4781 4831
3 4731 4681 4730
3 4675 4674 4726
3 4626 4675 4680
3 4622 4623 4675
3 4674 4677 4726
3 4680 4675 4726
3 4515 4517 4461
3 4459 4515 4460
3 4397 4408 4460
3 4458 4474 4515
3 4468 4458 4459
3 4468 4474 4458
3 4474 4529 4515
3 4524 4474 4468
3 4529 4569 4515
3 4630 4635 4634
3 4569 4517 4515
3 4582 4571 4529
3 4623 4570 4569
3 3548 3481 3478
3 3486 3556 3554
3 3402 3410 3478
3 3485 3556 3486
3 3478 3410 3486
3 3421 3497 3485
3 3554 3617 3548
3 4012 4071 4011
3 3994 3935 3934
3 4192 4257 4244
3 4128 4192 4180
3 4128 4129 4192
3 4195 4258 4194
3 4132 4195 4131
3 4196 4260 4259
3 4132 4196 4195
3 4200 4135 4136
3 4262 4200 4237
3 4198 4197 4134
3 4135 4198 4133
3 4199 4261 4197
3 4262 4199 4198
3 4262 4261 4199
3 4132 4134 4196
3 4132 4072 4134
3 4376 4375 4318
3 4435 4374 4436
3 4316 4317 4374
3 4109 4111 4171
3 4152 4089 4153
3 4216 4277 4214
3 4278 4279 4215
3 4213 4276 4215
3 4338 4397 4340
3 4339 4277 4279
3 4285 4345 4344
3 4280 4341 4281
3 4339 4280 4277
3 4339 4341 4280
3 4520 4568 4573
3 4402 4401 4465
3 4342 4341 4402
3 4219 4281 4284
3 4219 4277 4281
3 4516 4517 4570
3 4401 4462 4464
3 4465 4401 4464
3 4341 4398 4401
3 4400 4461 4462
3 4401 4400 4462
3 4398 4461 4400
3 4339 4398 4341
3 4461 4460 4515
3 4339 4399 4398
3 4340 4279 4278
3 4401 4398 4400
3 2374 2274 2275
3 2473 2374 2375
3 2471 2373 2374
3 2473 2471 2374
3 2474 2376 2471
3 2473 2573 2471
3 2280 2380 2379
3 2178 2280 2177
3 2176 2277 2279
3 2538 2470 2477
3 2372 2278 2379
3 2573 2474 2471
3 3353 3431 3432
3 3270 3353 3355
3 3351 3431 3353
3 3264 3347 3263
3 3430 3505 3431
3 3349 3430 3350
3 3267 3349 3350
3 3428 3502 3429
3 3504 3505 3430
3 3641 3707 3708
3 3642 3643 3574
3 3896 3833 3834
3 3510 3580 3509
3 3385 3460 3436
3 3581 3580 3510
3 3512 3579 3582
3 3359 3433 3437
3 3508 3507 3578
3 3579 3508 3578
3 3462 3433 3508
3 3437 3462 3512
3 3511 3437 3512
3 3582 3511 3512
3 3581 3510 3511
3 3460 3385 3437
3 3433 3507 3508
3 3646 3648 3578
3 3647 3646 3577
3 3576 3647 3577
3 3506 3576 3577
3 3574 3643 3576
3 3643 3710 3647
3 3714 3715 3648
3 3649 3715 3716
3 3713 3775 3774
3 3644 3712 3713
3 3717 3716 3778
3 3650 3717 3712
3 3650 3651 3717
3 3581 3650 3580
3 3717 3775 3712
3 3582 3649 3651
3 3778 3838 3836
3 3175 3185 3259
3 3081 2987 3082
3 3090 3185 3091
3 3096 3097 2995
3 3188 3096 3095
3 3188 3097 3096
3 3304 3305 3222
3 3138 3139 3097
3 2475 2476 2578
3 2581 2582 2481
3 2581 2583 2685
3 2742 2682 2785
3 2639 2579 2682
3 2572 2472 2470
3 2639 2572 2538
3 2674 2574 2572
3 2780 2883 2779
3 2842 2780 2742
3 2884 2883 2780
3 2842 2884 2780
3 2989 2990 2884
3 2781 2676 2677
3 2538 2579 2639
3 2375 2470 2472
3 2470 2372 2379
3 2572 2470 2538
3 2639 2675 2572
3 2473 2375 2472
3 2375 2372 2470
3 2176 2175 2277
3 2380 2280 2279
3 2178 2077 2176
3 2380 2475 2477
3 2278 2280 2379
3 2377 2475 2380
3 2479 2481 2383
3 2578 2579 2477
3 2475 2578 2477
3 2379 2380 2477
3 2377 2378 2475
3 2577 2681 2578
3 2481 2577 2476
3 2681 2785 2682
3 2582 2680 2577
3 2680 2685 2784
3 2681 2680 2784
3 2582 2685 2680
3 2579 2538 2477
3 2575 2474 2573
3 2556 2656 2555
3 2462 2556 2453
3 2363 2462 2453
3 2371 2469 2462
3 2565 2657 2556
3 3069 3161 3163
3 3952 3951 3890
3 3245 3246 3163
3 3161 3245 3163
3 3257 3329 3245
3 3825 3887 3886
3 3933 3872 3886
3 3765 3826 3825
3 3702 3765 3753
3 3827 3767 3828
3 3702 3703 3765
3 3704 3767 3766
3 3872 3811 3825
3 2758 2860 2859
3 2657 2759 2656
3 2760 2862 2861
3 2770 2760 2666
3 2861 2860 2759
3 2760 2861 2759
3 2862 2967 2861
3 1848 1746 1747
3 1765 1865 1763
3 1952 1847 1848
3 1966 1870 1973
3 2072 1966 1973
3 2078 2072 1973
3 2172 2173 2073
3 2171 2172 2072
3 2171 2273 2172
3 1864 1968 1863
3 1966 1965 1862
3 2071 1968 1965
3 1671 1774 1766
3 1663 1671 1766
3 1750 1646 1647
3 1852 1772 1750
3 1957 1871 1852
3 1773 1873 1774
3 1871 1773 1771
3 1872 1873 1773
3 1670 1646 1750
3 3889 3890 3951
3 2777 2778 2673
3 2885 2882 2781
3 2778 2881 2873
3 2771 2778 2873
3 2777 2882 2778
3 2781 2882 2777
3 2873 2978 2872
3 2771 2873 2872
3 2881 2978 2873
3 2988 2987 2882
3 2987 3091 3082
3 2978 2987 3081
3 2988 3091 2987
3 3264 3263 3178
3 3265 3264 3178
3 3262 3265 3179
3 3346 3348 3265
3 3345 3346 3262
3 3261 3345 3262
3 3344 3425 3345
3 3427 3502 3428
3 3348 3427 3428
3 3426 3501 3427
3 3427 3501 3502
3 3500 3426 3425
3 3427 3346 3426
3 3427 3348 3346
3 3503 3429 3502
3 3347 3264 3348
3 3349 3347 3428
3 3349 3267 3347
3 3264 3265 3348
3 3647 3710 3714
3 3506 3505 3576
3 3642 3708 3709
3 3503 3572 3573
3 3430 3349 3429
3 3502 3572 3503
3 3834 3832 3894
3 3709 3708 3771
3 3573 3572 3641
3 3574 3573 3642
3 3504 3503 3573
3 3771 3831 3832
3 3709 3771 3772
3 3770 3831 3771
3 3707 3770 3708
3 3769 3789 3830
3 3707 3640 3706
3 3642 3641 3708
3 3572 3640 3641
3 3728 3787 3789
3 3892 3893 3831
3 3429 3503 3504
3 3430 3429 3504
3 3349 3428 3429
3 3347 3348 3428
3 3573 3641 3642
3 3501 3571 3502
3 3569 3500 3499
3 3639 3570 3569
3 3707 3641 3640
3 3769 3707 3706
3 3769 3770 3707
3 3572 3571 3640
3 3501 3500 3570
3 3768 3705 3711
3 3828 3768 3829
3 3767 3705 3768
3 3778 3836 3775
3 3837 3838 3777
3 3776 3837 3777
3 3833 3895 3837
3 3899 3898 3838
3 3835 3891 3829
3 2473 2472 2574
3 2842 2946 2884
3 2885 2988 2882
3 2770 2667 2771
3 3954 3894 3956
3 3899 3838 3837
3 3894 3893 3956
3 3895 3899 3837
3 2945 2946 2842
3 2841 2945 2842
3 2785 2841 2842
3 2785 2888 2841
3 3138 3188 3221
3 3139 3138 3221
3 3097 3188 3138
3 2994 3097 3049
3 2995 2993 3096
3 2992 3087 3095
3 2878 2983 2880
3 3086 3179 3178
3 3262 3346 3265
3 3268 3352 3266
3 3347 3267 3263
3 3352 3351 3266
3 3350 3352 3267
3 3350 3431 3352
3 3270 3355 3354
3 3180 3266 3183
3 3351 3353 3269
3 3266 3351 3269
3 3087 3181 3180
3 3268 3263 3267
3 3181 3268 3266
3 3182 3263 3268
3 3352 3431 3351
3 2667 2571 2673
3 2677 2676 2575
3 2573 2677 2575
3 2779 2883 2781
3 2674 2779 2677
3 2674 2780 2779
3 3895 3957 3899
3 3270 3354 3274
3 3188 3270 3274
3 3269 3353 3270
3 3432 3355 3353
3 3505 3506 3431
3 3507 3433 3432
3 3431 3506 3432
3 3508 3579 3512
3 3577 3578 3507
3 3577 3646 3578
3 3506 3577 3507
3 3432 3506 3507
3 3505 3574 3576
3 3350 3430 3431
3 3576 3643 3647
3 3504 3574 3505
3 3504 3573 3574
3 3776 3714 3773
3 3716 3715 3777
3 3648 3646 3714
3 3649 3648 3715
3 3649 3579 3648
3 3717 3651 3716
3 3579 3578 3648
3 3355 3432 3433
3 3898 3836 3838
3 3898 3897 3836
3 3895 3896 3958
3 3647 3714 3646
3 3642 3709 3643
3 3772 3773 3710
3 3893 3894 3832
3 3834 3833 3773
3 2275 2273 2372
3 2374 2275 2375
3 2274 2173 2275
3 3789 3787 3847
3 3726 3662 3660
3 3769 3706 3728
3 3571 3501 3570
3 3640 3571 3570
3 3572 3502 3571
3 3426 3500 3501
3 3593 3522 3592
3 3569 3523 3594
3 3639 3569 3594
3 3570 3500 3569
3 3499 3448 3523
3 3593 3523 3522
3 3661 3593 3592
3 3594 3523 3593
3 3662 3706 3639
3 3594 3662 3639
3 3726 3728 3662
3 3499 3424 3448
3 3569 3499 3523
3 3500 3425 3499
3 3345 3261 3344
3 3085 3083 3177
3 2898 2796 2797
3 3116 3117 3016
3 2671 2773 2669
3 2568 2671 2669
3 2567 2568 2669
3 2465 2468 2568
3 2672 2670 2774
3 2570 2672 2671
3 2568 2570 2671
3 2468 2467 2570
3 2569 2502 2601
3 3448 3522 3523
3 3287 3286 3371
3 3284 3286 3201
3 3524 3449 3519
3 3596 3525 3595
3 3450 3449 3524
3 3521 3591 3592
3 3373 3449 3450
3 3789 3847 3849
3 3892 3830 3849
3 3769 3728 3789
3 3706 3662 3728
3 3848 3847 3787
3 2273 2272 2372
3 2081 2180 2181
3 2082 2081 2181
3 1975 2080 2081
3 2262 2282 2179
3 2079 2161 2179
3 2263 2264 2364
3 2364 2264 2365
3 2382 2364 2463
3 2282 2262 2364
3 2384 2482 2480
3 2364 2365 2463
3 2478 2482 2384
3 2382 2480 2381
3 4030 3971 4033
3 3967 3955 3909
3 4017 3967 4029
3 4017 3955 3967
3 3969 3913 3972
3 3971 3910 3970
3 3908 3969 3910
3 3848 3908 3847
3 3830 3892 3831
3 3846 3907 3848
3 3907 3969 3908
3 3970 3910 3969
3 3909 3849 3850
3 1448 1351 1449
3 1545 1448 1546
3 1350 1351 1448
3 2841 2888 2945
3 2576 2679 2580
3 2889 2887 2992
3 2580 2679 2683
3 2583 2580 2683
3 2482 2478 2580
3 2782 2886 2783
3 1545 1452 1447
3 1545 1549 1452
3 1350 1448 1447
3 1645 1549 1545
3 1546 1645 1545
3 1748 1648 1645
3 1546 1644 1645
3 1551 1651 1550
3 2069 2070 1962
3 1962 2070 1963
3 2167 2068 2170
3 2167 2164 2065
3 2058 1954 1964
3 2060 1956 2059
3 1860 1857 1963
3 1954 1860 1964
3 1954 1849 1860
3 1955 1849 1954
3 2058 2059 1954
3 1956 1851 1955
3 1748 1650 1754
3 1550 1651 1650
3 1859 1757 1758
3 1857 1858 1963
3 1964 1860 1963
3 1849 1754 1857
3 1757 1654 1758
3 1755 1757 1858
3 1652 1654 1757
3 1647 1646 1548
3 1645 1648 1549
3 1648 1751 1647
3 1857 1754 1755
3 1872 1975 1873
3 1774 1671 1773
3 1974 2061 2079
3 1871 1974 1872
3 1957 2061 1974
3 1851 1749 1850
3 1957 1851 1956
3 1751 1749 1851
3 1872 1974 1975
3 1852 1751 1851
3 1974 2079 1975
3 2163 2061 2060
3 2161 2262 2179
3 2163 2161 2061
3 2163 2262 2161
3 1548 1452 1549
3 4035 4096 4095
3 3972 4035 4034
3 4032 3972 4034
3 3913 3975 3972
3 3975 3973 4036
3 4154 4094 4158
3 4029 4030 4092
3 4033 3971 3970
3 4092 4030 4091
3 4029 3971 4030
3 4078 4029 4092
3 4140 4078 4079
3 4077 4017 4078
3 3955 3893 3892
3 3971 3967 3909
3 4017 3956 3955
3 2553 2451 2554
3 2654 2553 2554
3 2552 2450 2553
3 2453 2555 2452
3 2363 2453 2354
3 2469 2376 2474
3 2462 2469 2565
3 2371 2376 2469
3 2656 2655 2555
3 2453 2556 2555
3 2657 2760 2759
3 2556 2657 2656
3 2666 2760 2657
3 3553 3551 3620
3 3483 3553 3552
3 3483 3409 3484
3 4069 4130 4129
3 4009 4069 4068
3 4009 4010 4069
3 4010 4070 4069
3 4010 4011 4070
3 3947 3948 4009
3 3949 4011 4010
3 3886 3887 3948
3 3888 3950 3949
3 4012 4072 4071
3 3950 4012 4011
3 3950 3951 4012
3 4195 4196 4259
3 4051 4109 4049
3 263 266 180
3 346 263 262
3 346 436 347
3 2047 2048 2149
3 1842 1945 1941
3 1946 2048 1945
3 1842 1946 1945
3 1952 2056 2049
3 2452 2354 2453
3 2452 2353 2354
3 2655 2554 2555
3 2451 2352 2353
3 2554 2451 2452
3 2555 2554 2452
3 2655 2654 2554
3 2450 2352 2451
3 2553 2450 2451
3 2552 2449 2450
3 2652 2552 2653
3 2450 2351 2352
3 2250 2251 2353
3 2149 2150 2249
3 2251 2261 2353
3 3243 3160 3158
3 3326 3243 3241
3 3323 3326 3241
3 3408 3409 3328
3 3244 3160 3243
3 3328 3244 3243
3 3327 3325 3242
3 2857 2755 2756
3 2963 2962 2858
3 2856 2855 2754
3 2961 2960 2856
3 2962 2961 2857
3 3064 3157 3156
3 2962 3065 2961
3 2962 3066 3065
3 2960 2959 2855
3 2654 2653 2553
3 2758 2654 2655
3 2757 2653 2654
3 2758 2859 2757
3 2759 2758 2655
3 2759 2860 2758
3 2858 2756 2757
3 2857 2756 2858
3 3064 2961 3065
3 2858 2962 2857
3 3066 3159 3065
3 2754 2650 2651
3 2448 2550 2447
3 2755 2651 2652
3 2755 2754 2651
3 2447 2549 2446
3 2148 2146 2047
3 2350 2247 2248
3 2349 2348 2246
3 1630 1732 1733
3 4573 4574 4520
3 4622 4573 4568
3 4626 4574 4573
3 4629 4617 4575
3 4682 4629 4628
3 4668 4617 4629
3 4771 4769 4721
3 4718 4767 4716
3 4717 4669 4719
3 4616 4665 4667
3 4615 4617 4666
3 4869 4868 4920
3 4814 4813 4864
3 4817 4868 4818
3 4769 4820 4768
3 4769 4819 4820
3 4719 4769 4768
3 4682 4732 4720
3 4822 4873 4870
3 4732 4782 4770
3 4720 4732 4770
3 4721 4720 4770
3 4668 4682 4720
3 4682 4728 4732
3 4732 4728 4778
3 4868 4871 4920
3 4562 4615 4559
3 4505 4522 4559
3 4575 4617 4562
3 4576 4629 4575
3 4629 4682 4668
3 4572 4625 4576
3 4681 4627 4680
3 4872 4924 4925
3 4821 4872 4873
3 4821 4832 4872
3 4716 4763 4712
3 4666 4617 4668
3 4717 4666 4669
3 4665 4615 4666
3 4920 4923 4972
3 4869 4818 4868
3 4919 4869 4921
3 4867 4818 4869
3 4817 4813 4767
3 4868 4817 4820
3 4819 4871 4820
3 4920 4921 4869
3 4818 4813 4817
3 4214 4277 4219
3 4093 4031 4089
3 4027 4088 4028
3 4151 4153 4090
3 4215 4279 4216
3 4156 4221 4160
3 4280 4281 4277
3 4284 4285 4221
3 3914 3975 3913
3 3911 3912 3973
3 3793 3792 3853
3 3906 3912 3911
3 3852 3845 3905
3 3851 3791 3852
3 3911 3851 3852
3 3905 3966 3906
3 4031 4093 4036
3 4090 4031 4028
3 4036 4035 3975
3 3974 4036 3973
3 4093 4096 4036
3 4150 4152 4214
3 4214 4152 4216
3 4157 4214 4219
3 4157 4150 4214
3 4093 4150 4156
3 4093 4089 4150
3 4216 4279 4277
3 4153 4216 4152
3 4153 4215 4216
3 4095 4094 4034
3 4282 4263 4217
3 4449 4448 4508
3 4326 4386 4327
3 4506 4445 4446
3 4507 4506 4446
3 4560 4558 4506
3 4448 4387 4386
3 4508 4448 4504
3 4561 4508 4558
3 4503 4443 4449
3 4388 4387 4448
3 4449 4388 4448
3 4503 4449 4508
3 4443 4388 4449
3 4502 4443 4503
3 4442 4441 4380
3 4329 4268 4267
3 4381 4329 4388
3 4322 4268 4329
3 4325 4282 4343
3 4385 4325 4343
3 4385 4324 4325
3 4382 4323 4383
3 4445 4382 4446
3 4386 4387 4327
3 4445 4386 4382
3 4445 4448 4386
3 4202 4141 4137
3 4467 4518 4463
3 4407 4467 4404
3 4407 4403 4406
3 4284 4342 4345
3 4466 4520 4521
3 4402 4465 4403
3 4345 4402 4403
3 4341 4401 4402
3 4464 4520 4465
3 4613 4557 4561
3 4612 4609 4660
3 4556 4557 4609
3 4555 4556 4612
3 4555 4501 4502
3 4329 4328 4388
3 4294 4236 4268
3 4353 4294 4322
3 4353 4295 4294
3 4204 4265 4203
3 4266 4265 4205
3 4264 4266 4205
3 4326 4327 4266
3 4206 4268 4207
3 4327 4267 4265
3 4327 4387 4328
3 4508 4557 4503
3 4259 4318 4317
3 4195 4259 4258
3 4260 4318 4259
3 4262 4237 4295
3 4198 4134 4133
3 4260 4197 4261
3 4196 4134 4197
3 4262 4198 4200
3 4441 4379 4380
3 4236 4237 4174
3 4207 4236 4174
3 4268 4322 4294
3 4378 4440 4377
3 4319 4320 4377
3 4556 4503 4557
3 4380 4353 4322
3 4440 4379 4441
3 4321 4353 4379
3 4381 4388 4443
3 4414 4381 4443
3 4442 4414 4443
3 4442 4380 4414
3 4322 4329 4381
3 4530 4499 4476
3 4662 4713 4661
3 4764 4715 4712
3 4766 4765 4714
3 4611 4612 4662
3 4530 4476 4500
3 4610 4583 4554
3 4553 4499 4530
3 4555 4612 4611
3 4440 4441 4500
3 4502 4503 4556
3 4555 4502 4556
3 4442 4443 4502
3 4556 4609 4612
3 4552 4606 4551
3 4608 4607 4553
3 4658 4657 4607
3 4607 4657 4606
3 4199 4197 4198
3 4328 4387 4388
3 4267 4328 4329
3 4267 4327 4328
3 4203 4142 4138
3 4268 4206 4267
3 4207 4142 4206
3 4326 4323 4382
3 4265 4266 4327
3 4205 4202 4264
3 4232 4206 4203
3 4267 4232 4265
3 4267 4206 4232
3 4021 3959 3960
3 4082 4021 4080
3 4075 4074 4015
3 4159 4154 4158
3 4405 4444 4404
3 4013 4012 3951
3 4074 4135 4133
3 4014 4074 4073
3 4014 4015 4074
3 4015 4021 4075
3 3952 3953 4014
3 3959 4021 4015
3 3891 3897 3953
3 4018 3957 4019
3 3898 3960 3959
3 3898 3899 3960
3 4082 4143 4136
3 4021 4082 4075
3 4080 4142 4082
3 4071 4070 4011
3 4132 4071 4072
3 4132 4131 4071
3 4228 4290 4286
3 4410 4470 4409
3 4471 4410 4412
3 4471 4470 4410
3 4348 4347 4350
3 796 702 703
3 891 798 888
3 705 702 795
3 969 970 1065
3 984 888 890
3 782 783 875
3 598 690 689
3 591 504 594
3 775 778 867
3 591 598 521
3 683 595 686
3 777 683 776
3 592 595 683
3 1059 964 963
3 331 250 332
3 869 776 868
3 1259 1163 1260
3 1353 1259 1354
3 1450 1547 1469
3 1355 1451 1354
3 1548 1547 1451
3 1365 1269 1276
3 1258 1163 1259
3 1353 1258 1259
3 1180 1171 1258
3 1367 1270 1268
3 1162 1163 1258
3 974 975 1069
3 1298 1394 1393
3 3790 3785 3845
3 3791 3790 3852
3 3290 3368 3283
3 3370 3286 3369
3 3424 3371 3448
3 3424 3344 3371
3 3284 3201 3198
3 3110 3199 3198
3 3285 3369 3284
3 3370 3371 3286
3 3447 3370 3369
3 3447 3448 3370
3 3287 3201 3286
3 3288 3372 3289
3 3369 3445 3447
3 3450 3375 3373
3 3450 3525 3451
3 3590 3598 3659
3 3661 3660 3593
3 3659 3661 3592
3 3725 3727 3661
3 3793 3786 3732
3 3660 3594 3593
3 3727 3726 3660
3 3786 3727 3725
3 3732 3786 3725
3 3666 3732 3725
3 3792 3793 3732
3 3793 3846 3786
3 3786 3788 3727
3 3639 3706 3640
3 3570 3639 3640
3 3594 3660 3662
3 1873 1977 1874
3 1771 1669 1670
3 2080 2179 2180
3 3364 3296 3379
3 3020 2917 2916
3 3104 3105 3003
3 3194 3104 3122
3 3194 3105 3104
3 3002 2900 3003
3 3122 3208 3210
3 3726 3788 3787
3 3728 3726 3787
3 3660 3661 3727
3 1892 1791 1790
3 1889 1896 1892
3 1796 1889 1790
3 1897 1991 1889
3 2193 2192 2296
3 2092 2093 2193
3 1990 1993 2093
3 2093 2096 2192
3 2103 2000 2091
3 1794 1693 1793
3 1893 1794 1793
3 1888 1799 1794
3 2095 2097 2195
3 1994 2095 2096
3 1994 1992 2095
3 1992 1896 1995
3 1890 1992 1894
3 1891 1892 1992
3 1890 1891 1992
3 1890 1789 1891
3 1995 2097 2095
3 2983 2984 3086
3 2782 2878 2880
3 3178 3179 3265
3 3182 3178 3263
3 3089 3086 3178
3 3182 3089 3178
3 3182 3088 3089
3 2879 2984 2878
3 2879 2776 2874
3 2782 2678 2776
3 3261 3287 3344
3 3176 3261 3262
3 3177 3176 3262
3 3113 3202 3176
3 3176 3202 3261
3 3177 3113 3176
3 2875 2876 2980
3 2979 2875 2980
3 2904 3007 2905
3 2803 2801 2905
3 2908 3011 3009
3 2806 2908 2904
3 2806 2907 2908
3 2708 2806 2801
3 2907 2909 3010
3 3114 3013 3109
3 3084 2982 2981
3 2876 2802 2877
3 3177 3083 3084
3 3083 2984 2979
3 3084 3083 2982
3 3085 2984 3083
3 2165 2266 2166
3 1998 2099 2100
3 2062 1998 2100
3 1958 1997 1998
3 2267 2367 2368
3 2166 2267 2168
3 2266 2367 2267
3 2199 2266 2165
3 2002 1904 1903
3 2003 2104 2001
3 1907 1908 1906
3 2100 2099 2198
3 2165 2100 2199
3 2165 2062 2100
3 1997 1899 1898
3 2605 2707 2606
3 2506 2605 2606
3 2505 2604 2605
3 2199 2303 2266
3 2804 2807 2907
3 2706 2804 2805
3 2709 2807 2804
3 2703 2704 2803
3 2802 2703 2803
3 2670 2601 2703
3 2505 2605 2506
3 2708 2704 2607
3 2806 2708 2707
3 2402 2502 2466
3 2303 2402 2367
3 2303 2401 2402
3 2266 2303 2367
3 2401 2309 2407
3 2199 2302 2303
3 2199 2100 2198
3 2606 2507 2506
3 2606 2708 2607
3 2466 2569 2467
3 2370 2368 2467
3 2501 2402 2401
3 2606 2707 2708
3 2605 2706 2707
3 2705 2709 2804
3 2105 2101 2200
3 2709 2799 2807
3 2608 2709 2705
3 2608 2600 2701
3 2502 2569 2466
3 2367 2402 2466
3 2607 2704 2703
3 2602 2607 2703
3 2502 2602 2601
3 2507 2607 2602
3 2507 2606 2607
3 2706 2705 2804
3 2703 2802 2774
3 2907 2807 2909
3 2908 2907 3010
3 2805 2707 2706
3 2806 2805 2907
3 2806 2707 2805
3 2800 2902 2799
3 3008 3013 2981
3 2906 3008 2981
3 3007 3109 3008
3 2801 2806 2904
3 2905 2801 2904
3 2704 2708 2801
3 3285 3199 3200
3 3369 3286 3284
3 3010 2909 3012
3 3011 3010 3112
3 3011 2908 3010
3 2904 2908 3007
3 3010 3012 3112
3 2877 2981 2982
3 2876 2877 2980
3 2906 2981 2877
3 2905 3008 2906
3 2704 2801 2803
3 3007 3008 2905
3 2877 2982 2980
3 2803 2905 2906
3 3013 3084 2981
3 2775 2773 2671
3 2672 2775 2671
3 2876 2875 2775
3 2979 2879 2874
3 2982 3083 2980
3 2984 2879 2979
3 1807 1706 1803
3 2609 2695 2710
3 2610 2609 2711
3 2800 2701 2702
3 2600 2500 2509
3 2500 2592 2593
3 2465 2568 2567
3 2566 2464 2567
3 2668 2566 2567
3 2478 2463 2566
3 2580 2478 2576
3 2463 2365 2464
3 2384 2463 2478
3 2384 2382 2463
3 3116 3015 3115
3 3204 3116 3203
3 3291 3375 3290
3 3291 3373 3375
3 3013 3113 3084
3 3287 3202 3201
3 3287 3261 3202
3 3344 3287 3371
3 3425 3344 3424
3 3499 3425 3424
3 3426 3345 3425
3 3426 3346 3345
3 3085 3179 3086
3 3113 3177 3084
3 3262 3179 3177
3 2398 2497 2495
3 1663 1669 1671
3 1768 1664 1766
3 1463 1464 1365
3 1372 1463 1365
3 1469 1567 1561
3 95 96 169
3 95 48 96
3 46 47 94
3 93 46 94
3 15 16 46
3 16 17 47
3 17 18 48
3 3399 3400 3475
3 3474 3399 3475
3 3398 3318 3399
3 3474 3398 3399
3 3542 3473 3543
3 3472 3396 3397
3 3318 3235 3319
3 3317 3318 3398
3 3317 3234 3318
3 3319 3235 3236
3 3399 3319 3400
3 3399 3318 3319
3 3316 3317 3397
3 3315 3316 3396
3 3315 3232 3316
3 3232 3302 3218
3 3316 3232 3233
3 3315 3302 3232
3 3153 3237 3236
3 3239 3324 3322
3 3397 3398 3473
3 3472 3397 3473
3 3396 3316 3397
3 91 165 164
3 49 48 18
3 19 50 49
3 167 250 166
3 94 167 93
3 251 250 167
3 252 251 168
3 333 332 251
3 252 333 251
3 334 421 333
3 99 52 101
3 97 50 99
3 174 171 99
3 96 48 49
3 95 47 48
3 168 95 169
3 94 47 95
3 49 50 97
3 96 49 97
3 18 19 49
3 19 20 50
3 502 505 592
3 420 507 506
3 333 420 332
3 421 507 420
3 597 508 599
3 419 420 506
3 421 508 507
3 333 421 420
3 422 509 508
3 167 94 168
3 166 93 167
3 249 166 250
3 247 329 328
3 164 247 163
3 164 248 247
3 165 248 164
3 331 419 418
3 249 331 330
3 249 250 331
3 45 15 46
3 53 52 21
3 31 78 73
3 99 50 52
3 175 174 101
3 97 171 170
3 508 421 422
3 597 507 508
3 688 597 599
3 687 686 596
3 688 687 597
3 688 781 780
3 596 595 506
3 507 596 506
3 597 687 596
3 686 595 596
3 779 871 868
3 688 780 687
3 781 872 780
3 776 683 686
3 505 502 418
3 419 505 418
3 595 592 505
3 253 169 170
3 254 253 170
3 256 254 171
3 256 339 336
3 252 168 169
3 334 252 253
3 334 333 252
3 171 97 99
3 336 423 335
3 256 336 254
3 339 425 336
3 170 96 97
3 254 170 171
3 169 96 170
3 2289 2287 2186
3 2290 2289 2187
3 2387 2287 2289
3 2487 2586 2485
3 2289 2186 2187
3 2288 2287 2387
3 2288 2185 2287
3 2485 2586 2486
3 2207 2110 2183
3 2286 2207 2285
3 2288 2385 2285
3 2185 2184 2287
3 2183 2182 2285
3 2085 2184 2185
3 2485 2389 2487
3 2483 2388 2486
3 2387 2389 2485
3 2311 2214 2207
3 3098 2996 3099
3 2920 2817 2919
3 2791 2790 2893
3 2892 2791 2894
3 2788 2689 2791
3 3377 3300 3383
3 3454 3378 3453
3 3293 3207 3214
3 3378 3295 3377
3 3295 3208 3209
3 2386 2385 2483
3 2286 2386 2311
3 2385 2288 2388
3 2285 2385 2286
3 2288 2387 2388
3 3278 3277 3193
3 3668 3600 3605
3 3378 3377 3453
3 3379 3378 3454
3 3295 3293 3377
3 3294 3295 3378
3 3294 3208 3295
3 3457 3382 3381
3 3603 3532 3531
3 3383 3382 3458
3 3377 3383 3453
3 3300 3382 3383
3 3213 3297 3299
3 3126 3213 3214
3 3125 3212 3213
3 3604 3672 3605
3 3533 3604 3605
3 3532 3603 3604
3 2614 2716 2715
3 2613 2614 2715
3 2515 2616 2614
3 2585 2511 2484
3 2687 2612 2585
3 2617 2615 2516
3 2714 2617 2612
3 2714 2718 2617
3 2718 2714 2814
3 2817 2718 2814
3 2816 2717 2718
3 2516 2513 2415
3 2617 2516 2612
3 2615 2513 2516
3 2616 2615 2717
3 2516 2511 2612
3 2918 3022 2921
3 2915 2918 2921
3 2920 3022 2918
3 2286 2385 2386
3 2692 2589 2591
3 2893 2894 2791
3 2586 2589 2688
3 2687 2714 2612
3 2788 2687 2686
3 2788 2892 2789
3 2616 2514 2615
3 2317 2312 2214
3 3733 3671 3667
3 3668 3673 3734
3 3735 3669 3734
3 3600 3529 3528
3 3517 3443 3442
3 3601 3669 3602
3 3519 3589 3524
3 3444 3519 3449
3 3518 3588 3519
3 3587 3588 3518
3 3530 3587 3517
3 3455 3530 3517
3 3529 3601 3530
3 3656 3588 3587
3 3656 3657 3588
3 2815 2716 2816
3 3457 3458 3382
3 3531 3457 3456
3 3531 3458 3457
3 3527 3531 3456
3 3532 3533 3459
3 3458 3532 3459
3 3603 3671 3604
3 3126 3125 3213
3 3207 3126 3214
3 3119 3023 3126
3 3599 3583 3652
3 3603 3599 3667
3 3603 3531 3599
3 3381 3456 3457
3 3300 3299 3382
3 3298 3297 3212
3 3376 3298 3292
3 3380 3381 3298
3 3362 3277 3278
3 3440 3439 3362
3 3441 3440 3363
3 3515 3514 3440
3 3361 3277 3362
3 3440 3514 3439
3 3438 3360 3361
3 3452 3376 3438
3 3381 3380 3456
3 3381 3297 3298
3 3360 3276 3361
3 3376 3360 3438
3 3292 3275 3360
3 3380 3298 3376
3 3275 3191 3276
3 3211 3275 3292
3 3211 3189 3275
3 3737 3799 3738
3 3733 3737 3671
3 3733 3794 3737
3 3738 3673 3672
3 3670 3735 3736
3 3722 3670 3736
3 3602 3587 3530
3 3107 3106 3195
3 3196 3107 3195
3 3115 3014 3107
3 3458 3459 3383
3 3604 3533 3532
3 3673 3605 3672
3 3673 3668 3605
3 3528 3529 3454
3 3605 3600 3533
3 3668 3601 3600
3 3587 3602 3656
3 3734 3669 3668
3 3735 3670 3669
3 3528 3453 3459
3 3600 3528 3533
3 3454 3453 3528
3 3455 3454 3529
3 3379 3296 3378
3 3365 3280 3364
3 3300 3293 3214
3 1910 1911 1810
3 1809 1910 1810
3 1709 1809 1810
3 1713 1814 1809
3 1814 1916 1910
3 2111 2208 2112
3 2110 2117 2014
3 2110 2207 2117
3 2009 1911 2008
3 2009 1914 1911
3 2014 2111 2008
3 2008 2111 2009
3 1914 1812 1911
3 3784 3843 3844
3 3731 3791 3792
3 3597 3596 3664
3 3598 3597 3664
3 3665 3598 3664
3 3730 3665 3664
3 3730 3731 3665
3 3666 3659 3598
3 3446 3521 3445
3 3725 3659 3666
3 3521 3522 3447
3 3520 3590 3591
3 3451 3520 3446
3 3526 3590 3520
3 3592 3522 3521
3 3730 3790 3791
3 3666 3665 3731
3 3729 3790 3730
3 3783 3843 3784
3 3672 3737 3738
3 3976 3980 4037
3 3904 3857 3915
3 3858 3920 3919
3 3797 3795 3856
3 3783 3736 3796
3 3736 3735 3797
3 3796 3736 3797
3 3857 3796 3797
3 3857 3843 3796
3 3790 3729 3785
3 3858 3918 3920
3 1712 1695 1611
3 1811 1712 1710
3 1711 1811 1710
3 1912 1813 1811
3 1790 1791 1689
3 1695 1790 1689
3 1915 1813 1912
3 1991 1896 1889
3 2098 2094 1996
3 1995 1896 1991
3 1796 1813 1897
3 1813 1796 1712
3 2011 1912 1913
3 2098 1996 2013
3 2197 2098 2116
3 2194 2097 2094
3 1897 1813 1915
3 1877 1880 1979
3 2083 2084 1980
3 1979 2083 1978
3 2085 2182 2083
3 2086 2085 1982
3 2185 2288 2285
3 2086 2184 2085
3 2186 2287 2184
3 1980 1909 1878
3 2083 1980 1978
3 2182 2183 2084
3 2185 2182 2085
3 2185 2285 2182
3 2110 2014 2007
3 2111 2117 2208
3 2009 2111 2112
3 2014 2117 2111
3 2110 2007 2084
3 1980 1878 1978
3 1226 1225 1132
3 1226 1317 1225
3 1131 1227 1132
3 1319 1317 1226
3 1320 1415 1317
3 1418 1320 1319
3 1414 1418 1319
3 1516 1608 1511
3 1415 1318 1317
3 1415 1416 1318
3 1418 1415 1320
3 1511 1416 1415
3 1610 1512 1608
3 1513 1416 1512
3 1711 1710 1609
3 1611 1592 1515
3 1492 1493 1398
3 1395 1491 1397
3 1588 1493 1492
3 1417 1515 1491
3 1592 1690 1588
3 1689 1592 1695
3 1796 1790 1695
3 1791 1691 1690
3 1392 1489 1391
3 1301 1302 1207
3 1399 1493 1494
3 272 271 187
3 273 355 272
3 274 273 189
3 356 355 273
3 443 444 531
3 272 355 354
3 356 444 355
3 578 577 490
3 669 578 579
3 669 759 667
3 578 667 577
3 849 759 761
3 849 758 759
3 852 851 761
3 920 832 849
3 739 651 650
3 652 739 649
3 741 831 829
3 562 564 477
3 476 562 475
3 650 564 562
3 649 650 563
3 577 649 563
3 652 741 739
3 666 652 649
3 666 741 652
3 739 829 740
3 1417 1395 1416
3 1514 1417 1513
3 1609 1514 1513
3 1611 1515 1514
3 1491 1588 1492
3 1514 1515 1417
3 1592 1588 1515
3 1130 1225 1224
3 1037 1129 1035
3 1037 1131 1129
3 945 944 1037
3 1032 943 1033
3 1674 1707 1607
3 1875 1776 1775
3 1876 1878 1778
3 1814 1713 1808
3 1916 1814 1909
3 1980 2007 1909
3 2008 1910 1916
3 2008 1911 1910
3 1674 1607 1570
3 1672 1674 1570
3 1776 1778 1674
3 1713 1707 1808
3 1606 1612 1516
3 1513 1512 1610
3 1516 1509 1606
3 1315 1223 1279
3 1320 1317 1319
3 1127 1223 1222
3 1227 1226 1132
3 1315 1227 1222
3 1319 1226 1227
3 1033 943 940
3 1126 1033 1031
3 1032 1036 943
3 1126 1032 1033
3 1125 1127 1036
3 1126 1125 1032
3 1126 1223 1125
3 1131 1036 1127
3 945 1035 942
3 944 945 852
3 943 944 852
3 943 1036 944
3 1037 1035 945
3 1377 1376 1282
3 1569 1568 1471
3 1475 1571 1474
3 1775 1776 1674
3 1374 1278 1280
3 1471 1374 1376
3 1474 1471 1376
3 1568 1470 1471
3 1470 1373 1374
3 1712 1811 1813
3 4098 4149 4087
3 4097 4098 4038
3 4161 4223 4162
3 4166 4161 4102
3 4162 4149 4098
3 3977 3965 3915
3 4027 4026 4087
3 3966 3905 3965
3 4027 3966 4026
3 4027 3968 3966
3 3854 3846 3793
3 3914 3854 3853
3 3911 3914 3853
3 3973 3975 3914
3 3913 3907 3854
3 3300 3377 3293
3 3602 3669 3670
3 3656 3602 3670
3 3530 3601 3602
3 3600 3601 3529
3 3668 3669 3601
3 2809 2911 2910
3 2898 2808 2795
3 2901 2911 2808
3 2898 2901 2808
3 2796 2898 2795
3 2509 2609 2610
3 2600 2509 2610
3 2593 2609 2509
3 2595 2694 2592
3 2695 2609 2593
3 2696 2697 2796
3 2797 2899 2898
3 2899 2900 3002
3 2798 2899 2797
3 3002 3105 3004
3 2898 3002 2901
3 2900 2917 3003
3 3280 3365 3281
3 3279 3280 3195
3 3364 3379 3442
3 3279 3364 3280
3 3296 3294 3378
3 3279 3296 3364
3 3210 3208 3294
3 3279 3210 3296
3 3279 3194 3210
3 3203 3288 3204
3 3115 3203 3116
3 2911 3014 3015
3 3196 3203 3115
3 3107 3196 3115
3 3195 3280 3196
3 3194 3195 3106
3 3280 3281 3196
3 3281 3366 3288
3 3196 3281 3203
3 3365 3366 3281
3 3365 3364 3442
3 3194 3279 3195
3 3194 3122 3210
3 3288 3289 3204
3 3281 3288 3203
3 3366 3372 3288
3 3443 3366 3365
3 3444 3518 3519
3 3589 3595 3524
3 3658 3723 3724
3 3730 3791 3731
3 1700 1604 1597
3 1903 1803 1802
3 1700 1803 1706
3 1802 1803 1700
3 1904 1807 1803
3 2699 2698 2597
3 2700 2699 2599
3 2700 2798 2699
3 3110 3011 3112
3 3009 3007 2908
3 3110 3009 3011
3 3110 3109 3009
3 3114 3109 3198
3 3202 3114 3201
3 3113 3013 3114
3 3013 3008 3109
3 2799 2902 2807
3 3200 3112 3111
3 3367 3285 3282
3 3284 3199 3285
3 3114 3198 3201
3 3199 3112 3200
3 3198 3199 3284
3 3110 3112 3199
3 3109 3110 3198
3 3109 3007 3009
3 3012 3111 3112
3 2902 3005 2909
3 3108 3111 3012
3 2909 3005 3012
3 3017 3118 3108
3 3108 3118 3197
3 3367 3445 3369
3 3285 3367 3369
3 3282 3283 3367
3 3200 3283 3282
3 3108 3197 3111
3 3118 3205 3197
3 3016 3117 3017
3 3005 2902 2903
3 3006 3005 2903
3 3108 3012 3005
3 3015 3116 3016
3 3291 3290 3205
3 3206 3291 3205
3 3118 3206 3205
3 3117 3204 3206
3 3289 3373 3291
3 3447 3522 3448
3 3371 3370 3448
3 3445 3521 3447
3 3368 3445 3367
3 3283 3368 3367
3 3290 3375 3374
3 3205 3290 3283
3 3197 3205 3283
3 3118 3117 3206
3 3375 3451 3374
3 3590 3597 3598
3 3591 3590 3659
3 3592 3591 3659
3 3521 3520 3591
3 3521 3446 3520
3 3368 3446 3445
3 3526 3525 3596
3 3374 3451 3446
3 3368 3374 3446
3 3368 3290 3374
3 3375 3450 3451
3 3206 3204 3289
3 3200 3197 3283
3 3285 3200 3282
3 3111 3197 3200
3 3006 2903 2913
3 2807 2902 2909
3 2800 2903 2902
3 2702 2610 2711
3 2800 2702 2711
3 2701 2610 2702
3 2709 2701 2799
3 2709 2608 2701
3 2912 2810 2910
3 3015 2912 2910
3 2913 2903 2912
3 3291 3206 3289
3 3017 3117 3118
3 3116 3204 3117
3 3202 3113 3114
3 3014 3106 3107
3 3015 3014 3115
3 2911 2901 3004
3 2115 2116 2013
3 2211 2212 2114
3 2314 2316 2210
3 2315 2213 2316
3 2213 2116 2212
3 2414 2413 2515
3 2315 2414 2409
3 2315 2316 2414
3 2213 2315 2310
3 2316 2413 2414
3 2313 2314 2210
3 2412 2413 2314
3 2310 2300 2213
3 2212 2316 2213
3 2409 2399 2310
3 3735 3795 3797
3 3738 3739 3673
3 3739 3800 3795
3 3673 3739 3734
3 3798 3859 3800
3 3739 3798 3800
3 3738 3799 3798
3 3976 3919 3980
3 3905 3844 3904
3 3799 3737 3794
3 3679 3613 3680
3 3542 3543 3611
3 3317 3398 3397
3 3404 3322 3324
3 3549 3479 3480
3 3403 3479 3477
3 3153 3154 3237
3 3159 3242 3157
3 3407 3325 3327
3 3324 3240 3325
3 3401 3476 3400
3 3322 3403 3321
3 3477 3479 3547
3 3401 3477 3476
3 3401 3403 3477
3 3239 3240 3324
3 3155 3239 3238
3 3159 3066 3160
3 3156 3157 3240
3 3156 3063 3064
3 3239 3156 3240
3 3155 3062 3063
3 3473 3542 3472
3 3474 3544 3543
3 3476 3475 3400
3 3476 3545 3475
3 3544 3612 3543
3 3474 3475 3544
3 3473 3474 3543
3 3473 3398 3474
3 3545 3613 3544
3 52 50 20
3 2759 2655 2656
3 3068 3067 2964
3 3070 3162 3068
3 3069 3070 2967
3 3069 3163 3070
3 3158 3067 3068
3 2757 2756 2653
3 2963 2858 2859
3 2966 3068 2964
3 2861 2966 2860
3 2967 3070 2966
3 3066 2962 2963
3 3064 2960 2961
3 3157 3064 3065
3 3063 2960 3064
3 2959 2960 3063
3 2856 2857 2961
3 2856 2960 2855
3 2755 2857 2856
3 3156 3155 3063
3 2753 2650 2754
3 2550 2551 2651
3 2549 2550 2650
3 2448 2551 2550
3 2349 2448 2447
3 2449 2552 2551
3 2351 2449 2350
3 2249 2351 2248
3 2249 2250 2352
3 2552 2652 2551
3 2352 2250 2353
3 2756 2755 2652
3 2958 3061 2957
3 3238 3154 3155
3 3238 3237 3154
3 2719 2650 2753
3 2752 2719 2753
3 2649 2650 2719
3 2446 2445 2347
3 2447 2446 2348
3 2549 2548 2446
3 2446 2548 2445
3 2550 2549 2447
3 2649 2548 2549
3 2751 2752 2853
3 2749 2646 2750
3 2648 2752 2751
3 329 415 417
3 246 247 328
3 248 330 329
3 252 169 253
3 167 168 251
3 94 95 168
3 45 46 93
3 47 17 48
3 505 506 595
3 505 419 506
3 415 418 502
3 330 248 249
3 415 330 418
3 415 329 330
3 332 420 419
3 251 332 250
3 334 422 421
3 146 78 150
3 227 146 228
3 145 78 146
3 75 80 33
3 75 77 148
3 334 253 335
3 80 151 79
3 259 174 175
3 341 259 258
3 340 341 258
3 428 425 339
3 341 428 339
3 429 515 428
3 256 174 259
3 98 172 173
3 73 98 51
3 145 172 98
3 1066 1068 1162
3 970 1066 1065
3 970 971 1066
3 1164 1067 1157
3 1162 1068 1163
3 1157 1067 1156
3 775 685 778
3 871 963 868
3 779 780 871
3 776 779 868
3 686 687 779
3 872 966 871
3 967 966 872
3 1062 1057 966
3 779 776 686
3 687 780 779
3 871 966 963
3 691 785 781
3 967 1064 1062
3 873 967 872
3 968 1064 967
3 1161 1257 1256
3 1061 1160 1064
3 1252 1347 1257
3 1348 1350 1447
3 879 974 878
3 1202 1107 1106
3 1195 1211 1116
3 1011 1107 1100
3 1292 1388 1305
3 1307 1212 1305
3 1196 1293 1292
3 1293 1196 1202
3 1196 1292 1195
3 1297 1389 1293
3 1400 1404 1305
3 1118 1119 1024
3 1213 1118 1211
3 1213 1215 1118
3 1447 1349 1348
3 1057 963 966
3 965 1060 1058
3 1057 1059 963
3 1057 1063 1155
3 1063 1057 1062
3 1064 1161 1062
3 1155 1059 1057
3 1158 1155 1063
3 1158 1253 1155
3 1159 1158 1063
3 1161 1159 1063
3 1062 1161 1063
3 1160 1257 1161
3 1256 1255 1159
3 1255 1348 1253
3 1067 1068 973
3 1058 1060 1156
3 962 1058 972
3 962 965 1058
3 1164 1254 1260
3 869 870 777
3 963 964 868
3 870 778 777
3 964 965 869
3 962 867 870
3 965 962 870
3 869 965 870
3 964 1059 1060
3 868 964 869
3 1058 1067 972
3 964 1060 965
3 1156 1155 1253
3 877 971 876
3 777 684 683
3 869 777 776
3 778 684 777
3 867 778 870
3 877 867 962
3 784 690 775
3 877 784 867
3 972 877 962
3 972 971 877
3 690 598 682
3 783 690 784
3 783 689 690
3 684 592 683
3 685 684 778
3 685 682 594
3 1663 1561 1567
3 1447 1355 1349
3 1548 1646 1547
3 1447 1452 1355
3 2398 2495 2396
3 2498 2598 2496
3 2596 2594 2495
3 2497 2596 2495
3 2697 2696 2596
3 2597 2697 2596
3 2496 2598 2497
3 2700 2611 2713
3 2598 2599 2699
3 2497 2598 2597
3 2498 2599 2598
3 2498 2510 2599
3 2898 2899 3002
3 2698 2797 2697
3 2699 2798 2698
3 2611 2700 2599
3 2713 2798 2700
3 2813 2900 2798
3 2798 2900 2899
3 2914 2915 3019
3 3104 3003 3020
3 3004 3105 3106
3 3002 3003 3105
3 3106 3105 3194
3 2813 2917 2900
3 3020 3122 3104
3 2917 3020 3003
3 3018 3121 3120
3 2916 3018 3020
3 2916 2914 3018
3 2713 2812 2813
3 3209 3207 3293
3 3122 3120 3208
3 3121 3207 3209
3 3020 3018 3120
3 3119 3207 3121
3 3019 3119 3121
3 2914 3019 3018
3 2812 2914 2916
3 2811 2915 2914
3 2921 3023 3019
3 3019 3023 3119
3 3210 3294 3296
3 3120 3209 3208
3 3020 3120 3122
3 3121 3209 3120
3 3209 3293 3295
3 3004 3014 2911
3 3002 3004 2901
3 3106 3014 3004
3 2696 2594 2596
3 2797 2796 2697
3 2810 2711 2710
3 2912 2903 2810
3 3017 2913 3016
3 3006 3108 3005
3 3017 3006 2913
3 3017 3108 3006
3 2800 2711 2810
3 1685 1591 1583
3 1694 1795 1793
3 1789 1788 1687
3 1789 1890 1788
3 1890 1894 1795
3 2300 2197 2213
3 2498 2399 2409
3 2397 2398 2299
3 2300 2397 2297
3 2399 2496 2397
3 2295 2192 2195
3 2298 2295 2299
3 2398 2298 2299
3 2398 2396 2298
3 2296 2395 2294
3 2194 2098 2197
3 1451 1452 1548
3 1486 1400 1388
3 1487 1486 1389
3 1583 1591 1496
3 1408 1502 1503
3 1306 1307 1405
3 1211 1212 1306
3 1211 1195 1212
3 1905 1805 1901
3 1595 1693 1698
3 2091 2190 2103
3 1900 1888 1989
3 2092 2193 2190
3 1989 2092 2091
3 1990 2093 2092
3 1502 1599 1600
3 1591 1692 1590
3 1501 1598 1599
3 1502 1501 1599
3 1406 1500 1501
3 1500 1504 1598
3 1501 1500 1598
3 1307 1406 1405
3 1307 1404 1406
3 1404 1495 1500
3 1490 1584 1487
3 1584 1586 1687
3 1256 1351 1255
3 1064 1160 1161
3 1446 1356 1453
3 1257 1347 1352
3 1252 1262 1347
3 879 878 786
3 1061 974 1069
3 968 878 974
3 1554 1653 1552
3 1498 1594 1593
3 1555 1498 1593
3 1655 1555 1593
3 1554 1457 1555
3 1403 1402 1497
3 1458 1403 1498
3 1458 1361 1403
3 1361 1458 1457
3 1360 1361 1457
3 1265 1304 1361
3 1497 1594 1498
3 1906 1898 1806
3 2006 1908 2005
3 2405 2307 2404
3 2205 2306 2308
3 2206 2205 2308
3 2107 2108 2205
3 2205 2108 2204
3 2004 2106 2005
3 2204 2307 2306
3 2203 2204 2108
3 2203 2305 2204
3 2099 1997 2006
3 1997 1898 1908
3 1797 1806 1898
3 1807 1904 1906
3 1797 1704 1806
3 1706 1604 1700
3 1705 1706 1807
3 1705 1605 1706
3 1605 1705 1603
3 1605 1604 1706
3 1905 2001 1902
3 2201 2301 2304
3 2203 2104 2105
3 2305 2203 2202
3 2106 2004 2104
3 2108 2106 2203
3 2108 2005 2106
3 2203 2106 2104
3 1959 1958 2062
3 1960 1959 2062
3 1960 1853 1959
3 1907 2005 1908
3 2004 1907 1906
3 2004 2005 1907
3 1906 1908 1898
3 1807 1906 1806
3 1904 2002 1906
3 1998 1997 2099
3 1958 1899 1997
3 1899 1797 1898
3 1853 1899 1958
3 1696 1602 1704
3 1797 1696 1704
3 1705 1806 1704
3 1899 1798 1797
3 1697 1649 1593
3 1797 1798 1696
3 1752 1649 1697
3 1853 1752 1798
3 1853 1960 1854
3 2406 2308 2405
3 2002 2001 2104
3 1906 2002 2004
3 1903 2001 2002
3 1803 1903 1904
3 1802 1902 1903
3 1801 1699 1702
3 1597 1596 1699
3 1702 1599 1701
3 2595 2594 2696
3 2796 2694 2696
3 2393 2491 2400
3 2494 2493 2394
3 2592 2500 2491
3 2191 2103 2190
3 2294 2191 2190
3 2193 2296 2294
3 2091 2092 2190
3 2093 2192 2193
3 2395 2394 2294
3 2293 2201 2191
3 2200 2102 2201
3 2101 1999 2102
3 2395 2396 2492
3 2394 2395 2494
3 2394 2293 2294
3 2595 2493 2494
3 2491 2500 2499
3 2595 2592 2493
3 2694 2796 2695
3 2593 2694 2695
3 2595 2696 2694
3 2201 2103 2191
3 2395 2296 2396
3 2495 2594 2492
3 2396 2495 2492
3 2497 2597 2596
3 2802 2803 2906
3 2877 2802 2906
3 2774 2775 2672
3 2773 2775 2875
3 2602 2502 2501
3 2703 2601 2602
3 2670 2569 2601
3 2774 2670 2703
3 2876 2774 2802
3 2876 2775 2774
3 2672 2569 2670
3 2907 2805 2804
3 2603 2503 2508
3 2705 2603 2608
3 2604 2505 2504
3 2706 2604 2705
3 2206 2309 2302
3 2005 2108 2107
3 2308 2406 2309
3 2109 2205 2206
3 2405 2504 2505
3 2406 2405 2505
3 2306 2307 2405
3 2506 2406 2505
3 2506 2407 2406
3 2293 2191 2294
3 2201 2102 2103
3 2504 2503 2603
3 2604 2504 2603
3 2306 2405 2308
3 2706 2605 2604
3 2503 2404 2403
3 2107 2006 2005
3 2204 2306 2205
3 2109 2198 2099
3 2205 2109 2107
3 2206 2198 2109
3 1997 1908 2006
3 2105 2003 2101
3 2202 2105 2200
3 2304 2202 2200
3 2206 2308 2309
3 2305 2307 2204
3 2305 2403 2404
3 2104 2003 2105
3 2202 2203 2105
3 2004 2002 2104
3 2304 2301 2400
3 2202 2304 2305
3 2200 2201 2304
3 2102 2200 2101
3 2404 2503 2504
3 2405 2404 2504
3 2307 2305 2404
3 2304 2403 2305
3 2400 2408 2403
3 2293 2393 2301
3 2408 2503 2403
3 2499 2408 2400
3 2499 2508 2408
3 2394 2493 2393
3 2500 2600 2499
3 2401 2302 2309
3 2501 2401 2407
3 2303 2302 2401
3 2062 1958 1998
3 2407 2506 2507
3 2501 2407 2507
3 2602 2501 2507
3 2502 2402 2501
3 2309 2406 2407
3 2109 2099 2006
3 2199 2198 2302
3 2109 2006 2107
3 2302 2198 2206
3 2491 2493 2592
3 2400 2491 2499
3 2393 2493 2491
3 2301 2393 2400
3 2403 2304 2400
3 2201 2293 2301
3 2293 2394 2393
3 2603 2705 2604
3 1794 1799 1698
3 1989 1888 1990
3 2092 1989 1990
3 2091 2000 1989
3 1900 2000 1901
3 1799 1900 1800
3 1989 2000 1900
3 2102 2000 2103
3 1902 2001 1903
3 1699 1801 1802
3 1805 1800 1901
3 1804 1805 1905
3 1804 1703 1805
3 1703 1804 1701
3 1905 2003 2001
3 1804 1905 1902
3 1999 2003 1905
3 1901 1999 1905
3 1900 1901 1800
3 2000 1999 1901
3 2101 2003 1999
3 3016 2913 2912
3 2911 2809 2808
3 2809 2810 2710
3 2808 2809 2710
3 2910 2810 2809
3 3015 2910 2911
3 3015 3016 2912
3 2903 2800 2810
3 2799 2701 2800
3 2595 2494 2594
3 2701 2600 2610
3 2600 2508 2499
3 2593 2509 2500
3 2508 2503 2408
3 2608 2508 2600
3 2608 2603 2508
3 2795 2808 2710
3 1502 1406 1501
3 1503 1502 1600
3 1596 1503 1600
3 1699 1596 1600
3 1499 1503 1596
3 1507 1499 1597
3 1407 1503 1499
3 1407 1408 1503
3 1405 1406 1502
3 1496 1486 1583
3 1590 1496 1591
3 1590 1495 1496
3 2463 2464 2566
3 2382 2282 2364
3 2164 2265 2264
3 2058 2065 2162
3 2167 2265 2164
3 2364 2262 2263
3 2281 2282 2382
3 2281 2179 2282
3 1758 1756 1859
3 1653 1758 1654
3 1656 1756 1758
3 1649 1656 1655
3 1649 1753 1656
3 2368 2466 2467
3 2267 2368 2269
3 2367 2466 2368
3 2059 2163 2060
3 2069 2169 2170
3 2068 2070 2170
3 1962 1961 2067
3 1858 1859 1963
3 2067 2066 2169
3 1962 2067 2069
3 1961 2066 2067
3 2263 2163 2162
3 2064 2063 1960
3 2165 2064 2062
3 2165 2166 2064
3 2064 2166 2063
3 2267 2269 2168
3 2370 2369 2270
3 2066 2063 2166
3 2168 2066 2166
3 2266 2267 2166
3 2269 2169 2168
3 2169 2069 2067
3 2369 2468 2465
3 2269 2370 2270
3 2467 2468 2370
3 2070 2068 1964
3 1963 2070 1964
3 2069 2170 2070
3 2270 2268 2170
3 2269 2270 2169
3 2269 2368 2370
3 2068 2058 1964
3 1860 1849 1857
3 2059 1956 1955
3 2162 2059 2058
3 2162 2163 2059
3 1851 1957 1852
3 1954 2059 1955
3 2060 1957 1956
3 1755 1651 1652
3 1857 1755 1858
3 1754 1651 1755
3 1649 1655 1593
3 1594 1602 1697
3 1859 1962 1963
3 1855 1856 1756
3 1855 1961 1856
3 1553 1654 1652
3 1653 1554 1655
3 1644 1650 1748
3 1645 1644 1748
3 1546 1544 1644
3 1551 1652 1651
3 1453 1551 1550
3 1455 1553 1551
3 1356 1455 1453
3 1454 1552 1553
3 1453 1455 1551
3 1358 1454 1455
3 1357 1358 1262
3 1357 1456 1358
3 1252 1261 1262
3 1263 1264 1359
3 1553 1652 1551
3 1454 1553 1455
3 1552 1654 1553
3 1456 1552 1454
3 1653 1654 1552
3 1457 1458 1555
3 2567 2669 2668
3 2576 2566 2668
3 2265 2365 2264
3 2263 2164 2264
3 2167 2268 2265
3 1655 1758 1653
3 1753 1855 1756
3 1752 1753 1649
3 1752 1853 1854
3 1859 1858 1757
3 1856 1859 1756
3 1856 1962 1859
3 1704 1602 1603
3 1807 1806 1705
3 1899 1853 1798
3 1705 1704 1603
3 2064 1960 2062
3 1697 1593 1594
3 1798 1697 1696
3 1798 1752 1697
3 1696 1697 1602
3 1554 1555 1655
3 2772 2773 2874
3 2678 2772 2776
3 2668 2669 2772
3 2066 2168 2169
3 2672 2570 2569
3 2268 2366 2265
3 2366 2464 2365
3 2265 2366 2365
3 2268 2369 2366
3 2369 2465 2366
3 2270 2369 2268
3 2370 2468 2369
3 2569 2570 2467
3 2570 2568 2468
3 2567 2464 2465
3 1757 1755 1652
3 1850 1754 1849
3 1650 1651 1754
3 1647 1751 1750
3 1549 1648 1647
3 1751 1852 1750
3 1748 1749 1648
3 1850 1849 1955
3 1851 1850 1955
3 1749 1748 1850
3 1648 1749 1751
3 1748 1754 1850
3 1459 1370 1468
3 1080 988 1084
3 1080 1079 988
3 1177 1176 1083
3 1175 1079 1080
3 1274 1273 1176
3 1266 1169 1175
3 1363 1266 1362
3 1267 1344 1249
3 979 893 988
3 1178 1081 1174
3 1272 1178 1174
3 1321 1272 1271
3 1321 1369 1272
3 1368 1321 1271
3 1369 1371 1275
3 1419 1369 1321
3 1419 1467 1369
3 1179 1084 1082
3 1275 1177 1179
3 1176 1175 1080
3 1083 1176 1080
3 1177 1274 1176
3 1273 1175 1176
3 1082 985 1081
3 1179 1082 1178
3 1275 1179 1178
3 1083 1084 1179
3 1084 989 986
3 987 1084 988
3 894 802 895
3 987 894 989
3 800 801 894
3 887 800 893
3 801 709 711
3 894 801 802
3 710 701 708
3 895 892 986
3 893 800 894
3 892 984 985
3 986 892 985
3 891 984 892
3 802 891 895
3 799 798 891
3 1270 1173 1172
3 1368 1270 1367
3 1271 1173 1270
3 1082 1081 1178
3 985 984 1078
3 891 892 895
3 798 795 888
3 706 798 799
3 706 705 798
3 613 704 612
3 521 598 613
3 434 501 521
3 775 867 784
3 682 775 690
3 682 685 775
3 783 782 689
3 349 353 439
3 432 343 348
3 265 183 269
3 184 270 185
3 352 442 353
3 181 105 180
3 266 181 180
3 108 61 58
3 182 108 106
3 182 184 108
3 184 182 268
3 184 110 108
3 441 528 529
3 351 441 352
3 440 525 528
3 351 440 441
3 351 268 267
3 441 442 352
3 616 528 525
3 529 442 441
3 619 529 528
3 618 617 527
3 529 618 527
3 619 709 618
3 800 794 710
3 439 526 438
3 431 518 517
3 260 343 342
3 432 519 518
3 342 343 431
3 438 519 432
3 526 617 610
3 529 527 442
3 529 619 618
3 609 518 519
3 613 612 522
3 521 613 522
3 689 704 613
3 875 874 782
3 703 612 704
3 614 611 702
3 706 615 705
3 436 346 435
3 524 436 523
3 437 440 350
3 523 435 520
3 704 689 782
3 983 1078 984
3 970 875 876
3 703 702 611
3 797 703 704
3 797 796 703
3 969 874 875
3 796 795 702
3 890 796 797
3 890 888 796
3 796 888 795
3 874 890 797
3 782 874 797
3 969 889 874
3 969 982 889
3 984 891 888
3 703 611 612
3 782 797 704
3 705 614 702
3 1076 1065 1162
3 1172 1076 1171
3 982 1065 1076
3 1564 1467 1466
3 1459 1468 1556
3 1371 1369 1467
3 1171 1076 1162
3 1077 982 1076
3 1173 1077 1172
3 1078 983 1077
3 889 890 874
3 983 889 982
3 983 984 889
3 973 972 1067
3 1066 973 1068
3 1066 971 973
3 973 971 972
3 969 875 970
3 982 969 1065
3 889 984 890
3 875 783 876
3 876 784 877
3 970 876 971
3 783 784 876
3 1259 1260 1354
3 1065 1066 1162
3 1451 1355 1452
3 1276 1258 1353
3 1260 1355 1354
3 1068 1164 1163
3 1349 1355 1260
3 1970 1973 1870
3 1972 1970 1868
3 1972 2076 1970
3 1661 1764 1765
3 1659 1657 1759
3 1760 1659 1761
3 1864 1760 1761
3 1762 1660 1760
3 1658 1657 1659
3 1558 1557 1660
3 1559 1558 1615
3 1661 1559 1615
3 1560 1542 1559
3 1460 1461 1558
3 1459 1556 1557
3 1762 1764 1715
3 1658 1557 1657
3 1760 1658 1659
3 1660 1557 1658
3 1760 1660 1658
3 1615 1558 1660
3 1863 1918 1866
3 1760 1864 1762
3 1864 1862 1965
3 1972 2077 2076
3 1362 1273 1370
3 1363 1362 1461
3 1462 1443 1364
3 1170 1151 1075
3 1079 1170 1074
3 1169 1267 1170
3 1267 1249 1170
3 1266 1267 1169
3 1363 1364 1267
3 1344 1250 1249
3 1074 1075 979
3 988 1074 979
3 1079 1169 1170
3 1084 1083 1080
3 1170 1249 1151
3 1175 1169 1079
3 1266 1363 1267
3 1465 1368 1367
3 1562 1563 1464
3 1466 1368 1465
3 1466 1419 1368
3 1563 1466 1465
3 1564 1666 1566
3 1174 1081 1078
3 1271 1174 1173
3 1271 1272 1174
3 1419 1321 1368
3 1275 1371 1274
3 1274 1371 1370
3 1276 1269 1180
3 1258 1276 1180
3 1353 1372 1276
3 1354 1451 1450
3 1450 1451 1547
3 1463 1372 1469
3 1353 1354 1450
3 1646 1669 1567
3 1464 1465 1366
3 1563 1465 1464
3 1665 1563 1562
3 1564 1566 1467
3 1563 1564 1466
3 1563 1666 1564
3 1366 1269 1365
3 1464 1366 1365
3 1465 1367 1366
3 1366 1367 1269
3 1275 1274 1177
3 1271 1270 1368
3 1270 1172 1268
3 1179 1177 1083
3 1272 1275 1178
3 1272 1369 1275
3 1077 983 982
3 1174 1078 1173
3 1081 985 1078
3 1561 1562 1463
3 3845 3785 3844
3 3906 3852 3905
3 3906 3911 3852
3 3850 3849 3847
3 3892 3849 3909
3 3830 3770 3769
3 3849 3830 3789
3 3831 3770 3830
3 3833 3896 3895
3 3715 3714 3776
3 3832 3772 3771
3 3893 3832 3831
3 3834 3772 3832
3 3896 3834 3894
3 3773 3772 3834
3 3776 3773 3833
3 3837 3776 3833
3 3777 3715 3776
3 3714 3710 3773
3 2277 2175 2181
3 2377 2277 2378
3 2279 2280 2178
3 2377 2279 2277
3 2377 2380 2279
3 2989 2884 2946
3 2675 2639 2742
3 2780 2675 2742
3 2674 2572 2675
3 2639 2682 2742
3 2470 2379 2477
3 2583 2482 2580
3 2581 2482 2583
3 2381 2480 2479
3 2383 2381 2479
3 2281 2382 2381
3 2382 2384 2480
3 1655 1656 1758
3 1961 2063 2066
3 1856 1961 1962
3 1855 1960 1961
3 1656 1753 1756
3 1960 2063 1961
3 1854 1960 1855
3 1753 1854 1855
3 1753 1752 1854
3 1853 1958 1959
3 2270 2170 2169
3 2464 2366 2465
3 2167 2170 2268
3 2263 2162 2164
3 2065 2058 2068
3 2167 2065 2068
3 2164 2162 2065
3 3095 3180 3183
3 2993 2992 3095
3 3096 2993 3095
3 2889 2992 2993
3 2994 2890 2995
3 2887 2886 2992
3 2786 2887 2889
3 2786 2783 2887
3 3088 2986 3089
3 3181 3088 3182
3 3181 3087 3088
3 3095 3087 3180
3 2985 2986 3088
3 2992 2985 3087
3 2995 2889 2993
3 2886 2985 2992
3 2886 2880 2985
3 2782 2776 2878
3 3352 3268 3267
3 3181 3182 3268
3 3180 3181 3266
3 3087 2985 3088
3 2986 3086 3089
3 2983 3086 2986
3 2880 2983 2986
3 2878 2984 2983
3 3085 3177 3179
3 2984 3085 3086
3 3083 2979 2980
3 2785 2842 2742
3 2481 2479 2581
3 2577 2481 2582
3 2476 2383 2481
3 2994 2995 3097
3 2888 2994 2945
3 2890 2889 2995
3 2888 2890 2994
3 2888 2787 2890
3 2784 2685 2787
3 2683 2783 2786
3 2985 2880 2986
3 2887 2783 2886
3 2890 2787 2786
3 2684 2685 2583
3 2787 2684 2786
3 2787 2685 2684
3 2889 2890 2786
3 2888 2785 2784
3 2782 2880 2886
3 2679 2678 2782
3 2683 2679 2783
3 2576 2678 2679
3 2874 2773 2875
3 2979 2874 2875
3 2776 2772 2874
3 2878 2776 2879
3 2678 2668 2772
3 2783 2679 2782
3 2772 2669 2773
3 2576 2668 2678
3 2576 2478 2566
3 3183 3269 3270
3 3095 3183 3188
3 3183 3266 3269
3 2885 2991 2988
3 2677 2779 2781
3 2990 2989 3092
3 2885 2990 2991
3 2883 2884 2990
3 2781 2883 2885
3 2674 2675 2780
3 1974 1871 1957
3 3788 3848 3787
3 1970 2076 1973
3 1769 1869 1868
3 1971 2077 1972
3 1440 1341 1441
3 1517 1422 1518
3 1614 1613 1517
3 1527 1614 1518
3 1527 1625 1614
3 1535 1439 1517
3 1737 1633 1634
3 1439 1421 1517
3 1048 955 959
3 1145 1048 1052
3 1134 1039 1048
3 1540 1442 1541
3 1637 1635 1740
3 1537 1637 1636
3 1536 1635 1637
3 1440 1536 1537
3 1539 1635 1536
3 1540 1539 1441
3 1640 1635 1539
3 1745 1640 1641
3 1746 1745 1641
3 1745 1838 1739
3 1739 1740 1635
3 1441 1442 1540
3 1247 1248 1343
3 1340 1247 1341
3 1440 1340 1341
3 1435 1335 1340
3 1241 1149 1247
3 1145 1149 1241
3 1322 1323 1246
3 1230 1322 1246
3 1324 1423 1322
3 865 860 773
3 960 959 866
3 946 1038 958
3 1048 1039 955
3 1133 1135 1051
3 1134 1133 1039
3 1134 1228 1133
3 1239 1230 1228
3 1241 1242 1145
3 1333 1423 1324
3 946 958 864
3 955 946 860
3 1038 1051 958
3 1039 1038 946
3 1039 1133 1038
3 865 955 860
3 866 865 774
3 959 955 865
3 1055 959 960
3 1052 1048 959
3 1055 1052 959
3 1056 1055 960
3 1154 1150 1055
3 1149 1145 1052
3 1420 1346 1445
3 1343 1342 1442
3 1251 1229 1250
3 1420 1342 1346
3 1248 1154 1251
3 1741 1636 1637
3 1733 1732 1831
3 1629 1636 1731
3 1732 1629 1731
3 1831 1732 1731
3 1630 1629 1732
3 1340 1335 1247
3 1530 1435 1440
3 1537 1530 1440
3 1531 1436 1530
3 1336 1433 1333
3 1530 1436 1435
3 1531 1528 1436
3 1626 1728 1716
3 1336 1333 1242
3 1435 1336 1335
3 1436 1433 1336
3 1518 1433 1527
3 1342 1343 1248
3 1541 1442 1445
3 1441 1343 1442
3 1440 1435 1340
3 1536 1440 1441
3 1537 1629 1530
3 1247 1149 1150
3 1335 1241 1247
3 1242 1239 1145
3 1335 1242 1241
3 1335 1336 1242
3 1436 1336 1435
3 1333 1239 1242
3 1053 1151 1152
3 1640 1540 1641
3 1741 1637 1740
3 1539 1540 1640
3 1536 1441 1539
3 1629 1537 1636
3 1629 1531 1530
3 1341 1343 1441
3 1420 1445 1442
3 1346 1345 1445
3 1152 1250 1229
3 1344 1345 1250
3 1364 1363 1460
3 1462 1364 1460
3 1443 1344 1364
3 1967 1918 1863
3 2174 2074 2120
3 2057 2056 1953
3 2074 2057 1969
3 2074 2159 2057
3 2260 2160 2159
3 2260 2363 2261
3 2276 2271 2174
3 2276 2371 2271
3 2354 2353 2261
3 2150 2250 2249
3 2048 2049 2150
3 2047 1945 2048
3 1946 2049 2048
3 2151 2250 2150
3 1953 2056 1952
3 1848 1953 1952
3 1865 1969 1953
3 2251 2250 2151
3 1444 1443 1542
3 1459 1362 1370
3 1657 1557 1556
3 1557 1461 1459
3 1942 1839 1941
3 1942 1943 1840
3 1839 1942 1840
3 2045 2146 2147
3 1942 2045 1943
3 2044 2146 2045
3 1941 2044 1942
3 1941 1945 2044
3 2148 2247 2146
3 2248 2148 2149
3 2248 2247 2148
3 2145 2147 2246
3 2129 2031 2133
3 1741 1841 1831
3 1636 1741 1731
3 1740 1840 1741
3 1932 1829 1931
3 2138 2235 2236
3 1934 1944 2035
3 1935 1934 2035
3 2032 1935 2036
3 1931 1829 1832
3 1831 1841 1934
3 2245 2348 2347
3 2043 2145 2144
3 2036 2035 2137
3 1944 2046 2043
3 2147 2146 2247
3 2246 2147 2247
3 2349 2246 2247
3 2348 2245 2246
3 2145 2046 2147
3 2244 2144 2245
3 2046 2045 2147
3 2043 2046 2145
3 1943 2045 2046
3 2736 2740 2835
3 2734 2631 2634
3 2536 2636 2637
3 2434 2536 2532
3 2333 2337 2430
3 2433 2346 2444
3 2337 2433 2434
3 2430 2337 2434
3 2236 2336 2337
3 2336 2346 2433
3 2535 2433 2444
3 2636 2535 2546
3 2536 2434 2535
3 1426 1520 1521
3 1424 1426 1326
3 1424 1520 1426
3 1324 1239 1333
3 1323 1322 1423
3 1230 1239 1324
3 1339 1245 1246
3 1228 1134 1145
3 1135 1228 1230
3 1135 1133 1228
3 1051 1135 1148
3 1228 1145 1239
3 1626 1527 1528
3 1727 1625 1716
3 1714 1613 1614
3 1726 1714 1727
3 1614 1517 1518
3 1624 1613 1714
3 1624 1535 1613
3 1423 1518 1422
3 1423 1433 1518
3 1148 1135 1230
3 1333 1433 1423
3 1041 949 948
3 863 772 864
3 947 853 863
3 1040 947 958
3 1040 1041 948
3 771 680 772
3 853 771 863
3 853 763 771
3 672 671 764
3 771 772 863
3 678 588 680
3 764 671 763
3 587 588 678
3 671 587 678
3 763 671 678
3 672 581 671
3 765 672 764
3 855 765 764
3 766 673 765
3 496 584 585
3 410 496 497
3 409 408 495
3 322 409 410
3 495 494 583
3 409 495 496
3 408 494 495
3 320 408 321
3 407 493 494
3 241 323 320
3 411 498 493
3 765 673 672
3 583 584 495
3 766 674 673
3 766 767 674
3 499 413 500
3 588 499 500
3 498 412 499
3 588 587 499
3 681 773 772
3 792 698 700
3 884 792 885
3 791 698 792
3 1346 1251 1250
3 1345 1346 1250
3 1342 1248 1251
3 1346 1342 1251
3 1420 1442 1342
3 1341 1247 1343
3 1149 1052 1055
3 28 29 5
3 431 432 518
3 432 348 438
3 183 265 179
3 269 270 353
3 439 527 526
3 349 439 438
3 442 527 439
3 157 156 83
3 84 85 158
3 36 84 83
3 37 57 85
3 36 37 84
3 36 6 37
3 239 321 240
3 239 320 321
3 158 241 157
3 242 323 241
3 581 493 498
3 671 581 587
3 582 493 581
3 323 411 407
3 320 323 407
3 242 324 323
3 324 412 411
3 159 243 242
3 582 581 672
3 412 498 411
3 243 260 325
3 413 499 412
3 516 430 517
3 588 500 589
3 771 678 680
3 587 498 499
3 413 430 500
3 1712 1796 1695
3 2114 2012 2113
3 1796 1897 1889
3 3844 3785 3784
3 3857 3904 3843
3 3905 3845 3844
3 1874 1976 1971
3 1871 1772 1852
3 1772 1670 1750
3 1771 1772 1871
3 1771 1670 1772
3 1872 1773 1871
3 1671 1669 1771
3 1669 1646 1670
3 3788 3786 3846
3 3848 3788 3846
3 3726 3727 3788
3 1867 1774 1874
3 1647 1548 1549
3 2060 2061 1957
3 2079 2080 1975
3 2161 2079 2061
3 2179 2080 2079
3 2263 2262 2163
3 2281 2283 2179
3 2180 2081 2080
3 2283 2180 2179
3 2381 2283 2281
3 2383 2284 2283
3 2283 2284 2180
3 3845 3852 3790
3 3851 3853 3792
3 3791 3851 3792
3 3911 3853 3851
3 3709 3772 3710
3 3643 3709 3710
3 3708 3770 3771
3 2082 2075 1976
3 2579 2578 2681
3 2684 2583 2683
3 2680 2681 2577
3 2888 2784 2787
3 2785 2681 2784
3 2582 2581 2685
3 2682 2579 2681
3 2479 2480 2581
3 2283 2381 2383
3 2480 2482 2581
3 2683 2786 2684
3 2075 2077 1976
3 2175 2075 2082
3 2175 2176 2075
3 3848 3907 3908
3 3968 3912 3906
3 4028 3968 4027
3 4028 4031 3968
3 3913 3854 3914
3 3854 3793 3853
3 2686 2584 2587
3 2788 2789 2687
3 2585 2584 2686
3 2687 2585 2686
3 2612 2511 2585
3 2411 2415 2513
3 2484 2483 2584
3 2410 2484 2511
3 2410 2386 2484
3 2411 2513 2412
3 2209 2312 2313
3 2484 2386 2483
3 2415 2410 2511
3 2516 2415 2511
3 2411 2312 2317
3 2311 2386 2410
3 3722 3656 3670
3 3784 3723 3783
3 3657 3656 3722
3 3723 3657 3722
3 3783 3723 3722
3 3784 3785 3724
3 3589 3588 3657
3 3795 3735 3734
3 2816 2716 2717
3 2512 2515 2614
3 2599 2510 2611
3 2510 2414 2512
3 2399 2300 2310
3 2496 2399 2498
3 2496 2398 2397
3 2310 2315 2409
3 2514 2616 2515
3 2413 2412 2514
3 2512 2414 2515
3 2413 2316 2314
3 2012 2011 1913
3 2113 2012 2010
3 2114 2115 2012
3 2116 2115 2212
3 2013 1915 2011
3 2209 2208 2312
3 2210 2209 2313
3 2112 2208 2209
3 2312 2208 2214
3 2317 2415 2411
3 2311 2317 2214
3 2311 2410 2317
3 2411 2313 2312
3 2412 2313 2411
3 2515 2413 2514
3 2314 2313 2412
3 2210 2113 2209
3 3724 3663 3658
3 3784 3724 3723
3 3785 3729 3724
3 3442 3443 3365
3 3455 3442 3379
3 3454 3455 3379
3 3529 3530 3455
3 3455 3517 3442
3 3783 3722 3736
3 3587 3518 3517
3 3724 3729 3663
3 3444 3366 3443
3 3518 3444 3443
3 3517 3518 3443
3 3588 3589 3519
3 3449 3373 3372
3 3526 3451 3525
3 3590 3526 3597
3 3520 3451 3526
3 3526 3596 3597
3 3524 3525 3450
3 3524 3595 3525
3 3658 3595 3589
3 3658 3663 3595
3 3595 3663 3596
3 3657 3658 3589
3 3657 3723 3658
3 3729 3664 3663
3 3666 3731 3732
3 3661 3659 3725
3 3598 3665 3666
3 3663 3664 3596
3 3729 3730 3664
3 3372 3366 3444
3 3449 3372 3444
3 3373 3289 3372
3 2010 2012 1914
3 2410 2415 2317
3 2114 2212 2115
3 2011 2012 2115
3 2113 2210 2114
3 2112 2010 2009
3 2009 2010 1914
3 1812 1810 1911
3 1912 1812 1913
3 1912 1811 1812
3 3797 3856 3858
3 3857 3797 3858
3 3734 3739 3795
3 423 509 422
3 335 423 422
3 334 335 422
3 253 254 335
3 425 510 423
3 512 510 425
3 601 600 510
3 824 825 914
3 644 651 734
3 1198 1111 1207
3 1010 1007 1104
3 923 831 832
3 1009 922 1015
3 830 829 921
3 734 740 825
3 923 832 924
3 1017 923 924
3 921 831 923
3 829 831 921
3 740 829 830
3 739 741 829
3 741 758 831
3 21 52 20
3 3612 3613 3679
3 3546 3615 3614
3 3544 3475 3545
3 3547 3615 3546
3 3476 3477 3546
3 3480 3550 3549
3 3322 3238 3239
3 3406 3404 3324
3 3321 3320 3237
3 3403 3401 3321
3 3404 3403 3322
3 3477 3547 3546
3 3404 3479 3403
3 3404 3480 3479
3 3401 3400 3320
3 3482 3552 3550
3 3406 3482 3480
3 3404 3406 3480
3 3324 3325 3406
3 3407 3327 3409
3 3406 3407 3482
3 3406 3325 3407
3 3155 3156 3239
3 3242 3159 3244
3 3240 3242 3325
3 3240 3157 3242
3 2963 3067 3066
3 3158 3241 3243
3 3409 3483 3407
3 3328 3409 3327
3 3408 3484 3409
3 3483 3552 3482
3 3407 3483 3482
3 3484 3481 3551
3 3483 3484 3553
3 3408 3481 3484
3 3947 3886 3948
3 3935 3875 3874
3 3624 3691 3688
3 3554 3625 3624
3 3622 3689 3677
3 3812 3814 3754
3 3753 3813 3752
3 3862 3874 3814
3 3873 3862 3812
3 3873 3874 3862
3 3932 3936 3992
3 3871 3932 3930
3 3875 3936 3932
3 3620 3551 3617
3 3478 3481 3405
3 3556 3497 3555
3 3410 3421 3485
3 3390 3343 3423
3 3465 3390 3464
3 3308 3343 3390
3 3340 3308 3389
3 3340 3257 3308
3 3257 3340 3329
3 3246 3245 3329
3 3260 3343 3308
3 3174 3260 3257
3 3185 3090 3184
3 3272 3185 3184
3 3175 3082 3091
3 3185 3175 3091
3 3259 3260 3175
3 3389 3390 3465
3 3421 3389 3465
3 3421 3340 3389
3 3245 3174 3257
3 3690 3753 3689
3 3622 3623 3689
3 3636 3702 3690
3 3690 3702 3753
3 3555 3567 3623
3 3606 3637 3636
3 3464 3534 3535
3 3568 3638 3637
3 3703 3766 3765
3 3637 3703 3702
3 3704 3766 3703
3 3677 3625 3622
3 3752 3740 3689
3 3691 3625 3677
3 3750 3691 3754
3 3750 3688 3691
3 3551 3548 3617
3 3689 3753 3752
3 3740 3691 3677
3 3623 3636 3690
3 3689 3623 3690
3 3622 3555 3623
3 3740 3754 3691
3 3689 3740 3677
3 3752 3754 3740
3 3555 3497 3567
3 3621 3553 3620
3 3478 3405 3402
3 3553 3484 3551
3 3402 3323 3329
3 3340 3410 3329
3 3405 3323 3402
3 3241 3246 3323
3 2574 2677 2573
3 2572 2574 2472
3 2674 2677 2574
3 2676 2777 2673
3 2778 2882 2881
3 2967 2965 3069
3 2967 2862 2965
3 2965 2862 2872
3 2770 2666 2667
3 2872 2770 2771
3 2862 2760 2770
3 2872 2862 2770
3 2967 2966 2861
3 2964 2963 2859
3 2966 2964 2860
3 3067 2963 2964
3 3160 3067 3158
3 3160 3066 3067
3 2571 2565 2469
3 2771 2667 2673
3 2666 2565 2667
3 3993 3947 4008
3 3934 3993 3994
3 3934 3933 3993
3 3871 3930 3870
3 3810 3809 3871
3 3869 3810 3870
3 3807 3747 3751
3 3814 3875 3871
3 3874 3875 3814
3 3812 3862 3814
3 3934 3935 3874
3 3935 3936 3875
3 3933 3947 3993
3 3616 3682 3615
3 3685 3686 3748
3 3618 3685 3683
3 3619 3686 3685
3 3552 3619 3550
3 3552 3621 3619
3 3746 3805 3745
3 3683 3746 3745
3 3748 3806 3746
3 3549 3550 3618
3 3616 3549 3618
3 3683 3616 3618
3 3615 3547 3616
3 3547 3479 3549
3 3996 3992 3936
3 3991 3931 3990
3 4108 4048 4050
3 3988 3928 3989
3 3807 3808 3749
3 3871 3875 3932
3 3754 3814 3809
3 3754 3752 3812
3 3869 3808 3807
3 3927 3867 3928
3 3810 3871 3870
3 3754 3809 3750
3 3814 3871 3809
3 3992 3990 3932
3 3991 4049 4050
3 3930 3990 3931
3 3992 4049 3990
3 3867 3806 3868
3 3749 3687 3747
3 3748 3749 3808
3 3751 3750 3809
3 3807 3751 3810
3 3747 3688 3751
3 3749 3747 3807
3 3687 3620 3684
3 3686 3687 3749
3 3686 3621 3687
3 3746 3685 3748
3 3618 3550 3619
3 3685 3618 3619
3 3683 3682 3616
3 3552 3553 3621
3 3620 3617 3684
3 3621 3620 3687
3 3811 3753 3765
3 3933 3873 3872
3 3812 3752 3813
3 3873 3812 3813
3 3872 3873 3813
3 3811 3872 3813
3 3753 3811 3813
3 3765 3825 3811
3 3825 3886 3872
3 3933 3934 3873
3 3410 3485 3486
3 3329 3410 3402
3 3340 3421 3410
3 3606 3636 3567
3 3486 3548 3478
3 3684 3617 3624
3 3688 3684 3624
3 3625 3691 3624
3 3750 3751 3688
3 3747 3687 3684
3 3551 3481 3548
3 3829 3768 3774
3 3887 3825 3826
3 3554 3556 3625
3 3556 3555 3625
3 3548 3486 3554
3 3485 3497 3556
3 3567 3535 3606
3 3623 3567 3636
3 3497 3535 3567
3 3624 3617 3554
3 3555 3622 3625
3 3688 3747 3684
3 3081 3082 3174
3 2978 3081 3069
3 2872 2978 2965
3 2881 2987 2978
3 2881 2882 2987
3 2778 2771 2673
3 2991 3094 3093
3 3092 3050 3140
3 3257 3260 3308
3 3069 3081 3161
3 3465 3535 3497
3 3465 3464 3535
3 3421 3465 3497
3 3389 3308 3390
3 3184 3271 3272
3 3258 3185 3272
3 3093 3094 3187
3 3090 3093 3184
3 3090 2991 3093
3 3258 3259 3185
3 2988 2991 3090
3 3423 3464 3390
3 3259 3342 3343
3 3260 3259 3343
3 3272 3357 3341
3 3466 3434 3509
3 3498 3568 3534
3 3464 3498 3534
3 3341 3258 3272
3 3422 3341 3357
3 3342 3258 3341
3 3423 3342 3422
3 3423 3343 3342
3 3342 3341 3422
3 3081 3174 3161
3 3090 3091 2988
3 3175 3260 3174
3 3342 3259 3258
3 3175 3174 3082
3 3271 3356 3272
3 3093 3187 3184
3 3184 3187 3271
3 2990 3094 2991
3 2885 2883 2990
3 2946 3049 3050
3 3050 3049 3139
3 3140 3050 3139
3 3092 2989 3050
3 3305 3385 3358
3 3356 3273 3358
3 3304 3274 3359
3 3385 3304 3359
3 3222 3221 3304
3 3223 3140 3222
3 3575 3580 3644
3 3568 3498 3537
3 3435 3436 3509
3 3460 3437 3511
3 3437 3433 3462
3 3305 3304 3385
3 3354 3433 3359
3 3354 3355 3433
3 3637 3704 3703
3 3636 3637 3702
3 3606 3568 3637
3 3949 3887 3888
3 3949 3948 3887
3 3873 3934 3874
3 3329 3323 3246
3 3408 3405 3481
3 3408 3326 3405
3 3241 3158 3162
3 3405 3326 3323
3 3328 3327 3244
3 3326 3328 3243
3 3326 3408 3328
3 3926 3866 3927
3 3987 3926 3927
3 3925 3865 3926
3 3686 3749 3748
3 3987 4047 4046
3 3868 3929 3928
3 4046 4105 4045
3 3986 4046 4045
3 4047 4106 4046
3 3988 4047 3987
3 4169 4170 4230
3 4107 4169 4106
3 4108 4170 4169
3 3743 3681 3744
3 3679 3680 3742
3 3678 3679 3741
3 3678 3612 3679
3 3613 3614 3680
3 51 53 22
3 100 51 98
3 64 121 65
3 123 65 121
3 204 205 121
3 366 290 284
3 373 292 372
3 370 373 458
3 370 291 373
3 205 204 290
3 291 207 209
3 123 121 205
3 291 206 208
3 126 65 123
3 365 374 453
3 366 365 453
3 290 366 372
3 284 283 366
3 283 293 365
3 126 123 207
3 209 205 290
3 291 209 292
3 207 205 209
3 208 207 291
3 123 205 207
3 290 292 209
3 284 290 204
3 372 292 290
3 283 365 366
3 453 540 459
3 293 375 365
3 461 540 453
3 459 458 373
3 453 459 372
3 366 453 372
3 374 461 453
3 540 543 459
3 371 288 289
3 458 371 370
3 455 542 456
3 630 720 629
3 285 286 199
3 454 367 368
3 360 361 280
3 279 360 280
3 359 449 360
3 448 449 367
3 448 537 449
3 122 124 206
3 463 462 375
3 635 726 634
3 548 635 634
3 633 547 634
3 463 464 549
3 549 550 636
3 206 201 122
3 125 208 124
3 287 289 201
3 291 287 206
3 370 289 287
3 291 292 373
3 287 291 370
3 208 126 207
3 124 208 206
3 125 126 208
3 458 457 371
3 372 459 373
3 546 540 461
3 541 629 545
3 460 541 545
3 456 542 541
3 371 455 369
3 542 629 541
3 543 542 457
3 543 630 542
3 542 630 629
3 458 543 457
3 540 628 543
3 628 719 630
3 627 718 715
3 624 627 715
3 544 631 627
3 631 629 720
3 536 545 544
3 454 456 541
3 367 454 448
3 369 456 454
3 718 722 721
3 631 720 722
3 536 460 545
3 543 458 459
3 455 371 457
3 542 455 457
3 456 369 455
3 369 288 371
3 719 723 810
3 630 719 720
3 628 632 719
3 624 537 536
3 375 293 376
3 463 375 376
3 462 374 375
3 201 120 122
3 636 637 729
3 807 806 898
3 631 722 718
3 627 631 718
3 545 629 631
3 722 810 811
3 544 545 631
3 720 810 722
3 719 810 720
3 546 632 628
3 723 814 813
3 1091 997 1092
3 814 815 905
3 813 814 904
3 724 815 814
3 636 729 727
3 906 905 815
3 462 461 374
3 365 375 374
3 463 548 462
3 464 463 376
3 548 634 547
3 816 725 726
3 547 546 461
3 548 547 462
3 633 546 547
3 725 633 634
3 726 725 634
3 815 724 725
3 724 723 632
3 203 202 199
3 201 203 120
3 201 289 203
3 635 727 726
3 287 201 206
3 371 289 370
3 203 199 119
3 288 202 289
3 288 368 285
3 454 368 369
3 202 203 289
3 806 715 718
3 898 806 808
3 807 716 717
3 899 807 898
3 804 716 807
3 452 450 538
3 625 626 539
3 362 281 364
3 451 362 364
3 534 447 451
3 622 535 623
3 714 622 623
3 713 621 622
3 533 446 535
3 445 444 356
3 357 445 356
3 533 621 532
3 197 118 196
3 276 195 281
3 276 192 195
3 543 628 630
3 460 448 454
3 541 460 454
3 536 537 460
3 624 536 544
3 537 448 460
3 538 537 624
3 450 449 537
3 451 447 362
3 538 539 452
3 534 535 447
3 539 534 451
3 623 535 534
3 359 278 277
3 203 119 120
3 285 199 202
3 288 285 202
3 368 286 285
3 369 368 288
3 367 286 368
3 286 200 199
3 200 286 277
3 200 119 199
3 814 905 904
3 633 725 724
3 816 817 907
3 725 816 815
3 726 817 816
3 818 910 908
3 817 818 908
3 729 728 820
3 813 810 723
3 724 814 723
3 904 995 902
3 997 1091 995
3 998 997 905
3 998 1092 997
3 1091 1186 1090
3 359 286 367
3 361 360 449
3 277 286 359
3 811 810 902
3 812 811 902
3 903 812 902
3 903 901 812
3 809 808 721
3 994 901 903
3 994 1088 993
3 996 994 903
3 996 1090 1089
3 992 899 993
3 721 722 811
3 809 721 811
3 808 718 721
3 632 633 724
3 719 632 723
3 546 633 632
3 540 546 628
3 461 462 547
3 549 548 463
3 550 549 464
3 635 548 549
3 1574 1575 1478
3 1481 1574 1478
3 1676 1573 1677
3 1676 1675 1572
3 1881 1879 1780
3 1569 1673 1672
3 1877 1777 1779
3 1776 1875 1876
3 1775 1777 1875
3 1778 1707 1674
3 1672 1570 1568
3 1571 1673 1569
3 1775 1674 1672
3 1470 1472 1375
3 1570 1472 1473
3 1569 1672 1568
3 1607 1510 1570
3 1570 1510 1472
3 999 1093 998
3 1380 1283 1284
3 1281 1186 1283
3 911 910 820
3 361 449 450
3 363 361 450
3 278 193 277
3 360 278 359
3 360 279 278
3 898 993 899
3 995 996 903
3 905 997 904
3 1092 1186 1091
3 1182 1088 1184
3 995 1091 996
3 902 995 903
3 904 997 995
3 1184 1280 1278
3 1182 1184 1278
3 1089 1185 1184
3 994 1089 1088
3 1090 1185 1089
3 1091 1090 996
3 1186 1281 1185
3 1089 994 996
3 992 1088 1086
3 901 809 812
3 993 901 994
3 993 900 901
3 1187 1186 1092
3 1185 1280 1184
3 1186 1185 1090
3 1281 1282 1185
3 1187 1284 1283
3 1877 1879 1880
3 1675 1779 1777
3 1676 1780 1779
3 1571 1475 1572
3 1777 1673 1675
3 1569 1474 1571
3 1780 1879 1779
3 1677 1780 1676
3 1677 1582 1683
3 942 1035 1034
3 761 851 849
3 852 945 851
3 762 852 761
3 944 1036 1037
3 757 760 668
3 759 669 761
3 667 666 577
3 669 667 578
3 759 666 667
3 1087 1183 1126
3 1182 1181 1086
3 1277 1183 1181
3 1375 1279 1373
3 1470 1375 1373
3 1413 1315 1375
3 1223 1183 1279
3 714 623 626
3 805 714 716
3 805 713 714
3 805 803 713
3 804 805 716
3 804 896 897
3 712 621 713
3 900 808 809
3 849 851 942
3 758 666 759
3 899 896 807
3 761 669 762
3 621 533 622
3 367 449 359
3 911 819 909
3 1002 1000 908
3 1004 1002 910
3 1095 1000 1002
3 1194 1190 1098
3 1380 1477 1475
3 1378 1380 1475
3 1282 1378 1377
3 1281 1283 1378
3 1284 1285 1379
3 1093 1094 1188
3 1092 1093 1187
3 999 1094 1093
3 1379 1477 1380
3 1284 1379 1380
3 1285 1382 1379
3 820 728 819
3 911 820 819
3 910 818 820
3 1004 1099 1098
3 729 637 728
3 820 818 729
3 636 635 549
3 637 636 550
3 727 635 636
3 818 727 729
3 817 726 727
3 818 817 727
3 1002 908 910
3 1000 999 907
3 816 906 815
3 278 194 193
3 452 363 450
3 279 194 278
3 282 279 280
3 198 194 279
3 1001 1003 909
3 1983 1982 1881
3 2083 1979 1981
3 1879 1881 1982
3 1877 1875 1777
3 1879 1877 1779
3 1979 1875 1877
3 1779 1675 1676
3 1575 1574 1677
3 1476 1575 1573
3 1478 1382 1481
3 1477 1478 1575
3 1477 1382 1478
3 1684 1680 1784
3 1786 1684 1787
3 1786 1683 1684
3 1574 1578 1582
3 1573 1575 1677
3 1481 1578 1574
3 1385 1288 1291
3 1285 1189 1287
3 1287 1189 1190
3 1477 1379 1382
3 1284 1188 1285
3 1188 1094 1189
3 282 196 198
3 363 282 280
3 361 363 280
3 452 364 363
3 281 197 282
3 358 281 362
3 197 196 282
3 195 197 281
3 195 118 197
3 279 282 198
3 1003 911 909
3 1193 1291 1194
3 1096 1192 1097
3 1192 1191 1289
3 1193 1192 1290
3 1096 1191 1192
3 1004 1098 1002
3 1003 1004 911
3 1003 1099 1004
3 1097 1193 1099
3 1003 1097 1099
3 1001 1096 1097
3 1188 1189 1285
3 1098 1190 1095
3 1287 1382 1285
3 1288 1287 1190
3 1288 1384 1287
3 811 812 809
3 813 902 810
3 813 904 902
3 1279 1277 1373
3 1031 1087 1126
3 1277 1278 1373
3 1183 1277 1279
3 1182 1278 1277
3 1181 1182 1277
3 1086 1088 1182
3 1085 1086 1181
3 992 993 1088
3 537 538 450
3 627 624 544
3 715 625 624
3 808 806 718
3 625 538 624
3 717 625 715
3 539 623 534
3 717 626 625
3 716 714 626
3 447 358 362
3 187 112 188
3 275 274 191
3 113 190 189
3 115 116 191
3 364 452 451
3 282 364 281
3 282 363 364
3 1484 1485 1581
3 1385 1387 1484
3 1481 1384 1483
3 1291 1387 1385
3 1290 1386 1387
3 1193 1290 1291
3 1289 1286 1383
3 1201 1105 1104
3 1296 1199 1201
3 1103 1104 1009
3 1102 1105 1199
3 1102 1010 1105
3 1007 913 914
3 1008 1007 915
3 1010 916 1007
3 942 851 945
3 1014 942 1034
3 920 849 942
3 1099 1194 1098
3 1001 1097 1003
3 1193 1194 1099
3 1387 1386 1485
3 1097 1192 1193
3 1289 1386 1290
3 1192 1289 1290
3 1191 1286 1289
3 1484 1580 1483
3 1385 1484 1483
3 1387 1485 1484
3 1382 1287 1384
3 998 1093 1092
3 1189 1094 1095
3 1190 1189 1095
3 1284 1187 1188
3 1186 1187 1283
3 1094 1000 1095
3 1187 1093 1188
3 999 1000 1094
3 906 907 999
3 905 906 998
3 816 907 906
3 907 908 1000
3 998 906 999
3 817 908 907
3 1190 1194 1288
3 1002 1098 1095
3 910 911 1004
3 190 114 115
3 191 116 192
3 275 191 192
3 274 190 191
3 471 470 557
3 477 564 558
3 472 477 558
3 305 389 385
3 388 477 389
3 649 577 666
3 562 476 563
3 405 319 406
3 490 405 491
3 578 490 491
3 577 563 490
3 476 386 405
3 650 562 563
3 386 319 405
3 475 386 476
3 475 387 386
3 388 387 477
3 302 271 319
3 735 734 825
3 823 733 824
3 645 734 735
3 473 559 554
3 644 734 645
3 558 644 559
3 564 650 651
3 195 117 118
3 491 406 492
3 271 354 319
3 272 188 273
3 190 115 191
3 358 447 446
3 276 358 275
3 117 195 192
3 281 358 276
3 446 533 445
3 357 446 445
3 447 535 446
3 622 533 535
3 532 531 444
3 533 532 445
3 621 620 532
3 116 117 192
3 558 559 473
3 385 389 472
3 564 644 558
3 740 830 825
3 651 740 734
3 651 739 740
3 564 651 644
3 650 649 739
3 914 913 823
3 824 914 823
3 732 643 733
3 735 825 824
3 1008 1009 1104
3 1007 1008 1104
3 915 922 1008
3 825 915 914
3 825 830 915
3 1103 1201 1104
3 1111 1103 1015
3 1111 1201 1103
3 1112 1111 1017
3 1198 1296 1201
3 1010 1104 1105
3 1006 1010 1102
3 916 913 1007
3 922 830 921
3 477 475 562
3 1015 921 923
3 758 832 831
3 666 758 741
3 849 832 758
3 920 924 832
3 897 805 804
3 991 939 897
3 848 803 897
3 939 941 848
3 896 991 897
3 1031 941 939
3 712 803 757
3 713 622 714
3 539 538 625
3 623 539 626
3 451 452 539
3 717 806 807
3 626 717 716
3 715 806 717
3 848 897 939
3 807 896 804
3 1085 992 1086
3 896 990 991
3 899 992 990
3 580 670 579
3 620 580 530
3 668 670 580
3 712 668 620
3 760 670 668
3 670 669 579
3 670 762 669
3 492 580 579
3 492 530 580
3 531 532 620
3 580 620 668
3 713 803 712
3 760 762 670
3 847 760 757
3 850 762 760
3 848 847 757
3 943 852 850
3 850 852 762
3 406 319 354
3 492 443 530
3 354 443 406
3 355 444 443
3 491 405 406
3 578 491 579
3 490 563 476
3 274 356 273
3 190 274 189
3 275 357 274
3 276 275 192
3 357 356 274
3 358 357 275
3 358 446 357
3 532 444 445
3 620 530 531
3 712 620 621
3 712 757 668
3 492 406 443
3 531 530 443
3 579 491 492
3 354 355 443
3 1300 1395 1397
3 1513 1417 1416
3 1492 1398 1396
3 1396 1398 1301
3 1397 1396 1299
3 1397 1492 1396
3 1205 1300 1299
3 1491 1515 1588
3 1397 1491 1492
3 1395 1417 1491
3 1587 1493 1588
3 1690 1587 1588
3 1689 1690 1592
3 1691 1589 1690
3 1589 1688 1585
3 1488 1489 1392
3 1295 1390 1392
3 1494 1585 1488
3 1399 1494 1488
3 1398 1399 1302
3 1398 1493 1399
3 1589 1691 1688
3 1494 1589 1585
3 1587 1690 1589
3 1205 1206 1110
3 924 1014 1016
3 1318 1225 1317
3 1395 1318 1416
3 1300 1397 1299
3 1224 1300 1205
3 1224 1318 1300
3 1301 1299 1396
3 1302 1301 1398
3 1112 1016 1110
3 1207 1112 1206
3 1207 1111 1112
3 1224 1225 1318
3 1395 1300 1318
3 1128 1110 1034
3 1224 1128 1130
3 1205 1110 1128
3 1206 1112 1110
3 1301 1206 1299
3 1301 1207 1206
3 1130 1129 1225
3 1205 1128 1224
3 1034 1035 1130
3 920 942 1014
3 1035 1129 1130
3 738 828 737
3 646 730 638
3 560 646 638
3 639 731 646
3 731 640 732
3 736 731 822
3 736 646 731
3 113 112 63
3 190 113 114
3 188 272 187
3 189 188 113
3 189 273 188
3 1386 1482 1485
3 1386 1383 1482
3 1286 1381 1383
3 304 388 306
3 224 304 306
3 221 138 220
3 142 221 224
3 220 303 304
3 221 220 304
3 138 186 220
3 1480 1383 1381
3 1579 1581 1485
3 1783 1681 1679
3 1785 1784 1682
3 1985 1986 1884
3 1582 1684 1683
3 1383 1386 1289
3 63 112 62
3 1480 1482 1383
3 1479 1480 1381
3 1479 1576 1480
3 112 187 111
3 302 219 271
3 1577 1482 1480
3 111 70 62
3 112 111 62
3 186 138 111
3 271 186 187
3 303 388 304
3 1843 1742 1844
3 305 385 301
3 223 305 222
3 140 223 222
3 141 224 223
3 306 389 305
3 223 306 305
3 142 224 141
3 142 137 221
3 388 389 306
3 224 221 304
3 387 475 477
3 303 387 388
3 302 319 386
3 387 302 386
3 219 186 271
3 303 219 302
3 303 220 219
3 222 301 218
3 468 384 473
3 470 468 554
3 470 381 468
3 642 557 554
3 381 300 384
3 383 381 470
3 383 298 381
3 223 224 306
3 138 221 137
3 296 380 379
3 295 296 378
3 213 214 296
3 215 297 214
3 296 379 378
3 382 380 297
3 382 469 380
3 641 640 553
3 556 641 552
3 469 556 552
3 555 643 556
3 643 732 641
3 641 732 640
3 557 642 643
3 471 557 555
3 470 554 557
3 645 735 733
3 823 822 732
3 733 735 824
3 732 733 823
3 643 642 733
3 559 645 642
3 559 644 645
3 821 826 912
3 827 821 912
3 828 827 919
3 828 738 827
3 738 730 821
3 560 638 561
3 465 467 551
3 639 646 560
3 474 465 551
3 912 916 1006
3 1005 912 1006
3 1101 1005 1006
3 1013 919 1005
3 919 827 912
3 730 736 821
3 737 648 738
3 639 640 731
3 822 823 913
3 736 822 826
3 821 736 826
3 730 646 736
3 731 732 822
3 556 643 641
3 382 471 469
3 642 645 733
3 555 557 643
3 554 559 642
3 822 913 826
3 1743 1638 1639
3 384 385 473
3 218 301 300
3 222 305 301
3 139 222 218
3 140 141 223
3 2087 1984 2088
3 2086 2087 2186
3 1983 1882 1984
3 2086 1983 2087
3 2086 1982 1983
3 2184 2086 2186
3 1983 1881 1882
3 1886 1787 1887
3 1882 1886 1984
3 1786 1787 1886
3 1781 1786 1882
3 1780 1781 1881
3 1780 1677 1683
3 1680 1578 1580
3 1684 1582 1680
3 1781 1683 1786
3 1781 1780 1683
3 1677 1574 1582
3 1949 1948 1844
3 1950 1949 1845
3 2052 1948 1949
3 2254 2153 2154
3 1947 1843 1948
3 2153 2050 2051
3 1985 1883 1947
3 1986 1985 2089
3 1987 1986 2089
3 2189 2090 2089
3 1988 1984 1886
3 2090 1988 1987
3 2089 2090 1987
3 2188 2088 2090
3 2088 1984 1988
3 1885 1784 1785
3 1949 1844 1845
3 1947 1948 2051
3 1843 1844 1948
3 1883 1843 1947
3 1884 1883 1985
3 1884 1783 1883
3 1638 1576 1538
3 1782 1783 1679
3 1638 1742 1678
3 1883 1783 1782
3 1679 1577 1678
3 1579 1482 1577
3 1679 1579 1577
3 1681 1581 1579
3 1387 1291 1290
3 1578 1483 1580
3 1384 1288 1385
3 1483 1384 1385
3 1481 1382 1384
3 1288 1194 1291
3 1638 1538 1639
3 1844 1742 1743
3 1678 1576 1638
3 1577 1576 1678
3 1681 1579 1679
3 1480 1576 1577
3 1479 1538 1576
3 298 383 299
3 216 298 299
3 217 300 298
3 218 300 217
3 139 218 136
3 139 140 222
3 468 473 554
3 301 384 300
3 301 385 384
3 556 469 555
3 639 553 640
3 466 469 552
3 378 466 467
3 379 380 469
3 378 379 466
3 296 295 213
3 215 299 297
3 468 381 384
3 471 383 470
3 469 471 555
3 382 383 471
3 382 299 383
3 298 300 381
3 135 217 216
3 136 218 217
3 298 216 217
3 1950 1845 1846
3 1947 2050 1985
3 2050 2152 2089
3 2051 2050 1947
3 2153 2152 2050
3 2154 2153 2051
3 2253 2152 2153
3 2253 2252 2152
3 2255 2357 2254
3 2390 2389 2290
3 2188 2291 2290
3 2391 2489 2390
3 1743 1744 1845
3 1742 1782 1678
3 1743 1742 1638
3 1843 1782 1742
3 1639 1744 1743
3 216 134 135
3 136 217 135
3 299 215 216
3 2054 2053 1950
3 297 299 382
3 133 215 214
3 134 216 215
3 214 132 133
3 134 215 133
3 211 212 129
3 213 211 130
3 213 295 211
3 211 295 212
3 69 131 130
3 296 297 380
3 378 377 295
3 469 466 379
3 294 212 295
3 314 294 377
3 314 235 294
3 2157 2054 2055
3 2158 2157 2055
3 2258 2257 2157
3 399 474 485
3 297 296 214
3 128 130 211
3 69 132 131
3 553 467 552
3 560 551 639
3 560 474 551
3 1845 1744 1846
3 2053 1949 1950
3 1844 1743 1845
3 131 132 214
3 213 131 214
3 213 130 131
3 377 294 295
3 465 377 378
3 314 315 235
3 399 314 377
3 400 484 401
3 399 400 314
3 399 485 400
3 474 399 465
3 314 400 315
3 2087 2187 2186
3 1843 1883 1782
3 1885 1785 1884
3 1987 1887 1986
3 1787 1784 1885
3 1782 1679 1678
3 1785 1783 1884
3 1785 1681 1783
3 1986 1885 1884
3 1581 1580 1484
3 1482 1579 1485
3 1682 1580 1581
3 1785 1682 1681
3 1784 1680 1682
3 2050 2089 1985
3 2188 2090 2189
3 1887 1988 1886
3 1885 1887 1787
3 1885 1986 1887
3 2254 2357 2356
3 2052 2155 2154
3 2256 2358 2255
3 2158 2258 2157
3 2459 2361 2460
3 2563 2663 2562
3 2360 2258 2361
3 2459 2360 2361
3 2458 2359 2360
3 2156 2157 2257
3 2158 2259 2258
3 2258 2259 2361
3 155 236 238
3 81 127 154
3 210 235 155
3 127 210 155
3 154 127 155
3 67 66 128
3 81 67 127
3 81 34 67
3 401 315 400
3 402 316 401
3 210 212 294
3 69 130 68
3 377 465 399
3 2664 2564 2665
3 2768 2767 2665
3 2663 2563 2664
3 2974 2973 2868
3 1483 1578 1481
3 1681 1682 1581
3 1680 1582 1578
3 1682 1680 1580
3 1784 1787 1684
3 1882 1881 1781
3 1886 1882 1786
3 1984 2087 1983
3 1887 1987 1988
3 2088 2187 2087
3 2290 2389 2289
3 2183 2110 2084
3 2083 2182 2084
3 2285 2207 2183
3 1673 1571 1675
3 1775 1673 1777
3 1775 1672 1673
3 1981 1982 2085
3 2083 1981 2085
3 1880 1982 1981
3 1979 1880 1981
3 1876 1979 1978
3 1876 1875 1979
3 1879 1982 1880
3 1811 1711 1812
3 1611 1710 1712
3 1592 1611 1695
3 1514 1609 1611
3 1609 1610 1711
3 1611 1609 1710
3 1513 1610 1609
3 1509 1414 1510
3 1227 1131 1222
3 1129 1132 1225
3 1131 1127 1222
3 1129 1131 1132
3 1037 1036 1131
3 1511 1418 1516
3 1416 1511 1512
3 1415 1418 1511
3 1316 1315 1413
3 1319 1316 1414
3 1319 1227 1316
3 1510 1607 1606
3 1413 1510 1414
3 1413 1472 1510
3 1814 1808 1909
3 1708 1713 1809
3 1610 1708 1709
3 1608 1516 1612
3 1606 1607 1707
3 1713 1708 1612
3 1509 1418 1414
3 1606 1509 1510
3 1516 1418 1509
3 1612 1708 1608
3 1707 1612 1606
3 1707 1713 1612
3 1608 1512 1511
3 2868 2973 2867
3 2767 2868 2766
3 2665 2767 2664
3 2869 2868 2767
3 2869 2974 2868
3 472 389 477
3 473 472 558
3 473 385 472
3 220 186 219
3 70 138 137
3 70 111 138
3 476 405 490
3 387 303 302
3 271 272 354
3 112 113 188
3 186 111 187
3 63 114 113
3 847 940 850
3 1033 941 1031
3 850 940 943
3 847 941 940
3 760 847 850
3 848 941 847
3 803 848 757
3 803 805 897
3 941 1033 940
3 991 1031 939
3 899 990 896
3 1085 1181 1087
3 991 1085 1087
3 990 992 1085
3 900 809 901
3 898 900 993
3 898 808 900
3 1183 1223 1126
3 1032 1125 1036
3 1087 1181 1183
3 991 1087 1031
3 991 990 1085
3 1223 1127 1125
3 1315 1222 1223
3 1375 1315 1279
3 1413 1414 1316
3 1227 1315 1316
3 1280 1376 1374
3 1184 1088 1089
3 1572 1476 1573
3 1476 1475 1477
3 1575 1476 1477
3 1572 1475 1476
3 1676 1572 1573
3 1675 1571 1572
3 1474 1377 1475
3 1471 1474 1569
3 1470 1374 1471
3 1282 1281 1378
3 1280 1282 1376
3 1280 1185 1282
3 1377 1378 1475
3 1376 1377 1474
3 1378 1283 1380
3 3732 3731 3792
3 1490 1489 1586
3 1891 1792 1892
3 1589 1494 1587
3 1586 1585 1688
3 1489 1488 1585
3 1586 1489 1585
3 1297 1298 1393
3 1391 1489 1394
3 1199 1200 1102
3 1295 1392 1296
3 1207 1295 1198
3 1390 1488 1392
3 1302 1390 1295
3 1302 1399 1390
3 1391 1298 1294
3 1015 1017 1111
3 922 921 1015
3 1008 922 1009
3 915 830 922
3 1015 923 1017
3 1014 924 920
3 1016 1017 924
3 1110 1016 1014
3 1034 1110 1014
3 1205 1299 1206
3 1112 1017 1016
3 1034 1130 1128
3 1392 1391 1294
3 1296 1392 1294
3 1200 1296 1294
3 1197 1200 1294
3 1199 1296 1200
3 1198 1295 1296
3 1390 1399 1488
3 1298 1391 1394
3 1204 1298 1297
3 1203 1294 1298
3 1202 1109 1204
3 1197 1294 1203
3 1109 1106 1012
3 1201 1199 1105
3 1015 1103 1009
3 1111 1198 1201
3 1302 1295 1207
3 1200 1197 1102
3 1203 1108 1197
3 915 1007 914
3 1493 1587 1494
3 1791 1690 1689
3 1809 1709 1708
3 1914 1913 1812
3 1711 1709 1810
3 1473 1568 1570
3 1470 1473 1472
3 1470 1568 1473
3 1413 1375 1472
3 1373 1278 1374
3 1878 1909 1808
3 1778 1878 1808
3 1707 1778 1808
3 1776 1876 1778
3 1876 1978 1878
3 2214 2117 2207
3 1711 1810 1812
3 2208 2117 2214
3 1916 2014 2008
3 2007 1980 2084
3 1916 2007 2014
3 1916 1909 2007
3 1708 1610 1608
3 1814 1910 1809
3 1711 1610 1709
3 1006 916 1010
3 1197 1108 1101
3 821 827 738
3 1101 1013 1005
3 1012 918 917
3 1013 1012 919
3 912 1005 919
3 1108 1109 1013
3 1101 1108 1013
3 1102 1101 1006
3 1102 1197 1101
3 1203 1298 1204
3 919 917 828
3 1292 1212 1195
3 1292 1305 1212
3 1400 1305 1388
3 1404 1307 1305
3 1495 1404 1400
3 1500 1406 1404
3 1306 1308 1213
3 1307 1306 1212
3 1405 1308 1306
3 918 1011 930
3 1107 1202 1196
3 1012 1106 1011
3 1109 1202 1106
3 1013 1109 1012
3 1204 1297 1202
3 1108 1204 1109
3 1108 1203 1204
3 930 838 836
3 730 738 648
3 916 912 826
3 917 918 836
3 828 917 836
3 919 1012 917
3 1012 1011 918
3 1293 1388 1292
3 1297 1293 1202
3 1389 1388 1293
3 1393 1389 1297
3 1393 1487 1389
3 1688 1789 1687
3 429 514 515
3 662 753 663
3 931 937 844
3 838 931 837
3 1025 937 931
3 1024 1025 932
3 1119 1117 1023
3 927 835 834
3 743 833 834
3 929 1020 927
3 1114 1115 1209
3 929 1021 1020
3 929 1018 1021
3 1218 1310 1311
3 1220 1218 1311
3 1123 1216 1218
3 1030 1121 1124
3 1113 1030 1124
3 1019 1027 1030
3 1120 1122 1216
3 1028 1120 1121
3 933 935 1027
3 1026 1029 1120
3 934 1026 1028
3 934 938 1026
3 1029 1117 1122
3 1412 1508 1505
3 1264 1263 1167
3 1209 1265 1168
3 1360 1456 1359
3 1069 975 1071
3 1165 1252 1160
3 1357 1261 1263
3 1357 1262 1261
3 1061 968 974
3 789 787 695
3 662 752 753
3 1215 1117 1119
3 1118 1215 1119
3 1309 1219 1214
3 1410 1310 1312
3 1216 1123 1121
3 1214 1217 1122
3 1310 1218 1216
3 1312 1310 1219
3 1499 1410 1407
3 1507 1506 1409
3 1124 1221 1208
3 1410 1311 1310
3 1313 1412 1314
3 967 1062 966
3 561 474 560
3 67 34 66
3 68 128 66
3 154 82 81
3 238 154 155
3 35 34 81
3 129 212 210
3 129 128 211
3 127 129 210
3 127 67 129
3 68 130 128
3 2361 2259 2362
3 82 71 35
3 153 82 154
3 237 153 154
3 237 225 153
3 143 71 82
3 153 143 82
3 225 144 143
3 35 81 82
3 3418 3417 3336
3 3564 3565 3495
3 3563 3492 3494
3 3565 3563 3494
3 3762 3823 3763
3 3817 3822 3879
3 3697 3761 3756
3 3697 3699 3761
3 3633 3699 3632
3 3763 3822 3761
3 3635 3701 3692
3 3699 3633 3700
3 3630 3562 3632
3 3627 3630 3693
3 3560 3562 3630
3 3563 3633 3632
3 3824 3885 3876
3 3815 3824 3876
3 3817 3879 3824
3 3557 3487 3496
3 3566 3557 3496
3 3654 3655 3720
3 3251 3168 3169
3 3334 3251 3252
3 3335 3334 3252
3 3415 3414 3334
3 3413 3414 3489
3 3487 3411 3420
3 2358 2456 2357
3 2359 2358 2256
3 2359 2457 2358
3 2660 2762 2659
3 2489 2589 2487
3 2392 2490 2391
3 2292 2252 2355
3 2390 2291 2391
3 2189 2252 2292
3 2488 2557 2588
3 2490 2488 2590
3 2454 2557 2488
3 2589 2586 2487
3 2490 2591 2489
3 2691 2793 2693
3 2588 2691 2590
3 2792 2793 2691
3 2658 2690 2588
3 2863 2895 2792
3 2794 2896 2893
3 2590 2691 2693
3 2792 2895 2793
3 2897 3001 3000
3 2977 2968 2871
3 2977 3071 2968
3 2897 3000 2895
3 2968 2897 2863
3 2968 3001 2897
3 2997 2999 3099
3 2919 2891 2996
3 2892 2894 2997
3 2894 2999 2997
3 2788 2791 2892
3 2893 2896 2998
3 3100 3099 2999
3 3440 3441 3515
3 3584 3583 3514
3 3278 3330 3363
3 3362 3278 3363
3 3276 3277 3361
3 3189 3190 3275
3 3101 3100 3102
3 3103 3192 3102
3 3190 3099 3100
3 3191 3190 3101
3 3189 3099 3190
3 3102 3100 3000
3 3103 3102 3001
3 3191 3275 3190
3 3102 3192 3101
3 3276 3360 3275
3 3256 3248 3331
3 3330 3256 3339
3 3247 3173 3256
3 3256 3173 3248
3 3193 3247 3278
3 3164 3173 3247
3 3164 3080 3173
3 2489 2591 2589
3 2490 2590 2591
3 2769 2690 2761
3 2490 2392 2488
3 2391 2490 2489
3 2392 2454 2488
3 2864 2761 2762
3 2559 2659 2558
3 2692 2591 2693
3 2794 2692 2693
3 2793 2794 2693
3 2893 2790 2794
3 2688 2589 2692
3 3251 3333 3250
3 3492 3415 3417
3 3494 3492 3417
3 3822 3763 3823
3 3817 3756 3761
3 3885 3824 3879
3 3764 3756 3817
3 3697 3632 3699
3 3763 3761 3699
3 3756 3693 3697
3 3414 3491 3489
3 3251 3334 3333
3 3415 3491 3414
3 2489 2487 2390
3 2689 2587 2688
3 2311 2207 2286
3 2455 2454 2356
3 2456 2455 2357
3 2557 2658 2588
3 2869 2768 2870
3 3076 3075 2973
3 3252 3251 3169
3 3166 3249 3248
3 3173 3165 3248
3 3073 3074 3166
3 3168 3167 3075
3 3250 3249 3167
3 2767 2768 2869
3 487 402 486
3 488 404 403
3 575 488 574
3 575 489 488
3 487 488 403
3 308 307 392
3 311 308 391
3 230 226 307
3 311 230 308
3 311 229 230
3 318 238 316
3 402 318 316
3 403 317 318
3 487 403 402
3 390 317 403
3 144 225 226
3 144 72 143
3 2976 3078 2975
3 311 391 397
3 147 226 229
3 72 144 74
3 72 71 143
3 308 392 391
3 225 307 226
3 237 154 238
3 317 237 238
3 225 143 153
3 147 144 226
3 149 147 229
3 74 144 147
3 2975 2869 2870
3 2976 2975 2870
3 3078 3170 3077
3 1544 1550 1644
3 1446 1347 1356
3 1544 1446 1453
3 1352 1347 1446
3 1544 1449 1446
3 1550 1544 1453
3 1546 1448 1449
3 1351 1256 1352
3 1356 1358 1455
3 1352 1256 1257
3 1262 1358 1356
3 1156 1060 1059
3 1155 1156 1059
3 1253 1157 1156
3 1255 1253 1158
3 1156 1067 1058
3 1348 1254 1253
3 1254 1349 1260
3 1157 1254 1164
3 1348 1349 1254
3 1350 1348 1255
3 1164 1260 1163
3 1067 1164 1068
3 1157 1253 1254
3 254 336 335
3 423 510 509
3 259 341 339
3 512 603 601
3 428 512 425
3 515 603 512
3 693 692 601
3 744 654 743
3 743 654 653
3 835 744 834
3 694 604 602
3 788 694 744
3 788 789 696
3 882 976 881
3 835 882 881
3 978 977 882
3 696 695 605
3 427 429 340
3 604 514 513
3 604 605 514
3 786 692 693
3 786 878 785
3 576 665 657
3 663 664 575
3 756 754 665
3 755 756 664
3 753 755 663
3 844 843 837
3 845 842 754
3 938 1029 1026
3 845 938 934
3 842 845 934
3 756 846 845
3 936 1029 938
3 753 843 755
3 937 1029 936
3 932 1025 931
3 1023 1117 1029
3 1025 1023 937
3 1025 1119 1023
3 1215 1213 1309
3 1029 937 1023
3 1100 1022 1011
3 1118 1116 1211
3 1024 1022 1116
3 1025 1024 1119
3 932 1022 1024
3 838 932 931
3 838 930 932
3 1028 1027 935
3 1402 1401 1497
3 1361 1402 1403
3 1265 1209 1304
3 1498 1403 1497
3 1360 1265 1361
3 1456 1360 1457
3 1264 1265 1360
3 1304 1210 1303
3 1361 1304 1402
3 1209 1210 1304
3 1313 1220 1311
3 1412 1313 1411
3 1314 1220 1313
3 479 567 483
3 478 479 396
3 566 567 479
3 576 566 489
3 657 567 566
3 750 657 665
3 935 933 841
3 754 842 841
3 934 1028 935
3 570 482 483
3 658 751 659
3 567 658 570
3 567 657 658
3 841 840 751
3 754 841 750
3 842 934 935
3 841 842 935
3 754 756 845
3 570 569 481
3 567 570 483
3 396 479 483
3 657 750 658
3 659 569 570
3 656 748 742
3 751 749 659
3 840 748 749
3 750 841 751
3 933 926 839
3 568 569 659
3 749 656 659
3 565 654 602
3 694 654 744
3 340 338 427
3 426 424 511
3 337 426 338
3 602 654 694
3 511 602 513
3 511 565 602
3 426 511 513
3 565 568 653
3 424 480 511
3 424 481 480
3 483 397 396
3 750 751 658
3 312 395 310
3 570 658 659
3 255 257 172
3 145 227 172
3 337 338 255
3 481 424 393
3 565 480 568
3 654 565 653
3 511 480 565
3 309 310 393
3 569 568 480
3 968 967 873
3 600 509 510
3 692 600 601
3 603 693 601
3 780 872 871
3 691 781 688
3 785 878 873
3 599 509 600
3 692 691 600
3 507 597 596
3 599 508 509
3 147 149 76
3 307 308 230
3 234 313 233
3 152 234 233
3 231 311 234
3 226 230 229
3 397 313 311
3 844 837 931
3 936 844 937
3 843 753 752
3 936 843 844
3 936 846 843
3 661 752 662
3 746 837 752
3 660 746 752
3 660 655 747
3 1024 1116 1118
3 1011 1022 930
3 1107 1196 1195
3 1100 1107 1195
3 1116 1100 1195
3 1116 1022 1100
3 1011 1106 1107
3 930 1022 932
3 1409 1410 1507
3 1411 1409 1506
3 1311 1410 1409
3 1408 1407 1312
3 1213 1308 1309
3 1405 1502 1408
3 1499 1507 1410
3 660 752 661
3 401 484 486
3 316 315 401
3 235 210 294
3 236 235 315
3 236 155 235
3 237 317 307
3 316 238 236
3 315 316 236
3 402 403 318
3 237 307 225
3 318 317 238
3 390 392 317
3 128 129 67
3 916 826 913
3 655 660 572
3 467 465 378
3 552 467 466
3 553 639 551
3 467 553 551
3 552 641 553
3 3172 3255 3171
3 147 76 74
3 231 152 148
3 229 231 149
3 311 313 234
3 148 77 149
3 7556 7557 7555
3 7554 7556 7555
3 7554 7555 7553
3 7552 7554 7553
3 7552 7553 7551
3 7549 7552 7551
3 7546 7549 7548
3 7549 7550 7552
3 7548 7549 7551
3 7546 7550 7549
3 7545 7546 7548
3 7547 7550 7546
3 7543 7546 7545
3 7543 7547 7546
3 7542 7543 7545
3 7542 7539 7543
3 7543 7544 7547
3 7541 7542 7545
3 7538 7537 7534
3 7539 7544 7543
3 7539 7540 7544
3 7541 7537 7538
3 7535 7536 7540
3 7538 7534 7535
3 7542 7538 7539
3 7542 7541 7538
3 7529 7525 7530
3 7534 7533 7529
3 7539 7538 7535
3 7537 7533 7534
3 7539 7535 7540
3 7534 7529 7535
3 7528 7533 7532
3 7528 7527 7533
3 7535 7530 7536
3 7532 7533 7537
3 7525 7524 7531
3 7527 7523 7529
3 7533 7527 7529
3 7528 7523 7527
3 7523 7522 7517
3 7528 7532 7526
3 7530 7525 7531
3 7536 7530 7531
3 7535 7529 7530
3 7520 7521 7526
3 7519 7524 7525
3 7520 7514 7515
3 7513 7511 7507
3 7523 7517 7519
3 7529 7523 7525
3 7528 7521 7522
3 7516 7511 7517
3 7508 7509 7514
3 7513 7517 7511
3 7524 7519 7518
3 7525 7523 7519
3 7522 7516 7517
3 7528 7522 7523
3 7521 7516 7522
3 7526 7521 7528
3 7520 7515 7521
3 7500 7492 7499
3 7507 7500 7506
3 7512 7507 7506
3 7511 7505 7507
3 7505 7498 7500
3 7510 7505 7511
3 7515 7510 7516
3 7521 7515 7516
3 7514 7509 7515
3 7503 7505 7510
3 7504 7503 7510
3 7504 7497 7503
3 7481 7474 7473
3 7489 7488 7482
3 7492 7498 7490
3 7497 7498 7503
3 7490 7498 7489
3 7492 7500 7498
3 7480 7472 7474
3 7482 7480 7474
3 7488 7496 7487
3 7490 7489 7482
3 7495 7494 7486
3 7487 7495 7486
3 7496 7504 7495
3 7509 7502 7504
3 7515 7509 7510
3 7508 7502 7509
3 7519 7513 7518
3 7510 7511 7516
3 7505 7500 7507
3 7513 7507 7512
3 7518 7513 7512
3 7519 7517 7513
3 7494 7501 7493
3 7503 7498 7505
3 7496 7497 7504
3 7496 7488 7497
3 7491 7492 7490
3 7499 7506 7500
3 7502 7501 7494
3 7510 7509 7504
3 7508 7501 7502
3 7490 7483 7491
3 7498 7497 7489
3 7482 7481 7490
3 7493 7484 7485
3 7481 7483 7490
3 7494 7495 7502
3 7485 7494 7493
3 7477 7485 7484
3 7477 7469 7478
3 7476 7477 7484
3 7487 7479 7480
3 7488 7487 7480
3 7496 7495 7487
3 7477 7478 7485
3 7471 7470 7463
3 7470 7478 7469
3 7480 7479 7472
3 7486 7478 7479
3 7487 7486 7479
3 7489 7497 7488
3 7504 7502 7495
3 7494 7485 7486
3 7491 7499 7492
3 7476 7467 7468
3 7481 7475 7483
3 7474 7481 7482
3 7473 7475 7481
3 7465 7473 7474
3 7466 7475 7473
3 7464 7457 7466
3 7456 7462 7453
3 7482 7488 7480
3 7470 7469 7461
3 7463 7470 7461
3 7479 7478 7470
3 7468 7469 7477
3 7476 7468 7477
3 7467 7459 7468
3 7467 7458 7459
3 7449 7459 7458
3 7455 7457 7464
3 7398 7399 7410
3 7396 7385 7397
3 7386 7387 7398
3 7409 7397 7398
3 7394 7383 7395
3 7374 7373 7386
3 7372 7374 7385
3 7370 7371 7384
3 7357 7356 7351
3 7371 7370 7357
3 7360 7371 7357
3 7372 7384 7371
3 7375 7362 7376
3 7386 7375 7387
3 7373 7358 7361
3 7349 7364 7362
3 7421 7423 7432
3 7418 7409 7421
3 7421 7409 7410
3 7388 7400 7399
3 7390 7402 7400
3 7414 7424 7425
3 7401 7413 7402
3 7401 7403 7413
3 7450 7451 7460
3 7464 7456 7455
3 7473 7464 7466
3 7486 7485 7478
3 7465 7464 7473
3 7472 7465 7474
3 7456 7464 7465
3 7414 7422 7411
3 7413 7414 7402
3 7425 7433 7422
3 7435 7425 7424
3 7422 7434 7423
3 7436 7433 7425
3 7444 7453 7454
3 7436 7443 7433
3 7436 7446 7443
3 7465 7472 7462
3 7442 7451 7440
3 7452 7460 7451
3 7468 7459 7460
3 7458 7448 7449
3 7439 7438 7428
3 7435 7424 7426
3 7445 7436 7435
3 7453 7446 7456
3 7453 7443 7446
3 7462 7463 7454
3 7465 7462 7456
3 7472 7463 7462
3 7444 7442 7434
3 7444 7454 7452
3 7443 7444 7434
3 7443 7453 7444
3 7427 7428 7438
3 7455 7456 7446
3 7447 7455 7445
3 7447 7457 7455
3 7449 7450 7459
3 7438 7439 7448
3 7441 7450 7449
3 7431 7430 7441
3 7420 7431 7428
3 7420 7419 7431
3 7440 7432 7442
3 7439 7431 7441
3 7429 7432 7440
3 7421 7410 7412
3 7385 7384 7372
3 7398 7397 7386
3 7396 7384 7385
3 7408 7396 7406
3 7395 7384 7396
3 7387 7376 7388
3 7398 7387 7399
3 7386 7373 7375
3 7462 7454 7453
3 7471 7463 7472
3 7479 7471 7472
3 7479 7470 7471
3 7461 7454 7463
3 7460 7461 7469
3 7468 7460 7469
3 7459 7450 7460
3 7452 7454 7461
3 7460 7452 7461
3 7451 7442 7452
3 7441 7451 7450
3 7442 7444 7452
3 7441 7440 7451
3 7432 7423 7434
3 7421 7432 7429
3 7434 7433 7443
3 7432 7434 7442
3 7422 7414 7425
3 7434 7422 7433
3 7412 7410 7411
3 7423 7412 7411
3 7423 7421 7412
3 7445 7455 7446
3 7436 7445 7446
3 7435 7437 7445
3 7439 7441 7449
3 7448 7439 7449
3 7428 7431 7439
3 7416 7417 7427
3 7430 7429 7440
3 7441 7430 7440
3 7420 7408 7419
3 7413 7424 7414
3 7426 7424 7415
3 7445 7437 7447
3 7425 7435 7436
3 7426 7437 7435
3 7419 7408 7406
3 7430 7419 7429
3 7430 7431 7419
3 7427 7417 7428
3 7405 7404 7393
3 7417 7405 7407
3 7417 7416 7405
3 7410 7399 7400
3 7411 7410 7400
3 7397 7406 7396
3 7386 7397 7385
3 7409 7406 7397
3 7410 7409 7398
3 7421 7429 7418
3 7418 7406 7409
3 7419 7418 7429
3 7419 7406 7418
3 7408 7395 7396
3 7401 7402 7390
3 7403 7401 7391
3 7403 7415 7413
3 7413 7415 7424
3 7393 7404 7392
3 7408 7407 7395
3 7405 7416 7404
3 7420 7417 7407
3 7420 7428 7417
3 7391 7401 7389
3 7389 7401 7390
3 7381 7392 7380
3 7383 7394 7382
3 7394 7405 7393
3 7367 7381 7380
3 7369 7382 7368
3 7394 7407 7405
3 7382 7394 7393
3 7395 7407 7394
3 7364 7376 7362
3 7364 7377 7378
3 7348 7363 7349
3 7348 7350 7363
3 7389 7390 7378
3 7378 7390 7388
3 7379 7389 7377
3 7379 7391 7389
3 7411 7422 7423
3 7402 7411 7400
3 7402 7414 7411
3 7377 7389 7378
3 7364 7363 7377
3 7376 7364 7378
3 7349 7363 7364
3 7365 7379 7377
3 7353 7366 7352
3 7341 7355 7340
3 7407 7408 7420
3 7383 7370 7384
3 7354 7369 7368
3 7355 7356 7369
3 7374 7360 7373
3 7348 7332 7334
3 7350 7365 7363
3 7347 7343 7333
3 7349 7347 7333
3 7362 7361 7347
3 7359 7344 7345
3 7376 7387 7375
3 7331 7326 7316
3 7359 7346 7344
3 7336 7320 7326
3 7351 7336 7342
3 7351 7335 7336
3 7357 7370 7356
3 7346 7357 7342
3 7371 7374 7372
3 7346 7360 7357
3 7346 7359 7360
3 7356 7341 7351
3 7393 7392 7381
3 7278 7294 7277
3 7263 7278 7277
3 7295 7294 7278
3 7325 7341 7340
3 7309 7325 7319
3 7320 7335 7325
3 7324 7323 7308
3 7283 7298 7281
3 7250 7266 7265
3 7282 7297 7299
3 7285 7282 7267
3 7315 7314 7330
3 7283 7299 7298
3 7283 7282 7299
3 7285 7297 7282
3 7285 7286 7301
3 7383 7384 7395
3 7369 7383 7382
3 7369 7370 7383
3 7351 7342 7357
3 7374 7386 7385
3 7358 7373 7359
3 7345 7358 7359
3 7343 7347 7358
3 7388 7390 7400
3 7387 7388 7399
3 7376 7378 7388
3 7293 7309 7304
3 7260 7263 7277
3 7295 7311 7310
3 7296 7298 7312
3 7311 7326 7310
3 7338 7352 7337
3 7348 7349 7333
3 7350 7348 7334
3 7363 7365 7377
3 7369 7354 7355
3 7381 7368 7382
3 7393 7381 7382
3 7380 7366 7367
3 7367 7353 7354
3 7381 7367 7368
3 7366 7353 7367
3 7329 7313 7327
3 7345 7330 7329
3 7315 7298 7299
3 7344 7328 7330
3 7311 7295 7300
3 7316 7311 7300
3 7316 7326 7311
3 7281 7265 7283
3 7267 7268 7285
3 7367 7354 7368
3 7338 7353 7352
3 7338 7339 7353
3 7322 7338 7337
3 7322 7323 7338
3 7361 7362 7375
3 7373 7361 7375
3 7358 7347 7361
3 7345 7343 7358
3 7328 7312 7315
3 7331 7328 7344
3 7331 7316 7328
3 7301 7297 7285
3 7317 7301 7302
3 7318 7317 7302
3 7332 7327 7317
3 7313 7297 7301
3 7317 7327 7313
3 7329 7314 7313
3 7345 7329 7343
3 7314 7297 7313
3 7330 7314 7329
3 7315 7312 7298
3 7314 7315 7299
3 7330 7328 7315
3 7344 7330 7345
3 7314 7299 7297
3 7347 7349 7362
3 7327 7333 7343
3 7329 7327 7343
3 7313 7301 7317
3 7332 7348 7333
3 7318 7332 7317
3 7318 7334 7332
3 7321 7322 7337
3 7332 7333 7327
3 7307 7308 7323
3 7322 7306 7307
3 7324 7339 7323
3 7321 7306 7322
3 7291 7292 7307
3 7306 7291 7307
3 7290 7272 7273
3 7286 7302 7301
3 7290 7289 7272
3 7267 7252 7268
3 7286 7285 7268
3 7234 7217 7218
3 7235 7234 7218
3 7250 7233 7234
3 7266 7283 7265
3 7264 7279 7261
3 7249 7264 7248
3 7249 7265 7264
3 7251 7252 7267
3 7272 7289 7271
3 7254 7255 7271
3 7339 7340 7354
3 7353 7339 7354
3 7338 7323 7339
3 7322 7307 7323
3 7305 7306 7321
3 7305 7290 7306
3 7325 7309 7320
3 7324 7319 7325
3 7339 7324 7340
3 7308 7319 7324
3 7303 7288 7304
3 7308 7303 7319
3 7308 7292 7303
3 7306 7290 7291
3 7292 7288 7303
3 7274 7273 7257
3 7304 7309 7319
3 7303 7304 7319
3 7288 7293 7304
3 7287 7288 7292
3 7269 7257 7253
3 7291 7274 7292
3 7273 7272 7256
3 7291 7273 7274
3 7291 7290 7273
3 7253 7258 7270
3 7293 7294 7309
3 7275 7293 7288
3 7275 7276 7293
3 7251 7266 7250
3 7252 7251 7235
3 7267 7266 7251
3 7237 7238 7254
3 7235 7251 7234
3 7205 7224 7223
3 7271 7255 7272
3 7239 7256 7255
3 7221 7222 7238
3 7241 7240 7257
3 7222 7223 7239
3 7224 7240 7241
3 7242 7240 7236
3 7225 7242 7236
3 7258 7253 7242
3 7241 7256 7239
3 7253 7257 7240
3 7269 7287 7274
3 7257 7269 7274
3 7253 7270 7269
3 7254 7238 7255
3 7237 7220 7221
3 7199 7217 7198
3 7251 7250 7234
3 7282 7266 7267
3 7282 7283 7266
3 7279 7264 7281
3 7249 7232 7233
3 7281 7264 7265
3 7248 7232 7249
3 7214 7215 7197
3 7198 7214 7196
3 7216 7233 7232
3 7198 7216 7214
3 7198 7217 7216
3 7199 7218 7217
3 7290 7305 7289
3 7256 7257 7273
3 7292 7308 7307
3 7186 7205 7204
3 7244 7260 7259
3 7225 7226 7243
3 7229 7247 7244
3 7300 7312 7316
3 7278 7284 7295
3 7296 7281 7298
3 7284 7296 7300
3 7295 7284 7300
3 7280 7296 7284
3 7280 7279 7296
3 7369 7356 7370
3 7340 7355 7354
3 7341 7356 7355
3 7324 7325 7340
3 7328 7316 7312
3 7346 7331 7344
3 7346 7342 7331
3 7336 7326 7342
3 7335 7320 7336
3 7341 7335 7351
3 7341 7325 7335
3 7309 7310 7320
3 7310 7294 7295
3 7320 7310 7326
3 7309 7294 7310
3 7300 7296 7312
3 7360 7359 7373
3 7374 7371 7360
3 7342 7326 7331
3 7202 7203 7221
3 7183 7202 7201
3 7183 7184 7202
3 7182 7183 7201
3 7224 7236 7240
3 7257 7256 7241
3 7205 7219 7224
3 7190 7171 7172
3 7191 7190 7172
3 7209 7211 7193
3 7136 7157 7139
3 7231 7248 7245
3 7228 7227 7245
3 7195 7177 7196
3 7157 7176 7160
3 7139 7157 7160
3 7136 7137 7157
3 7233 7216 7217
3 7231 7232 7248
3 7214 7195 7196
3 7231 7215 7232
3 7231 7227 7213
3 7232 7215 7214
3 7197 7195 7214
3 7213 7197 7215
3 7213 7194 7197
3 7176 7158 7177
3 7179 7176 7195
3 7179 7160 7176
3 7177 7178 7196
3 7261 7245 7248
3 7262 7261 7279
3 7262 7246 7261
3 7190 7174 7171
3 7193 7192 7174
3 7230 7211 7228
3 7229 7244 7226
3 7208 7212 7226
3 7230 7247 7229
3 7258 7243 7259
3 7243 7242 7225
3 7206 7219 7200
3 7209 7210 7228
3 7173 7191 7172
3 7175 7194 7191
3 7160 7175 7156
3 7210 7213 7227
3 7179 7194 7175
3 7179 7197 7194
3 7279 7281 7296
3 7262 7279 7280
3 7263 7247 7262
3 7246 7245 7261
3 7250 7249 7233
3 7261 7248 7264
3 7209 7228 7211
3 7193 7190 7209
3 7212 7193 7211
3 7174 7190 7193
3 7191 7210 7209
3 7210 7227 7228
3 7194 7210 7191
3 7194 7213 7210
3 7195 7197 7179
3 7215 7231 7213
3 7231 7245 7227
3 7175 7191 7173
3 7198 7180 7199
3 7216 7232 7214
3 7234 7233 7217
3 7250 7265 7249
3 7196 7180 7198
3 7162 7183 7182
3 7142 7162 7161
3 7142 7143 7162
3 7196 7178 7180
3 7157 7137 7158
3 7159 7178 7177
3 7177 7158 7159
3 7125 7124 7104
3 7125 7144 7124
3 7127 7147 7125
3 7129 7149 7127
3 7128 7129 7109
3 7128 7150 7129
3 7151 7170 7169
3 7149 7151 7169
3 7129 7150 7151
3 7188 7168 7174
3 7148 7168 7150
3 7128 7148 7150
3 7130 7154 7131
3 7209 7190 7191
3 7223 7204 7205
3 7241 7223 7224
3 7241 7239 7223
3 7220 7202 7221
3 7186 7166 7165
3 7203 7186 7204
3 7184 7166 7186
3 7202 7184 7203
3 7183 7162 7163
3 7161 7162 7182
3 7186 7185 7205
3 7181 7200 7185
3 7149 7169 7167
3 7219 7225 7236
3 7189 7206 7187
3 7207 7226 7225
3 7208 7207 7206
3 7208 7226 7207
3 7189 7208 7206
3 7167 7169 7187
3 7181 7167 7187
3 7147 7149 7167
3 7188 7192 7208
3 7170 7188 7189
3 7170 7168 7188
3 7169 7170 7189
3 7187 7169 7189
3 7149 7129 7151
3 7150 7168 7170
3 7212 7211 7230
3 7226 7212 7229
3 7192 7193 7212
3 7222 7204 7223
3 7242 7253 7240
3 7270 7275 7287
3 7269 7270 7287
3 7258 7275 7270
3 7202 7220 7201
3 7222 7221 7203
3 7204 7222 7203
3 7239 7238 7222
3 7238 7237 7221
3 7121 7141 7120
3 7203 7184 7186
3 7186 7165 7185
3 7163 7166 7184
3 7183 7163 7184
3 7143 7145 7163
3 7163 7145 7166
3 7121 7122 7142
3 7146 7165 7166
3 7140 7146 7145
3 7119 7140 7123
3 7122 7103 7123
3 7098 7099 7119
3 7118 7124 7140
3 7124 7144 7146
3 7164 7147 7167
3 7161 7141 7142
3 7120 7100 7101
3 7056 7062 7078
3 7018 7041 7038
3 7063 7065 7083
3 7042 7063 7062
3 7042 7045 7063
3 7124 7118 7104
3 7060 7061 7039
3 7038 7060 7039
3 7077 7082 7060
3 7140 7119 7118
3 7082 7097 7081
3 7119 7103 7098
3 7119 7123 7103
3 7144 7165 7146
3 7121 7120 7101
3 7137 7138 7158
3 7145 7123 7140
3 7166 7145 7146
3 7143 7123 7145
3 7099 7083 7104
3 7119 7099 7118
3 7077 7060 7056
3 7148 7126 7130
3 7188 7208 7189
3 7128 7126 7148
3 7170 7151 7150
3 7109 7088 7108
3 7127 7109 7129
3 7147 7127 7149
3 7125 7104 7106
3 7144 7125 7147
3 7088 7086 7068
3 7127 7107 7109
3 7106 7085 7107
3 7125 7106 7127
3 7085 7065 7086
3 7104 7085 7106
3 7104 7083 7085
3 7067 7046 7064
3 7087 7067 7084
3 7046 7047 7026
3 7088 7068 7087
3 7108 7088 7087
3 7109 7107 7088
3 7047 7066 7044
3 7076 7096 7095
3 7061 7040 7039
3 7140 7124 7146
3 7083 7065 7085
3 7062 7041 7042
3 7078 7062 7083
3 7099 7078 7083
3 7099 7077 7078
3 7056 7041 7062
3 7077 7056 7078
3 7098 7077 7099
3 7098 7082 7077
3 7060 7038 7056
3 7062 7063 7083
3 7106 7107 7127
3 7080 7100 7079
3 7080 7101 7100
3 7082 7081 7061
3 7060 7082 7061
3 7098 7103 7082
3 7103 7122 7102
3 7121 7142 7141
3 7102 7122 7121
3 7081 7102 7101
3 7097 7082 7103
3 7102 7097 7103
3 7102 7081 7097
3 7122 7143 7142
3 7101 7102 7121
3 7123 7143 7122
3 7054 7074 7053
3 7055 7054 7034
3 7075 7074 7054
3 7076 7075 7055
3 7094 7074 7075
3 7058 7079 7057
3 7058 7080 7079
3 7036 7058 7057
3 7036 7037 7058
3 7081 7101 7080
3 7053 7074 7073
3 7052 7053 7073
3 7033 7011 7034
3 7032 7033 7053
3 7010 7011 7033
3 7192 7188 7174
3 7068 7067 7087
3 7113 7093 7094
3 7111 7092 7112
3 7132 7111 7112
3 7110 7105 7090
3 7126 7110 7130
3 7089 7069 7072
3 7111 7089 7092
3 7090 7070 7089
3 7110 7090 7111
3 7084 7070 7090
3 7071 7052 7073
3 7092 7072 7091
3 7027 7028 7005
3 6984 7007 7004
3 7048 7049 7028
3 7030 7048 7027
3 7051 7069 7048
3 7091 7072 7071
3 7069 7049 7048
3 7111 7090 7089
3 7105 7084 7090
3 7108 7087 7105
3 7126 7108 7105
3 7128 7109 7108
3 7088 7107 7086
3 7070 7049 7069
3 6933 6957 6934
3 6912 6933 6910
3 6886 6888 6910
3 6911 6935 6912
3 6936 6957 6933
3 6913 6937 6935
3 6911 6913 6935
3 6889 6890 6913
3 6959 6957 6936
3 6958 6983 6959
3 6935 6958 6936
3 6912 6935 6936
3 6911 6889 6913
3 6960 6938 6961
3 6984 6980 6959
3 6983 6984 6959
3 7008 7006 6985
3 7008 7031 7029
3 7004 6982 6980
3 7030 7029 7050
3 7048 7030 7051
3 7007 7029 7030
3 7004 7007 7027
3 7030 7050 7051
3 7006 7029 7007
3 7006 7008 7029
3 7000 7022 7021
3 6976 6999 6977
3 7005 7022 6999
3 7004 7005 6982
3 7028 7022 7005
3 7051 7072 7069
3 6984 7006 7007
3 7050 7071 7051
3 7027 7007 7030
3 7031 7052 7050
3 7029 7031 7050
3 7008 6986 7009
3 6979 7003 6978
3 6953 6977 6954
3 6930 6953 6954
3 6951 6930 6954
3 6927 6931 6930
3 6955 6932 6956
3 6953 6955 6976
3 6931 6932 6955
3 6977 7000 6979
3 7043 7022 7028
3 7047 7067 7068
3 7021 7025 7026
3 7064 7084 7067
3 7043 7064 7046
3 7043 7049 7064
3 7136 7139 7133
3 7116 7136 7115
3 7096 7116 7095
3 7096 7117 7116
3 7137 7117 7138
3 7024 7023 7045
3 7019 7020 7042
3 7002 7001 7023
3 7020 7002 7024
3 7020 6998 7002
3 6954 6979 6978
3 6951 6954 6974
3 6952 6951 6974
3 6930 6931 6953
3 6928 6927 6951
3 6928 6903 6927
3 6981 6982 7005
3 6999 6981 7005
3 6976 6982 6981
3 6953 6976 6977
3 6953 6931 6955
3 6956 6932 6934
3 6982 6956 6957
3 6982 6976 6955
3 7027 7005 7004
3 6977 6979 6954
3 6981 6999 6976
3 7000 7021 7003
3 6999 7000 6977
3 6999 7022 7000
3 7018 7038 7015
3 7085 7086 7107
3 7118 7099 7104
3 7045 7066 7065
3 6998 6978 7001
3 7019 6997 7020
3 7041 7019 7042
3 7018 6994 6996
3 6975 6974 6998
3 6998 6974 6978
3 6964 6975 6973
3 6950 6964 6973
3 6950 6941 6964
3 6952 6974 6975
3 6964 6941 6952
3 6929 6928 6952
3 6951 6927 6930
3 7066 7047 7068
3 7065 7066 7086
3 7045 7044 7066
3 7023 7044 7045
3 7023 7003 7026
3 7070 7069 7089
3 7064 7070 7084
3 7064 7049 7070
3 7028 7049 7043
3 7028 7027 7048
3 7156 7139 7160
3 7179 7175 7160
3 7155 7135 7133
3 7173 7155 7156
3 7175 7173 7156
3 7173 7154 7153
3 7154 7130 7132
3 7153 7154 7132
3 7172 7171 7154
3 7152 7154 7171
3 7152 7131 7154
3 7168 7152 7171
3 7168 7148 7152
3 7148 7130 7131
3 7155 7133 7139
3 7156 7155 7139
3 7134 7112 7135
3 7155 7134 7135
3 7153 7132 7134
3 7110 7132 7130
3 7112 7114 7135
3 7110 7111 7132
3 7092 7114 7112
3 7114 7093 7113
3 7155 7153 7134
3 7092 7091 7114
3 7095 7075 7076
3 7115 7095 7116
3 7115 7094 7095
3 7113 7094 7115
3 7135 7113 7133
3 7135 7114 7113
3 7093 7074 7094
3 7164 7144 7147
3 7185 7164 7181
3 7165 7144 7164
3 7148 7131 7152
3 7105 7110 7126
3 7128 7108 7126
3 7087 7084 7105
3 7153 7155 7173
3 7172 7154 7173
3 7132 7112 7134
3 7115 7136 7133
3 7113 7115 7133
3 7094 7075 7095
3 7158 7138 7159
3 7195 7176 7177
3 7137 7116 7117
3 7176 7157 7158
3 7136 7116 7137
3 7162 7143 7163
3 7181 7164 7167
3 7206 7200 7187
3 7185 7165 7164
3 7171 7174 7168
3 7278 7280 7284
3 7278 7263 7280
3 7276 7277 7294
3 7276 7260 7277
3 7260 7247 7263
3 7280 7263 7262
3 7259 7260 7276
3 7258 7259 7276
3 7243 7244 7259
3 7247 7246 7262
3 7244 7247 7260
3 7230 7246 7247
3 7229 7212 7230
3 7228 7246 7230
3 7228 7245 7246
3 7292 7274 7287
3 7255 7256 7272
3 7255 7238 7239
3 7242 7243 7258
3 7219 7206 7225
3 7224 7219 7236
3 7200 7181 7187
3 7205 7200 7219
3 7205 7185 7200
3 7226 7244 7243
3 7206 7207 7225
3 7208 7192 7212
3 7275 7288 7287
3 7276 7275 7258
3 7276 7294 7293
3 6921 6945 6920
3 6899 6921 6897
3 6946 6945 6921
3 6948 6946 6923
3 6948 6969 6946
3 6947 6948 6923
3 6971 6969 6948
3 6949 6972 6970
3 7014 7016 7037
3 6971 6993 6969
3 6995 7015 7017
3 7059 7080 7058
3 7061 7081 7059
3 7075 7054 7055
3 7073 7074 7093
3 7091 7073 7093
3 7032 7010 7033
3 7052 7032 7053
3 7052 7031 7032
3 7053 7033 7054
3 7033 7034 7054
3 7013 7014 7036
3 6987 6988 7010
3 7035 7012 7013
3 7091 7093 7114
3 7089 7072 7092
3 7071 7073 7091
3 7050 7052 7071
3 6914 6891 6915
3 6960 6983 6958
3 6938 6960 6937
3 6985 6983 6960
3 6890 6863 6864
3 6937 6913 6914
3 6938 6937 6914
3 6958 6935 6937
3 6889 6863 6890
3 6914 6913 6890
3 6889 6887 6862
3 6962 6939 6940
3 6963 6962 6940
3 6987 6986 6962
3 7010 6988 7011
3 7010 7009 6987
3 6987 6963 6988
3 7009 7031 7008
3 6987 7009 6986
3 7032 7031 7009
3 6986 6961 6962
3 7010 7032 7009
3 6915 6891 6892
3 6916 6915 6892
3 6958 6937 6960
3 6915 6938 6914
3 6961 6985 6960
3 7008 6985 6986
3 6983 7006 6984
3 6936 6958 6959
3 6985 7006 6983
3 6986 6985 6961
3 7051 7071 7072
3 6966 6989 6965
3 6939 6962 6961
3 6943 6965 6942
3 6919 6943 6918
3 6990 7013 7012
3 6945 6968 6967
3 6993 6971 6995
3 6968 6969 6992
3 6967 6968 6991
3 6990 6967 6991
3 6966 6943 6944
3 6945 6946 6968
3 6968 6946 6969
3 6947 6970 6948
3 6966 6965 6943
3 6944 6967 6966
3 6919 6944 6943
3 6945 6967 6944
3 6990 6989 6966
3 6891 6865 6892
3 6939 6961 6938
3 6916 6939 6915
3 6916 6940 6939
3 6886 6910 6885
3 6858 6886 6885
3 6859 6834 6861
3 6810 6835 6809
3 6888 6912 6910
3 6887 6888 6861
3 6887 6911 6888
3 6864 6891 6890
3 6936 6933 6912
3 6962 6963 6987
3 6660 6634 6662
3 6666 6661 6690
3 6631 6634 6660
3 6601 6631 6632
3 6603 6634 6631
3 6549 6519 6550
3 6574 6549 6581
3 6574 6542 6549
3 6720 6718 6748
3 6722 6720 6749
3 6694 6718 6720
3 6638 6632 6661
3 6689 6659 6688
3 6718 6689 6691
3 6662 6659 6689
3 6640 6668 6659
3 6610 6640 6611
3 6610 6609 6639
3 6687 6697 6717
3 6688 6687 6717
3 6668 6697 6687
3 6522 6490 6489
3 6488 6521 6489
3 6552 6523 6522
3 6582 6552 6551
3 6585 6612 6582
3 6584 6585 6556
3 6615 6612 6585
3 6583 6580 6553
3 6519 6520 6550
3 6456 6487 6477
3 6456 6490 6487
3 6639 6613 6642
3 6580 6609 6610
3 6583 6613 6609
3 6554 6583 6553
3 6552 6554 6553
3 6582 6583 6554
3 6582 6612 6583
3 6550 6581 6549
3 6801 6775 6800
3 6752 6776 6778
3 6800 6774 6799
3 6801 6800 6827
3 6775 6774 6800
3 6748 6775 6776
3 6748 6719 6747
3 6722 6694 6720
3 6747 6719 6746
3 6718 6719 6748
3 6749 6720 6748
3 6690 6662 6689
3 6746 6745 6773
3 6747 6746 6773
3 6716 6717 6746
3 6718 6691 6719
3 6688 6668 6687
3 6717 6745 6746
3 6698 6725 6697
3 6754 6755 6781
3 6725 6726 6753
3 6726 6727 6754
3 6786 6785 6760
3 6862 6860 6835
3 6836 6862 6835
3 6889 6911 6887
3 6809 6785 6810
3 6808 6831 6804
3 6807 6808 6783
3 6834 6831 6808
3 6860 6834 6833
3 6859 6831 6834
3 6782 6783 6757
3 6878 6856 6883
3 6879 6852 6880
3 6849 6856 6877
3 6788 6813 6795
3 6769 6788 6795
3 6797 6771 6777
3 6821 6797 6822
3 6847 6848 6822
3 6821 6813 6796
3 6796 6771 6797
3 6903 6883 6907
3 6905 6903 6928
3 6903 6880 6877
3 6929 6905 6928
3 6929 6904 6905
3 6877 6852 6849
3 6904 6879 6880
3 6854 6855 6827
3 6856 6857 6884
3 6878 6877 6856
3 6903 6878 6883
3 6903 6877 6878
3 6907 6927 6903
3 6909 6907 6883
3 6931 6927 6907
3 6905 6880 6903
3 6849 6857 6856
3 6922 6924 6947
3 6822 6802 6829
3 6848 6866 6839
3 6822 6848 6821
3 6875 6876 6848
3 6813 6820 6795
3 6796 6813 6788
3 6839 6820 6813
3 6847 6875 6848
3 6846 6820 6839
3 6924 6950 6949
3 6900 6924 6922
3 6925 6950 6924
3 6902 6925 6924
3 6902 6926 6925
3 6876 6902 6900
3 6901 6926 6902
3 6919 6918 6895
3 6896 6919 6895
3 6920 6944 6919
3 6865 6891 6864
3 6918 6942 6917
3 6893 6894 6917
3 6998 6997 6975
3 6997 7019 6996
3 6973 6997 6996
3 7020 7024 7042
3 6998 7020 6997
3 6998 7001 7002
3 7065 7063 7045
3 7041 7018 7019
3 7015 6995 7018
3 7039 7015 7038
3 7041 7056 7038
3 7040 7016 7017
3 6995 6971 6994
3 6970 6971 6948
3 6949 6970 6947
3 6994 6971 6970
3 6972 6994 6970
3 6975 6997 6973
3 7019 7018 6996
3 7018 6995 6994
3 7039 7017 7015
3 7017 6993 6995
3 7040 7017 7039
3 7016 6993 7017
3 6991 6992 7014
3 6991 6968 6992
3 6922 6923 6898
3 7014 7037 7036
3 6990 6991 7013
3 7016 7040 7037
3 6992 7016 7014
3 6992 6993 7016
3 6991 7014 7013
3 6966 6967 6990
3 6969 6993 6992
3 7061 7059 7040
3 7036 7035 7013
3 7059 7058 7037
3 7040 7059 7037
3 7081 7080 7059
3 7057 7035 7036
3 7012 6989 6990
3 6881 6901 6874
3 6879 6904 6882
3 6929 6926 6906
3 6898 6873 6876
3 6922 6898 6900
3 6899 6873 6898
3 6770 6771 6796
3 6872 6846 6873
3 6872 6845 6846
3 6816 6841 6815
3 6817 6816 6792
3 6793 6817 6792
3 6818 6844 6843
3 6843 6844 6870
3 6817 6843 6842
3 6817 6818 6843
3 6874 6875 6847
3 6838 6865 6864
3 6943 6942 6918
3 6864 6837 6838
3 6915 6939 6938
3 6811 6836 6810
3 6787 6811 6786
3 6837 6836 6811
3 6837 6863 6836
3 6838 6837 6812
3 6864 6863 6837
3 6868 6893 6867
3 6786 6810 6785
3 6787 6786 6761
3 6787 6812 6811
3 6841 6867 6840
3 6844 6845 6871
3 6894 6893 6868
3 6760 6733 6761
3 6786 6760 6761
3 6785 6759 6760
3 6811 6810 6786
3 6812 6837 6811
3 6863 6889 6862
3 6891 6914 6890
3 6835 6860 6833
3 6836 6835 6810
3 6836 6863 6862
3 6934 6910 6933
3 6956 6934 6957
3 6980 6982 6957
3 6959 6980 6957
3 6984 7004 6980
3 6909 6883 6884
3 6931 6909 6932
3 6931 6907 6909
3 6908 6909 6884
3 6955 6956 6982
3 6803 6828 6829
3 6802 6803 6829
3 6778 6801 6803
3 6799 6826 6800
3 6850 6851 6879
3 6854 6850 6879
3 6826 6851 6850
3 6824 6825 6851
3 6823 6805 6832
3 6849 6823 6830
3 6825 6805 6823
3 6852 6879 6851
3 6849 6852 6851
3 6877 6880 6852
3 6798 6780 6805
3 6799 6798 6824
3 6746 6719 6716
3 6775 6747 6774
3 6775 6748 6747
3 6745 6772 6773
3 6726 6725 6698
3 6727 6726 6698
3 6754 6753 6726
3 6780 6753 6779
3 6745 6725 6753
3 6908 6934 6909
3 6910 6908 6885
3 6910 6934 6908
3 6904 6929 6906
3 6882 6904 6906
3 6880 6905 6904
3 7024 7045 7042
3 7002 7023 7024
3 7003 7001 6978
3 7003 7023 7001
3 7021 7022 7043
3 7003 7021 7026
3 7003 6979 7000
3 6974 6954 6978
3 7047 7046 7067
3 7086 7066 7068
3 7044 7026 7047
3 7023 7026 7044
3 7025 7043 7046
3 7026 7025 7046
3 7021 7043 7025
3 6875 6874 6901
3 6848 6839 6821
3 6873 6866 6876
3 6846 6839 6866
3 6847 6853 6874
3 6876 6866 6848
3 6822 6829 6847
3 6876 6875 6902
3 6902 6875 6901
3 6898 6876 6900
3 6873 6846 6866
3 6881 6882 6906
3 6901 6881 6906
3 6853 6855 6881
3 6855 6853 6829
3 6855 6882 6881
3 6964 6952 6975
3 6926 6941 6950
3 6925 6926 6950
3 6901 6906 6926
3 6929 6952 6941
3 6951 6952 6928
3 6922 6947 6923
3 6899 6898 6923
3 6900 6902 6924
3 6929 6941 6926
3 6949 6947 6924
3 6973 6949 6950
3 6972 6996 6994
3 6973 6972 6949
3 6973 6996 6972
3 6781 6783 6804
3 6756 6757 6729
3 6756 6782 6757
3 6700 6702 6728
3 6805 6806 6832
3 6729 6757 6755
3 6782 6807 6783
3 6730 6758 6756
3 6807 6833 6834
3 6756 6758 6782
3 6887 6860 6862
3 6912 6888 6911
3 6861 6860 6887
3 6859 6861 6886
3 6834 6860 6861
3 6809 6833 6807
3 6809 6835 6833
3 6772 6798 6773
3 6753 6772 6745
3 6780 6798 6772
3 6753 6780 6772
3 6757 6781 6755
3 6806 6831 6832
3 6781 6804 6806
3 6754 6781 6779
3 6757 6783 6781
3 6783 6808 6804
3 6805 6825 6798
3 6779 6806 6780
3 6832 6830 6823
3 6784 6759 6785
3 6807 6784 6809
3 6807 6782 6784
3 6729 6728 6756
3 6727 6729 6755
3 6701 6728 6729
3 6673 6645 6646
3 6674 6673 6646
3 6702 6700 6673
3 6854 6879 6882
3 6855 6854 6882
3 6826 6824 6851
3 6827 6826 6854
3 6827 6800 6826
3 6854 6826 6850
3 6799 6824 6826
3 6773 6799 6774
3 6773 6798 6799
3 6798 6825 6824
3 6825 6849 6851
3 6823 6849 6825
3 6858 6830 6832
3 6857 6849 6830
3 6859 6858 6832
3 6885 6884 6857
3 6909 6934 6932
3 6856 6884 6883
3 6885 6908 6884
3 6747 6773 6774
3 6858 6885 6857
3 6830 6858 6857
3 6859 6886 6858
3 6831 6859 6832
3 6806 6779 6781
3 6831 6806 6804
3 6805 6780 6806
3 6808 6807 6834
3 6861 6888 6886
3 6815 6840 6814
3 6732 6705 6733
3 6759 6732 6760
3 6759 6758 6731
3 6841 6840 6815
3 6791 6816 6815
3 6868 6867 6841
3 6662 6690 6660
3 6633 6662 6634
3 6691 6716 6719
3 6690 6689 6718
3 6689 6688 6691
3 6801 6778 6776
3 6775 6801 6776
3 6828 6855 6829
3 6827 6828 6801
3 6827 6855 6828
3 6770 6762 6743
3 6801 6828 6803
3 6796 6797 6821
3 6839 6813 6821
3 6788 6770 6796
3 6847 6829 6853
3 6797 6802 6822
3 6743 6744 6770
3 6751 6722 6724
3 6778 6803 6802
3 6797 6777 6802
3 6749 6748 6776
3 6874 6853 6881
3 6765 6766 6791
3 6790 6765 6791
3 6764 6737 6765
3 6791 6815 6790
3 6793 6794 6818
3 6767 6793 6792
3 6767 6768 6793
3 6738 6739 6766
3 6740 6711 6712
3 6842 6869 6868
3 6816 6842 6841
3 6816 6817 6842
3 6793 6818 6817
3 6819 6845 6844
3 6814 6789 6790
3 6715 6743 6714
3 6658 6657 6685
3 6721 6723 6750
3 6695 6723 6721
3 6696 6695 6665
3 6696 6723 6695
3 6694 6722 6696
3 6690 6694 6666
3 6690 6718 6694
3 6752 6778 6777
3 6750 6751 6777
3 6749 6776 6752
3 6777 6778 6802
3 6744 6750 6771
3 6724 6749 6752
3 6751 6724 6752
3 6722 6749 6724
3 6736 6764 6763
3 6733 6760 6732
3 6702 6703 6730
3 6588 6618 6617
3 6675 6676 6704
3 6651 6623 6624
3 6679 6651 6652
3 6679 6678 6651
3 6587 6617 6616
3 6614 6586 6616
3 6526 6494 6527
3 6619 6648 6647
3 6701 6699 6672
3 6727 6699 6701
3 6729 6727 6701
3 6755 6754 6727
3 6672 6644 6671
3 6670 6669 6699
3 6642 6613 6641
3 6669 6642 6641
3 6670 6667 6642
3 6639 6609 6613
3 6640 6639 6667
3 6640 6610 6639
3 6634 6602 6611
3 6441 6456 6477
3 6423 6441 6411
3 6455 6456 6441
3 6422 6454 6423
3 6489 6456 6455
3 6491 6524 6521
3 6490 6456 6489
3 6523 6550 6520
3 6582 6554 6552
3 6580 6550 6553
3 6508 6511 6540
3 6477 6510 6478
3 6487 6520 6510
3 6552 6553 6523
3 6581 6610 6602
3 6643 6615 6614
3 6669 6644 6672
3 6641 6615 6644
3 6670 6642 6669
3 6612 6615 6641
3 6583 6612 6613
3 6582 6556 6585
3 6649 6621 6622
3 6647 6618 6619
3 6730 6756 6728
3 6675 6704 6703
3 6674 6675 6703
3 6648 6676 6675
3 6758 6784 6782
3 6703 6731 6730
3 6759 6784 6758
3 6731 6732 6759
3 6731 6704 6732
3 6730 6731 6758
3 6703 6704 6731
3 6674 6646 6647
3 6702 6674 6703
3 6702 6673 6674
3 6728 6702 6730
3 6700 6671 6673
3 6647 6648 6675
3 6676 6705 6704
3 6785 6809 6784
3 6894 6918 6917
3 6869 6894 6868
3 6895 6918 6894
3 6869 6895 6894
3 6841 6842 6868
3 6871 6897 6896
3 6844 6871 6870
3 6869 6842 6843
3 6818 6819 6844
3 6845 6872 6871
3 6920 6945 6944
3 6896 6920 6919
3 6896 6897 6920
3 6869 6870 6895
3 6897 6921 6920
3 6899 6897 6872
3 6873 6899 6872
3 6923 6921 6899
3 6923 6946 6921
3 6736 6708 6737
3 6678 6707 6706
3 6678 6679 6707
3 6769 6741 6742
3 6793 6768 6794
3 6767 6739 6740
3 6736 6735 6707
3 6708 6736 6707
3 6764 6790 6789
3 6737 6764 6736
3 6737 6738 6765
3 6559 6560 6588
3 6644 6669 6641
3 6700 6672 6671
3 6699 6669 6672
3 6527 6494 6495
3 6528 6527 6495
3 6559 6587 6558
3 6672 6700 6701
3 6643 6671 6644
3 6615 6643 6644
3 6614 6616 6643
3 6645 6673 6671
3 6617 6645 6616
3 6674 6647 6675
3 6617 6646 6645
3 6617 6618 6646
3 6588 6617 6587
3 6559 6588 6587
3 6558 6527 6559
3 6586 6558 6587
3 6526 6527 6558
3 6528 6560 6559
3 6560 6589 6588
3 6618 6589 6619
3 6646 6618 6647
3 6588 6589 6618
3 6424 6391 6392
3 6425 6424 6392
3 6457 6454 6424
3 6712 6741 6740
3 6586 6587 6616
3 6584 6586 6614
3 6557 6558 6586
3 6417 6382 6414
3 6383 6348 6347
3 6279 6240 6278
3 6312 6346 6313
3 6311 6344 6346
3 6312 6311 6346
3 6312 6276 6311
3 6203 6199 6169
3 6242 6203 6204
3 6237 6236 6203
3 6278 6277 6312
3 6203 6169 6204
3 6240 6238 6277
3 6131 6167 6130
3 6216 6179 6214
3 6055 6092 6054
3 6128 6093 6089
3 6130 6092 6093
3 6131 6168 6167
3 6128 6131 6093
3 6166 6168 6131
3 6167 6143 6129
3 6244 6230 6269
3 6244 6282 6280
3 6280 6241 6243
3 6200 6201 6168
3 6165 6200 6166
3 6238 6239 6200
3 6200 6239 6201
3 6236 6238 6199
3 6240 6239 6238
3 6278 6240 6277
3 6278 6314 6279
3 6254 6214 6239
3 6205 6191 6206
3 6241 6205 6243
3 6171 6134 6135
3 6170 6202 6204
3 6171 6135 6155
3 6202 6171 6205
3 6202 6170 6171
3 6156 6161 6193
3 6153 6119 6156
3 6190 6153 6157
3 6117 6119 6153
3 6083 6121 6122
3 6344 6379 6346
3 6309 6344 6311
3 6277 6237 6276
3 6244 6243 6230
3 6306 6282 6269
3 6280 6243 6244
3 6273 6242 6280
3 6309 6273 6281
3 6276 6312 6277
3 6309 6276 6273
3 6309 6311 6276
3 6241 6202 6205
3 6242 6241 6280
3 6242 6204 6241
3 6388 6419 6421
3 6412 6388 6421
3 6385 6419 6388
3 6377 6385 6388
3 6378 6377 6412
3 6344 6349 6377
3 6349 6350 6385
3 6419 6450 6421
3 6315 6344 6309
3 6386 6385 6350
3 6385 6377 6349
3 6387 6420 6419
3 6386 6387 6419
3 6385 6386 6419
3 6350 6351 6386
3 6351 6341 6373
3 6386 6351 6387
3 6349 6315 6316
3 6317 6351 6350
3 6315 6309 6281
3 6316 6315 6281
3 6349 6344 6315
3 6306 6303 6338
3 6265 6269 6230
3 6266 6265 6230
3 6303 6269 6265
3 6306 6338 6341
3 6317 6306 6341
3 6269 6303 6306
3 6438 6439 6473
3 6701 6700 6728
3 6698 6699 6727
3 6698 6670 6699
3 6779 6753 6754
3 6640 6659 6633
3 6667 6668 6640
3 6642 6667 6639
3 6670 6697 6667
3 6717 6725 6745
3 6688 6717 6716
3 6691 6688 6716
3 6659 6668 6688
3 6697 6725 6717
3 6609 6580 6583
3 6493 6492 6459
3 6558 6557 6526
3 6555 6524 6525
3 6664 6665 6693
3 6605 6607 6636
3 6638 6665 6637
3 6608 6632 6638
3 6579 6601 6608
3 6548 6579 6578
3 6548 6571 6579
3 6547 6548 6578
3 6546 6547 6578
3 6517 6516 6547
3 6539 6571 6548
3 6571 6541 6573
3 6666 6665 6638
3 6705 6732 6704
3 6795 6820 6819
3 6713 6714 6742
3 6714 6686 6715
3 6742 6714 6743
3 6713 6686 6714
3 6741 6713 6742
3 6684 6686 6713
3 6620 6629 6630
3 6599 6620 6630
3 6599 6598 6620
3 6606 6604 6576
3 6658 6630 6657
3 6604 6575 6576
3 6629 6604 6635
3 6598 6575 6604
3 6620 6598 6629
3 6599 6570 6598
3 6696 6666 6694
3 6723 6696 6722
3 6665 6666 6696
3 6721 6693 6695
3 6734 6744 6715
3 6721 6734 6715
3 6750 6744 6734
3 6751 6750 6723
3 6722 6751 6723
3 6752 6777 6751
3 6777 6771 6750
3 6692 6685 6663
3 6608 6607 6579
3 6632 6608 6601
3 6607 6605 6578
3 6637 6607 6608
3 6637 6636 6607
3 6739 6738 6710
3 6711 6739 6710
3 6767 6766 6739
3 6768 6769 6794
3 6770 6788 6762
3 6767 6792 6766
3 6819 6794 6795
3 6819 6818 6794
3 6846 6819 6820
3 6870 6871 6896
3 6895 6870 6896
3 6870 6869 6843
3 6846 6845 6819
3 6872 6897 6871
3 6764 6789 6763
3 6765 6790 6764
3 6792 6791 6766
3 6792 6816 6791
3 6815 6814 6790
3 6622 6621 6591
3 6592 6622 6591
3 6650 6651 6678
3 6460 6427 6428
3 6461 6460 6428
3 6460 6493 6459
3 6494 6526 6493
3 6495 6494 6461
3 6527 6528 6559
3 6551 6556 6582
3 6522 6551 6552
3 6524 6555 6551
3 6557 6584 6555
3 6526 6557 6525
3 6586 6584 6557
3 6614 6615 6585
3 6562 6590 6561
3 6655 6654 6627
3 6712 6683 6684
3 6711 6682 6683
3 6681 6653 6654
3 6710 6681 6682
3 6680 6653 6681
3 6594 6624 6593
3 6621 6590 6591
3 6494 6460 6461
3 6425 6393 6426
3 6491 6457 6458
3 6392 6393 6425
3 6395 6428 6427
3 6394 6427 6426
3 6393 6394 6426
3 6357 6358 6394
3 6577 6578 6605
3 6575 6543 6545
3 6518 6516 6486
3 6515 6517 6546
3 6545 6543 6515
3 6576 6545 6546
3 6576 6575 6545
3 6513 6479 6485
3 6543 6513 6515
3 6512 6480 6513
3 6485 6516 6517
3 6514 6544 6537
3 6482 6514 6481
3 6482 6480 6512
3 6577 6546 6578
3 6606 6577 6605
3 6576 6546 6577
3 6636 6606 6605
3 6575 6544 6543
3 6373 6387 6351
3 6407 6406 6371
3 6408 6420 6387
3 6406 6408 6373
3 6440 6420 6408
3 6516 6484 6483
3 6518 6547 6516
3 6485 6484 6516
3 6543 6512 6513
3 6546 6545 6515
3 6544 6514 6543
3 6444 6479 6445
3 6445 6480 6447
3 6412 6444 6413
3 6479 6480 6445
3 6485 6479 6453
3 6485 6515 6513
3 6482 6449 6447
3 6517 6547 6546
3 6483 6486 6516
3 6452 6483 6484
3 6450 6420 6451
3 6518 6548 6547
3 6506 6518 6486
3 6539 6548 6518
3 6509 6475 6507
3 6539 6509 6541
3 6476 6475 6509
3 6483 6476 6486
3 6451 6475 6476
3 6483 6451 6476
3 6508 6474 6478
3 6511 6508 6510
3 6542 6511 6510
3 6542 6540 6511
3 6507 6474 6508
3 6439 6474 6473
3 6439 6409 6442
3 6661 6660 6690
3 6638 6661 6666
3 6632 6660 6661
3 6637 6608 6638
3 6633 6611 6640
3 6662 6633 6659
3 6634 6611 6633
3 6632 6631 6660
3 6603 6602 6634
3 6600 6573 6603
3 6601 6600 6631
3 6571 6539 6541
3 6601 6571 6600
3 6601 6579 6571
3 6602 6610 6611
3 6572 6574 6603
3 6549 6542 6519
3 6603 6573 6572
3 6664 6636 6637
3 6692 6664 6693
3 6663 6636 6664
3 6721 6692 6693
3 6657 6629 6635
3 6535 6566 6534
3 6707 6679 6708
3 6677 6678 6706
3 6677 6649 6650
3 6680 6652 6653
3 6655 6627 6628
3 6656 6655 6628
3 6683 6682 6655
3 6682 6654 6655
3 6710 6682 6711
3 6710 6709 6681
3 6653 6625 6626
3 6713 6712 6684
3 6762 6742 6743
3 6769 6795 6794
3 6741 6769 6768
3 6762 6788 6769
3 6650 6623 6651
3 6677 6650 6678
3 6622 6623 6650
3 6593 6623 6592
3 6564 6533 6565
3 6564 6532 6533
3 6593 6564 6565
3 6563 6532 6564
3 6591 6563 6592
3 6531 6498 6499
3 6562 6531 6563
3 6530 6529 6497
3 6562 6530 6531
3 6562 6561 6530
3 6499 6500 6532
3 6625 6653 6652
3 6594 6595 6625
3 6565 6594 6593
3 6565 6566 6594
3 6595 6567 6596
3 6765 6738 6766
3 6735 6736 6763
3 6708 6709 6737
3 6706 6707 6735
3 6679 6680 6708
3 6709 6680 6681
3 6737 6709 6738
3 6708 6680 6709
3 6649 6622 6650
3 6652 6680 6679
3 6624 6625 6652
3 6651 6624 6652
3 6623 6593 6624
3 6626 6596 6627
3 6654 6626 6627
3 6595 6566 6567
3 6625 6595 6626
3 6625 6624 6594
3 6710 6738 6709
3 6530 6561 6529
3 6395 6427 6394
3 6464 6497 6496
3 6431 6432 6465
3 6591 6590 6562
3 6563 6591 6562
3 6592 6623 6622
3 6395 6394 6358
3 6323 6356 6322
3 6289 6323 6288
3 6357 6356 6323
3 6358 6357 6324
3 6393 6356 6357
3 6426 6458 6425
3 6357 6394 6393
3 6459 6458 6426
3 6460 6459 6427
3 6492 6458 6459
3 6392 6356 6393
3 6457 6424 6425
3 6458 6457 6425
3 6491 6488 6457
3 6391 6355 6392
3 6250 6211 6212
3 6288 6250 6251
3 6289 6288 6251
3 6322 6355 6321
3 6286 6320 6285
3 6287 6286 6249
3 6321 6355 6354
3 6287 6321 6286
3 6287 6322 6321
3 6392 6355 6356
3 6354 6389 6352
3 6286 6321 6320
3 6391 6389 6354
3 6464 6465 6497
3 6357 6323 6324
3 6464 6496 6463
3 6429 6430 6463
3 6530 6498 6531
3 6530 6497 6498
3 6502 6534 6501
3 6471 6503 6470
3 6535 6534 6502
3 6503 6535 6502
3 6567 6566 6535
3 6467 6468 6500
3 6416 6404 6380
3 6437 6405 6404
3 6446 6437 6415
3 6436 6405 6437
3 6469 6436 6470
3 6435 6403 6436
3 6468 6435 6469
3 6434 6401 6402
3 6300 6334 6333
3 6436 6403 6405
3 6334 6365 6333
3 6336 6368 6367
3 6401 6433 6400
3 6324 6323 6289
3 6397 6398 6430
3 6429 6397 6430
3 6396 6361 6362
3 6322 6356 6355
3 6288 6322 6287
3 6288 6323 6322
3 6342 6375 6372
3 6340 6342 6372
3 6307 6272 6308
3 6422 6390 6389
3 6410 6409 6374
3 6390 6411 6376
3 6442 6478 6474
3 6443 6442 6409
3 6443 6478 6442
3 6251 6250 6212
3 6397 6429 6396
3 6431 6430 6398
3 6464 6463 6430
3 6285 6320 6318
3 6462 6434 6468
3 6467 6462 6468
3 6467 6433 6462
3 6466 6432 6433
3 6499 6466 6467
3 6465 6432 6466
3 6498 6465 6466
3 6532 6531 6499
3 6497 6465 6498
3 6532 6563 6531
3 6529 6496 6497
3 6464 6430 6431
3 6400 6365 6366
3 6432 6400 6433
3 6399 6365 6400
3 6362 6330 6331
3 6397 6362 6363
3 6361 6330 6362
3 6262 6223 6224
3 6299 6262 6263
3 6298 6331 6297
3 6261 6298 6297
3 6299 6333 6332
3 6177 6211 6176
3 6176 6211 6210
3 6175 6176 6210
3 6141 6177 6176
3 6362 6397 6396
3 6329 6330 6361
3 6431 6465 6464
3 6399 6431 6398
3 6466 6433 6467
3 6399 6432 6431
3 6399 6400 6432
3 6206 6230 6243
3 6227 6206 6191
3 6227 6230 6206
3 6192 6226 6227
3 6196 6229 6193
3 6267 6303 6266
3 6229 6268 6228
3 6268 6304 6267
3 6303 6265 6266
3 6233 6232 6271
3 6161 6196 6193
3 6157 6156 6193
3 6160 6195 6161
3 6195 6232 6196
3 6341 6351 6317
3 6282 6306 6317
3 6408 6406 6438
3 6370 6372 6407
3 6371 6370 6407
3 6339 6372 6370
3 6338 6339 6371
3 6304 6305 6339
3 6266 6228 6267
3 6270 6307 6305
3 6420 6440 6451
3 6408 6438 6440
3 6371 6406 6373
3 6407 6438 6406
3 6407 6439 6438
3 6231 6194 6207
3 6245 6231 6207
3 6271 6232 6231
3 6231 6232 6194
3 6272 6271 6246
3 6272 6307 6271
3 6342 6340 6307
3 6233 6196 6232
3 6305 6268 6270
3 6229 6196 6233
3 6270 6268 6233
3 6228 6193 6229
3 6195 6194 6232
3 6208 6174 6209
3 6172 6159 6136
3 6138 6174 6173
3 6439 6442 6474
3 6407 6409 6439
3 6374 6375 6410
3 6304 6303 6267
3 6340 6339 6305
3 6307 6340 6305
3 6372 6339 6340
3 6338 6303 6304
3 6339 6338 6304
3 6371 6341 6338
3 6353 6389 6390
3 6354 6355 6391
3 6318 6320 6352
3 6249 6211 6250
3 6285 6248 6286
3 6209 6247 6208
3 6139 6175 6174
3 6248 6247 6209
3 6286 6248 6249
3 6285 6247 6248
3 6287 6249 6250
3 6288 6287 6250
3 6321 6354 6320
3 6283 6245 6247
3 6284 6283 6318
3 6284 6246 6283
3 6141 6176 6140
3 6210 6248 6209
3 6174 6138 6139
3 6210 6249 6248
3 6175 6210 6209
3 6174 6175 6209
3 6139 6103 6140
3 6211 6249 6210
3 6318 6283 6285
3 6208 6173 6174
3 6285 6283 6247
3 6207 6173 6208
3 6138 6101 6102
3 6177 6212 6211
3 6454 6422 6424
3 6455 6454 6488
3 6455 6423 6454
3 6477 6443 6441
3 6390 6422 6423
3 6320 6354 6352
3 6455 6488 6489
3 6391 6422 6389
3 6391 6424 6422
3 6450 6483 6452
3 6388 6412 6377
3 6541 6540 6572
3 6353 6319 6352
3 6410 6375 6376
3 6284 6308 6272
3 6245 6283 6246
3 6319 6308 6284
3 6308 6342 6307
3 6246 6284 6272
3 6343 6342 6308
3 6343 6375 6342
3 6390 6376 6353
3 6390 6423 6411
3 6374 6372 6375
3 6307 6270 6271
3 6573 6541 6572
3 6631 6600 6603
3 6600 6571 6573
3 6509 6507 6540
3 6486 6476 6506
3 6451 6440 6475
3 6540 6542 6572
3 6506 6476 6509
3 6539 6506 6509
3 6539 6518 6506
3 6507 6508 6540
3 6541 6509 6540
3 6473 6474 6507
3 6551 6555 6556
3 6521 6488 6491
3 6522 6521 6551
3 6522 6489 6521
3 6491 6492 6524
3 6440 6438 6473
3 6475 6440 6473
3 6507 6475 6473
3 6483 6450 6451
3 6408 6387 6373
3 6419 6420 6450
3 6373 6341 6371
3 6296 6329 6295
3 6221 6222 6260
3 6363 6364 6398
3 6397 6363 6398
3 6331 6332 6363
3 6297 6260 6261
3 6330 6297 6331
3 6296 6260 6297
3 6329 6296 6330
3 6259 6260 6296
3 6332 6333 6364
3 6081 6121 6083
3 6080 6042 6045
3 6082 6060 6099
3 6121 6082 6120
3 6044 6060 6082
3 6043 6044 6081
3 6005 5980 6020
3 5980 6005 5963
3 5961 5919 5941
3 5981 6021 6020
3 5980 5981 6020
3 5942 5943 5981
3 6081 6082 6121
3 6005 6020 6044
3 6120 6159 6158
3 6121 6120 6160
3 6099 6061 6100
3 6082 6099 6120
3 6060 6061 6099
3 6158 6195 6160
3 6120 6158 6160
3 6159 6195 6158
3 6099 6136 6120
3 6062 6100 6061
3 6136 6159 6120
3 6101 6137 6100
3 6173 6207 6172
3 6194 6195 6159
3 6245 6246 6231
3 6208 6245 6207
3 6208 6247 6245
3 6372 6374 6407
3 6371 6339 6370
3 6318 6319 6284
3 6376 6343 6353
3 6376 6375 6343
3 6268 6229 6233
3 6304 6268 6305
3 6267 6228 6268
3 6319 6318 6352
3 6343 6319 6353
3 6343 6308 6319
3 6231 6246 6271
3 6353 6352 6389
3 6122 6156 6119
3 6160 6122 6121
3 6161 6156 6122
3 6270 6233 6271
3 6133 6134 6170
3 6056 6095 6094
3 6096 6098 6133
3 6018 6037 6057
3 6116 6097 6076
3 6153 6190 6154
3 6191 6205 6171
3 6190 6227 6191
3 6154 6190 6155
3 6157 6192 6190
3 6206 6243 6205
3 5900 5934 5896
3 5898 5900 5860
3 5854 5857 5860
3 5859 5899 5898
3 5940 5934 5900
3 5978 5977 5937
3 5934 5939 5972
3 6054 6053 6015
3 5855 5814 5816
3 6045 6006 6043
3 6079 6042 6080
3 6079 6040 6042
3 6042 6040 6006
3 6117 6079 6080
3 6041 6003 6040
3 6078 6041 6079
3 6078 6039 6041
3 6003 6001 6040
3 6064 6103 6102
3 6025 6064 6024
3 6025 6065 6064
3 6140 6175 6139
3 6104 6140 6103
3 6176 6175 6140
3 6141 6140 6104
3 6101 6062 6063
3 6173 6137 6138
3 6100 6062 6101
3 6102 6063 6064
3 6137 6172 6136
3 6138 6137 6101
3 6173 6172 6137
3 6023 6024 6063
3 6065 6104 6103
3 6259 6295 6258
3 6296 6297 6330
3 6221 6260 6259
3 6261 6262 6298
3 6222 6261 6260
3 6222 6223 6261
3 6296 6295 6259
3 5983 6022 5982
3 6063 6062 6023
3 6063 6102 6101
3 6220 6259 6258
3 6182 6183 6219
3 6221 6259 6220
3 6264 6263 6225
3 6234 6252 6213
3 6301 6300 6264
3 6335 6336 6367
3 6380 6369 6345
3 6380 6405 6369
3 6333 6299 6300
3 6114 6113 6075
3 6148 6147 6111
3 6222 6185 6186
3 6222 6221 6185
3 6075 6036 6046
3 6114 6075 6084
3 6151 6152 6123
3 6074 6112 6073
3 6152 6150 6114
3 6149 6112 6113
3 6113 6112 6074
3 6403 6369 6405
3 6337 6302 6310
3 6368 6337 6369
3 6336 6302 6337
3 6274 6234 6235
3 6294 6328 6310
3 6275 6294 6310
3 6290 6325 6291
3 6302 6290 6274
3 6302 6325 6290
3 6345 6337 6310
3 6336 6325 6302
3 6257 6256 6294
3 6235 6257 6275
3 6235 6198 6218
3 6234 6198 6235
3 6180 6144 6178
3 6279 6254 6239
3 6348 6326 6314
3 6255 6216 6254
3 6293 6255 6292
3 6293 6256 6255
3 6327 6293 6326
3 6294 6256 6293
3 6348 6384 6359
3 6220 6258 6219
3 6024 5985 6025
3 6065 6103 6064
3 5945 5983 5944
3 5946 5945 5905
3 5984 5983 5945
3 5985 5984 5946
3 6023 5983 5984
3 6102 6139 6138
3 6024 6064 6063
3 6103 6139 6102
3 5983 5982 5944
3 6183 6147 6184
3 5984 5985 6024
3 6684 6658 6686
3 6711 6683 6712
3 6740 6768 6767
3 6711 6740 6739
3 6741 6768 6740
3 6713 6741 6712
3 6742 6762 6769
3 6682 6681 6654
3 6656 6658 6684
3 6683 6656 6684
3 6628 6630 6656
3 6570 6537 6568
3 6536 6538 6569
3 6504 6505 6538
3 6606 6635 6604
3 6577 6606 6576
3 6636 6663 6635
3 6597 6599 6628
3 6627 6597 6628
3 6596 6567 6569
3 6579 6607 6578
3 6665 6664 6637
3 6695 6693 6665
3 6685 6715 6686
3 6664 6692 6663
3 6721 6715 6692
3 6604 6629 6598
3 6636 6635 6606
3 6663 6657 6635
3 6685 6657 6663
3 6715 6685 6692
3 6686 6658 6685
3 6630 6628 6599
3 6657 6630 6629
3 6658 6656 6630
3 6568 6544 6575
3 6569 6570 6599
3 6537 6544 6568
3 6597 6569 6599
3 6538 6505 6537
3 6543 6514 6512
3 6598 6568 6575
3 6505 6481 6514
3 6555 6584 6556
3 6492 6525 6524
3 6458 6492 6491
3 6488 6454 6457
3 6426 6427 6459
3 6493 6460 6494
3 6525 6493 6526
3 6525 6492 6493
3 6525 6557 6555
3 6645 6671 6643
3 6614 6585 6584
3 6616 6645 6643
3 6667 6697 6668
3 6612 6641 6613
3 6698 6697 6670
3 6750 6734 6721
3 6770 6744 6771
3 6743 6715 6744
3 6161 6195 6196
3 6122 6160 6161
3 6082 6081 6044
3 6043 6004 6005
3 6083 6045 6081
3 6006 6004 6043
3 6136 6099 6100
3 6022 6023 6062
3 6022 5983 6023
3 6061 6022 6062
3 6061 6060 6021
3 5904 5863 5864
3 5944 5904 5945
3 5944 5903 5904
3 5903 5944 5943
3 5902 5862 5903
3 5863 5823 5864
3 5862 5863 5903
3 5822 5823 5863
3 5945 5946 5984
3 6172 6207 6194
3 6159 6172 6194
3 6136 6100 6137
3 6146 6183 6182
3 5984 6024 6023
3 5902 5903 5943
3 5821 5862 5861
3 5821 5822 5862
3 5781 5822 5780
3 5904 5864 5905
3 5905 5945 5904
3 6005 6044 6043
3 6070 6108 6069
3 6071 6033 6072
3 5993 6032 6031
3 5993 5994 6032
3 6071 6109 6070
3 5863 5904 5903
3 6031 6070 6069
3 5862 5822 5863
3 6031 6069 6030
3 5991 5992 6030
3 5994 5995 6033
3 6032 5994 6033
3 5993 5952 5994
3 5780 5755 5738
3 5992 6031 6030
3 5992 5993 6031
3 5949 5950 5991
3 5951 5993 5992
3 5909 5952 5951
3 5952 5953 5994
3 5908 5909 5951
3 5910 5953 5952
3 6074 6035 6036
3 6111 6073 6112
3 6072 6033 6034
3 5951 5952 5993
3 5954 5911 5923
3 5996 5954 5965
3 5955 5911 5954
3 5995 5955 5997
3 5912 5911 5955
3 5953 5912 5955
3 5994 5953 5995
3 5910 5912 5953
3 5910 5869 5871
3 5837 5861 5880
3 5839 5837 5880
3 5838 5839 5881
3 5879 5838 5881
3 5758 5759 5800
3 5800 5799 5839
3 5797 5821 5837
3 5781 5780 5738
3 5801 5835 5795
3 5760 5801 5795
3 5753 5760 5795
3 5719 5754 5760
3 5760 5754 5796
3 5711 5719 5753
3 5675 5668 5712
3 5798 5758 5800
3 5754 5756 5796
3 5714 5671 5716
3 5836 5879 5840
3 5718 5759 5758
3 5716 5718 5758
3 5674 5673 5718
3 5879 5918 5882
3 5959 5962 6002
3 5882 5920 5916
3 5882 5918 5920
3 5840 5801 5836
3 5916 5877 5882
3 5835 5801 5840
3 5963 5961 5941
3 5800 5759 5799
3 5796 5756 5798
3 5801 5796 5836
3 5754 5714 5756
3 5716 5671 5674
3 5961 5963 6004
3 5881 5919 5918
3 5901 5861 5902
3 5941 5901 5942
3 5941 5919 5901
3 5901 5880 5861
3 5918 5919 5961
3 5881 5880 5919
3 5881 5839 5880
3 5821 5861 5837
3 5780 5821 5797
3 5780 5822 5821
3 5755 5780 5797
3 5757 5755 5797
3 5715 5713 5755
3 5781 5823 5822
3 5941 5980 5963
3 5880 5901 5919
3 5942 5980 5941
3 5902 5942 5901
3 5862 5902 5861
3 5943 5942 5902
3 5943 5982 5981
3 6002 6040 6001
3 6004 6006 6002
3 5961 6004 5962
3 5963 6005 6004
3 5920 5961 5962
3 6021 6022 6061
3 6021 5982 6022
3 6020 6021 6060
3 6044 6020 6060
3 5980 5942 5981
3 5981 5982 6021
3 5943 5944 5982
3 6045 6083 6080
3 6006 6045 6042
3 6043 6081 6045
3 6508 6478 6510
3 6407 6374 6409
3 6477 6487 6510
3 6520 6487 6490
3 6523 6520 6490
3 6522 6523 6490
3 6553 6550 6523
3 6519 6542 6510
3 6520 6519 6510
3 6581 6580 6610
3 6574 6581 6602
3 6603 6574 6602
3 6572 6542 6574
3 6550 6580 6581
3 6409 6410 6443
3 6441 6423 6455
3 6443 6411 6441
3 6478 6443 6477
3 6410 6411 6443
3 6410 6376 6411
3 6551 6521 6524
3 6058 6095 6056
3 6019 6058 6017
3 6057 6096 6058
3 6128 6094 6132
3 6128 6089 6094
3 6094 6089 6056
3 6199 6200 6165
3 6168 6201 6167
3 6093 6131 6130
3 6166 6200 6168
3 6165 6166 6128
3 6132 6165 6128
3 6169 6199 6165
3 6199 6238 6200
3 6050 6016 6017
3 6089 6050 6056
3 6054 6016 6050
3 5950 5992 5991
3 5713 5738 5755
3 5950 5949 5907
3 5908 5950 5907
3 5951 5992 5950
3 5799 5797 5837
3 5718 5717 5759
3 5715 5755 5757
3 5670 5715 5672
3 5670 5713 5715
3 6067 6028 6029
3 6088 6048 6087
3 6127 6088 6087
3 6086 6047 6049
3 6127 6125 6088
3 6085 6066 6047
3 6189 6225 6224
3 6162 6188 6151
3 6213 6225 6188
3 5964 5921 5947
3 5988 5964 5947
3 6027 5988 6026
3 6027 6007 5988
3 6007 5965 5964
3 5889 5921 5883
3 5924 5966 5926
3 5947 5921 5927
3 5968 5947 5927
3 5987 5988 5947
3 6047 6066 6026
3 6066 6046 6027
3 5995 5953 5955
3 6009 6008 6048
3 6049 6047 6010
3 6088 6049 6048
3 6088 6086 6049
3 5987 5947 5968
3 5401 5447 5446
3 5309 5310 5355
3 5403 5447 5401
3 5495 5449 5448
3 5496 5494 5449
3 5449 5494 5447
3 5497 5541 5495
3 5539 5585 5538
3 5540 5587 5586
3 5496 5540 5539
3 5496 5541 5540
3 5495 5541 5496
3 5560 5588 5606
3 5631 5632 5586
3 5492 5537 5520
3 5429 5445 5476
3 5493 5537 5492
3 5494 5493 5447
3 5538 5537 5493
3 5540 5541 5587
3 5585 5584 5538
3 5850 5890 5848
3 5891 5892 5850
3 5929 5928 5892
3 4922 4873 4925
3 5073 5074 5025
3 5123 5124 5173
3 5075 5027 5074
3 5422 5375 5421
3 5468 5422 5421
3 5459 5458 5411
3 5278 5230 5275
3 5327 5278 5325
3 5327 5277 5278
3 5084 5082 5131
3 5325 5324 5371
3 5327 5325 5372
3 5374 5327 5372
3 5326 5276 5277
3 5278 5324 5325
3 5230 5183 5225
3 5228 5182 5229
3 5227 5228 5276
3 5180 5182 5228
3 5180 5133 5182
3 5225 5226 5275
3 5230 5225 5275
3 5178 5226 5225
3 5038 5031 4989
3 5085 5081 5087
3 5135 5134 5087
3 5086 5135 5087
3 5178 5183 5135
3 5130 5082 5081
3 5133 5130 5085
3 5133 5180 5130
3 5082 5032 5081
3 5080 5079 5129
3 5086 5080 5128
3 5183 5134 5135
3 5037 5036 5086
3 5087 5038 5086
3 4938 4979 4987
3 4928 4938 4936
3 4928 4979 4938
3 4926 4928 4885
3 4926 4977 4928
3 4978 4977 4927
3 5028 4979 4977
3 5037 4988 4987
3 4877 4929 4879
3 4835 4887 4836
3 4886 4936 4887
3 4988 4937 4936
3 4988 4989 4939
3 4931 4930 4980
3 5036 5080 5086
3 4928 4936 4885
3 4875 4926 4885
3 5030 4987 4979
3 5037 4987 5036
3 4988 4936 4938
3 4989 4988 5037
3 4989 5031 4980
3 4987 4988 4938
3 5365 5322 5369
3 5274 5319 5324
3 5274 5322 5319
3 5179 5223 5226
3 5178 5179 5226
3 5128 5129 5179
3 5174 5125 5126
3 5179 5129 5176
3 5135 5128 5178
3 5080 5129 5128
3 5126 5097 5127
3 5175 5174 5126
3 5222 5175 5177
3 5224 5222 5177
3 5271 5270 5222
3 5270 5223 5221
3 5125 5077 5078
3 4836 4827 4786
3 4877 4879 4836
3 4887 4877 4836
3 4887 4929 4877
3 4939 4929 4937
3 4988 4939 4937
3 4989 4980 4939
3 4930 4879 4929
3 4980 4930 4929
3 4939 4980 4929
3 4981 4931 4980
3 4831 4883 4830
3 4931 4881 4930
3 4931 4982 4933
3 4878 4881 4831
3 4879 4878 4827
3 4930 4881 4878
3 5007 5002 5052
3 5100 5056 5052
3 4953 4909 4902
3 5000 4959 5007
3 5000 4951 4959
3 5050 5000 5007
3 5056 5050 5007
3 5052 5056 5007
3 5104 5147 5099
3 5096 5047 5050
3 5099 5096 5050
3 5145 5146 5098
3 4997 4998 4950
3 5098 5097 5048
3 5145 5098 5096
3 5146 5097 5098
3 4997 4950 4948
3 5151 5104 5148
3 5197 5199 5151
3 5198 5200 5247
3 5148 5198 5197
3 5150 5152 5198
3 5149 5150 5198
3 5103 5102 5150
3 5294 5296 5339
3 5147 5194 5145
3 5151 5147 5104
3 5196 5194 5147
3 5199 5196 5151
3 5245 5243 5196
3 5291 5290 5245
3 5336 5291 5292
3 5336 5290 5291
3 5337 5336 5292
3 5338 5323 5293
3 5196 5147 5151
3 5099 5145 5096
3 5056 5099 5050
3 5056 5104 5099
3 5243 5194 5196
3 5292 5291 5245
3 5195 5194 5243
3 5195 5146 5194
3 5244 5224 5195
3 5290 5246 5244
3 5245 5290 5243
3 5336 5293 5290
3 5293 5273 5246
3 5224 5177 5195
3 5290 5293 5246
3 5271 5320 5270
3 5293 5323 5273
3 5224 5246 5273
3 5336 5338 5293
3 5270 5272 5223
3 5321 5320 5271
3 5369 5322 5320
3 5049 4998 5047
3 5096 5049 5047
3 5048 5029 4999
3 5098 5048 5049
3 5097 5126 5078
3 5321 5369 5320
3 5273 5321 5271
3 5367 5369 5321
3 5028 5030 4979
3 4949 4978 4927
3 5077 5125 5079
3 5029 5077 5028
3 5078 5126 5125
3 5029 5078 5077
3 5029 5048 5078
3 5049 5048 4999
3 5077 5030 5028
3 5769 5727 5728
3 5811 5769 5771
3 5811 5810 5769
3 5767 5764 5725
3 5811 5850 5810
3 5844 5807 5805
3 5513 5548 5503
3 5512 5513 5503
3 5559 5550 5513
3 5642 5595 5605
3 5548 5504 5503
3 5593 5548 5550
3 5547 5504 5548
3 5068 5117 5114
3 5019 5068 5018
3 5019 5070 5068
3 5018 5068 5065
3 4972 5021 4971
3 5071 5020 5069
3 5193 5210 5242
3 5113 5162 5161
3 5063 5064 5112
3 5066 5017 5067
3 5113 5066 5116
3 5067 5016 5065
3 5015 5017 5066
3 5015 4968 5017
3 5212 5261 5260
3 5185 5234 5233
3 5212 5185 5233
3 5137 5186 5185
3 5117 5137 5114
3 5165 5186 5137
3 5312 5264 5313
3 5356 5312 5357
3 5235 5262 5213
3 5214 5235 5213
3 5311 5310 5282
3 5356 5311 5312
3 5310 5262 5282
3 5281 5262 5309
3 5308 5281 5309
3 5233 5234 5281
3 5263 5214 5215
3 5075 5123 5121
3 5352 5353 5400
3 5335 5306 5351
3 5308 5353 5352
3 5307 5261 5308
3 5351 5307 5352
3 5306 5260 5307
3 5261 5281 5308
3 5234 5262 5281
3 5212 5163 5185
3 5213 5262 5234
3 5403 5449 5447
3 5353 5355 5401
3 5402 5448 5403
3 5354 5356 5402
3 5262 5310 5309
3 5312 5311 5263
3 5357 5404 5356
3 5406 5405 5358
3 5451 5498 5497
3 5450 5451 5497
3 5409 5453 5407
3 5361 5409 5407
3 5362 5361 5360
3 5408 5409 5361
3 5454 5500 5453
3 5409 5454 5453
3 5455 5501 5454
3 5451 5452 5498
3 5405 5451 5450
3 5405 5406 5451
3 5630 5585 5632
3 5538 5493 5494
3 5381 5335 5382
3 5307 5308 5352
3 5352 5400 5399
3 5310 5354 5355
3 5352 5399 5351
3 5401 5400 5353
3 5446 5493 5492
3 5448 5449 5403
3 5404 5448 5402
3 5495 5496 5449
3 5404 5450 5448
3 5539 5540 5586
3 5289 5288 5242
3 5259 5289 5242
3 5381 5428 5427
3 5333 5334 5380
3 5382 5399 5429
3 5428 5382 5429
3 5335 5351 5382
3 5446 5492 5445
3 5610 5611 5655
3 5517 5564 5563
3 5472 5517 5516
3 5566 5519 5520
3 5472 5473 5517
3 5471 5472 5516
3 5515 5471 5516
3 5470 5424 5425
3 5426 5380 5427
3 5331 5332 5378
3 5427 5428 5473
3 5333 5380 5379
3 5334 5288 5289
3 5565 5612 5611
3 5517 5518 5564
3 5614 5567 5584
3 5475 5474 5476
3 5565 5519 5566
3 5518 5474 5519
3 5475 5476 5520
3 5519 5475 5520
3 5519 5474 5475
3 5428 5474 5473
3 5476 5492 5520
3 5565 5518 5519
3 5446 5447 5493
3 5400 5446 5445
3 5400 5401 5446
3 5518 5473 5474
3 5564 5518 5565
3 5517 5473 5518
3 5617 5618 5664
3 5484 5527 5526
3 5484 5485 5529
3 5790 5749 5748
3 5791 5790 5748
3 5791 5831 5790
3 5616 5615 5569
3 5662 5616 5619
3 5664 5662 5619
3 5709 5708 5662
3 5664 5663 5709
3 5572 5571 5526
3 5619 5617 5664
3 5570 5525 5571
3 5574 5570 5617
3 5574 5528 5570
3 5620 5663 5664
3 5751 5750 5707
3 5706 5751 5709
3 5706 5749 5751
3 5707 5735 5693
3 5793 5792 5833
3 5791 5832 5831
3 5752 5791 5748
3 5752 5794 5791
3 5914 5957 5913
3 5734 5774 5775
3 5690 5733 5691
3 5731 5772 5773
3 5733 5731 5773
3 5690 5730 5731
3 5672 5626 5670
3 5717 5672 5715
3 5717 5673 5672
3 5672 5627 5626
3 5718 5673 5717
3 5629 5627 5673
3 5628 5629 5674
3 5583 5582 5629
3 5580 5626 5627
3 5672 5673 5627
3 5757 5717 5715
3 5757 5759 5717
3 5825 5866 5865
3 5535 5581 5533
3 5443 5491 5489
3 5536 5582 5583
3 5534 5536 5490
3 5583 5628 5581
3 5536 5583 5535
3 5629 5628 5583
3 5580 5627 5582
3 5705 5748 5706
3 5709 5663 5706
3 5620 5621 5665
3 5620 5576 5621
3 5482 5484 5526
3 5622 5577 5623
3 5573 5618 5572
3 5622 5576 5575
3 5620 5618 5576
3 5575 5577 5622
3 5529 5530 5575
3 5438 5485 5484
3 5439 5440 5486
3 5485 5439 5486
3 5346 5343 5302
3 5347 5346 5302
3 5394 5393 5346
3 5438 5393 5439
3 5438 5437 5393
3 5485 5438 5439
3 5435 5392 5437
3 5667 5668 5675
3 5667 5623 5668
3 5577 5531 5578
3 5395 5348 5396
3 5394 5395 5440
3 5347 5302 5303
3 5394 5347 5395
3 5394 5346 5347
3 5489 5488 5442
3 5535 5533 5489
3 5533 5532 5488
3 5488 5441 5442
3 5579 5532 5533
3 5487 5441 5488
3 5532 5487 5488
3 5624 5578 5579
3 5531 5487 5532
3 5531 5486 5487
3 5486 5440 5487
3 5530 5486 5531
3 5530 5485 5486
3 5346 5393 5391
3 5303 5348 5347
3 5440 5439 5394
3 5397 5350 5398
3 5396 5349 5397
3 5395 5396 5441
3 5348 5349 5396
3 5304 5258 5305
3 5348 5304 5349
3 5348 5303 5304
3 5711 5675 5719
3 5710 5665 5666
3 5748 5710 5752
3 5748 5705 5710
3 5666 5667 5711
3 5752 5710 5711
3 5665 5621 5666
3 5575 5530 5577
3 5621 5576 5622
3 5529 5485 5530
3 5573 5529 5575
3 5527 5484 5529
3 5760 5796 5801
3 5798 5800 5838
3 5629 5673 5674
3 5799 5837 5839
3 5757 5799 5759
3 5757 5797 5799
3 5753 5794 5752
3 5675 5712 5719
3 5795 5834 5794
3 5719 5760 5753
3 5835 5834 5795
3 5784 5785 5825
3 5582 5534 5580
3 5629 5582 5627
3 5536 5534 5582
3 5868 5827 5828
3 5909 5868 5869
3 5867 5827 5868
3 5907 5867 5908
3 5826 5827 5867
3 5866 5826 5867
3 5824 5825 5865
3 5824 5784 5825
3 5785 5743 5744
3 5825 5785 5826
3 5784 5743 5785
3 5654 5698 5653
3 5653 5609 5654
3 5742 5743 5784
3 5698 5699 5741
3 5700 5743 5742
3 5656 5700 5655
3 5786 5745 5787
3 5701 5744 5743
3 5701 5702 5744
3 5656 5701 5700
3 5656 5612 5657
3 5766 5740 5724
3 5803 5804 5763
3 5762 5803 5761
3 5802 5842 5803
3 5803 5843 5804
3 5841 5842 5802
3 5806 5841 5802
3 5883 5884 5841
3 5808 5847 5846
3 5884 5923 5885
3 5921 5922 5883
3 5921 5964 5922
3 5885 5843 5842
3 5964 5965 5922
3 5829 5830 5871
3 5869 5829 5871
3 5828 5788 5829
3 5923 5911 5885
3 5884 5922 5923
3 5965 5954 5923
3 5954 5996 5997
3 5870 5843 5885
3 5871 5830 5870
3 5789 5804 5830
3 5762 5761 5739
3 5808 5846 5806
3 5842 5843 5803
3 5676 5720 5704
3 5659 5630 5676
3 5703 5658 5659
3 5567 5613 5566
3 5632 5677 5676
3 5587 5631 5586
3 5560 5587 5541
3 5560 5607 5587
3 5680 5651 5634
3 5633 5652 5631
3 5680 5679 5651
3 5680 5697 5723
3 5695 5652 5679
3 5723 5762 5739
3 5761 5721 5739
3 5677 5631 5652
3 5716 5674 5718
3 5756 5716 5758
3 5756 5714 5716
3 5669 5671 5714
3 5625 5581 5628
3 5442 5443 5489
3 5442 5397 5443
3 5349 5350 5397
3 5398 5444 5443
3 5763 5747 5720
3 5786 5826 5785
3 5783 5784 5824
3 5783 5741 5742
3 5699 5742 5741
3 5654 5699 5698
3 5700 5742 5699
3 5786 5787 5827
3 5744 5786 5785
3 5744 5745 5786
3 5784 5783 5742
3 5274 5324 5275
3 5226 5274 5275
3 5128 5179 5178
3 5223 5272 5226
3 5365 5369 5368
3 5373 5366 5413
3 5319 5322 5365
3 5272 5322 5274
3 5272 5320 5322
3 5226 5272 5274
3 5270 5221 5222
3 5272 5270 5320
3 5221 5174 5175
3 5222 5221 5175
3 5176 5129 5174
3 5223 5176 5221
3 5223 5179 5176
3 5222 5224 5271
3 5175 5126 5127
3 5176 5174 5221
3 5129 5125 5174
3 5127 5146 5177
3 5175 5127 5177
3 5097 5146 5127
3 5373 5419 5416
3 5368 5413 5365
3 5414 5368 5369
3 5414 5413 5368
3 5414 5461 5413
3 5367 5414 5369
3 5323 5367 5321
3 5273 5323 5321
3 5224 5273 5271
3 5244 5195 5243
3 5290 5244 5243
3 5246 5224 5244
3 5370 5385 5415
3 5370 5323 5338
3 5385 5370 5338
3 5412 5367 5370
3 5337 5384 5336
3 5248 5295 5292
3 5383 5430 5384
3 5430 5478 5431
3 5338 5384 5385
3 5390 5436 5430
3 5418 5465 5419
3 5461 5418 5413
3 5461 5465 5418
3 5463 5507 5505
3 5460 5463 5505
3 5460 5462 5463
3 5463 5462 5506
3 5414 5367 5412
3 5385 5431 5415
3 5384 5430 5385
3 5336 5384 5338
3 5337 5383 5384
3 5463 5506 5507
3 5431 5462 5415
3 5431 5477 5462
3 5430 5431 5385
3 5477 5522 5506
3 5478 5477 5431
3 5478 5522 5477
3 5552 5568 5598
3 5521 5568 5522
3 5509 5555 5510
3 5466 5509 5510
3 5505 5551 5509
3 5506 5522 5552
3 5523 5528 5569
3 5568 5523 5569
3 5521 5528 5523
3 5478 5521 5522
3 5483 5528 5521
3 5569 5615 5568
3 5737 5736 5778
3 5776 5737 5778
3 5776 5772 5737
3 5649 5687 5690
3 5708 5661 5662
3 5694 5730 5688
3 5736 5694 5693
3 5736 5730 5694
3 5615 5616 5661
3 5599 5597 5553
3 5649 5643 5687
3 5603 5604 5596
3 5569 5574 5616
3 5510 5554 5508
3 5465 5509 5466
3 5555 5601 5556
3 5079 5036 5030
3 4959 5002 5007
3 4647 4596 4597
3 4486 4426 4425
3 4488 4486 4427
3 4540 4541 4487
3 4484 4451 4424
3 4485 4484 4424
3 4538 4539 4510
3 4486 4488 4540
3 4539 4591 4563
3 4592 4539 4538
3 4592 4644 4593
3 4695 4745 4722
3 4510 4451 4484
3 4618 4563 4591
3 4566 4512 4563
3 4671 4673 4621
3 4618 4591 4643
3 4621 4618 4671
3 4566 4563 4618
3 4593 4643 4591
3 4722 4745 4746
3 4644 4695 4643
3 4644 4696 4695
3 4772 4773 4723
3 4336 4393 4332
3 4335 4336 4272
3 4335 4396 4336
3 4393 4457 4395
3 4334 4394 4396
3 4514 4453 4457
3 4567 4514 4512
3 4566 4567 4512
3 4565 4513 4567
3 4513 4454 4514
3 4566 4621 4567
3 4472 4527 4473
3 4511 4526 4472
3 4513 4511 4452
3 4564 4526 4511
3 4578 4632 4579
3 4564 4578 4526
3 4564 4620 4578
3 4473 4527 4525
3 4411 4413 4471
3 4472 4526 4527
3 4413 4472 4473
3 4413 4452 4472
3 4453 4454 4391
3 4513 4565 4511
3 4270 4335 4272
3 4225 4209 4272
3 4146 4147 4210
3 4024 4085 4084
3 4210 4274 4270
3 4208 4210 4270
3 4147 4211 4210
3 4510 4539 4563
3 4509 4510 4563
3 4484 4538 4510
3 4485 4487 4538
3 4593 4591 4539
3 4592 4593 4539
3 4644 4643 4593
3 4604 4644 4592
3 4696 4745 4695
3 4351 4412 4352
3 4332 4333 4288
3 4351 4349 4411
3 4288 4333 4351
3 4332 4395 4333
3 4118 4182 4119
3 4057 4118 4058
3 3998 4057 3999
3 4065 4118 4057
3 4125 4182 4118
3 4190 4189 4126
3 4118 4119 4058
3 4189 4252 4188
3 4246 4183 4182
3 4309 4363 4305
3 4367 4366 4309
3 4427 4486 4425
3 4121 4184 4185
3 4123 4121 4185
3 4062 4003 4060
3 4305 4306 4247
3 4246 4305 4247
3 4309 4366 4363
3 4182 4188 4246
3 4367 4428 4366
3 4364 4365 4308
3 4306 4364 4307
3 4306 4363 4364
3 5047 5000 5050
3 4850 4849 4901
3 4958 4957 5006
3 4857 4906 4908
3 4755 4756 4805
3 4806 4854 4857
3 4805 4806 4857
3 4757 4802 4806
3 4755 4703 4704
3 4856 4804 4805
3 4754 4703 4755
3 4752 4750 4800
3 5100 5148 5104
3 5056 5100 5104
3 5052 5101 5100
3 4952 4956 5001
3 5051 5101 5052
3 5002 5051 5052
3 5005 5055 5051
3 4953 4902 4952
3 4959 4953 5002
3 4959 4909 4953
3 4954 5003 4955
3 4852 4903 4904
3 4960 5003 4954
3 4963 4960 4911
3 5010 5061 5059
3 5054 5004 5053
3 5103 5055 5054
3 5107 5150 5102
3 5101 5055 5103
3 5006 4957 5004
3 5055 5006 5054
3 5055 5005 5006
3 4957 4955 5004
3 4906 4957 4908
3 4706 4757 4705
3 4653 4706 4654
3 4752 4757 4706
3 4750 4752 4700
3 4802 4757 4752
3 4851 4852 4800
3 4854 4806 4802
3 4911 4960 4954
3 4906 4857 4854
3 5108 5058 5059
3 5109 5108 5059
3 5157 5156 5108
3 4859 4912 4860
3 5060 5009 5057
3 5062 5060 5110
3 5062 5012 5011
3 5479 5481 5524
3 5257 5258 5304
3 6131 6128 6166
3 6170 6169 6132
3 6171 6170 6134
3 6204 6169 6170
3 6237 6273 6276
3 6236 6237 6277
3 6238 6236 6277
3 6199 6203 6236
3 6273 6280 6281
3 6203 6242 6237
3 6204 6202 6241
3 5480 5483 5436
3 5479 5480 5433
3 5479 5524 5480
3 5526 5524 5481
3 5525 5528 5483
3 5526 5571 5524
3 5574 5617 5619
3 5524 5571 5525
3 5526 5527 5572
3 5772 5731 5730
3 5736 5772 5730
3 5688 5693 5694
3 5735 5778 5736
3 5662 5661 5616
3 5735 5707 5750
3 5693 5660 5707
3 5736 5693 5735
3 5688 5644 5660
3 5687 5688 5730
3 5660 5661 5707
3 5688 5660 5693
3 5644 5615 5660
3 5819 5779 5820
3 5735 5777 5778
3 5750 5793 5779
3 5776 5815 5772
3 5413 5418 5419
3 5412 5415 5460
3 5461 5412 5460
3 5367 5323 5370
3 5505 5465 5461
3 5460 5505 5461
3 5414 5412 5461
3 5415 5462 5460
3 5552 5598 5553
3 5507 5552 5553
3 5522 5568 5552
3 5551 5555 5509
3 5553 5551 5507
3 5597 5555 5551
3 5556 5601 5554
3 5510 5556 5554
3 5510 5555 5556
3 5507 5551 5505
3 5597 5643 5596
3 6119 6080 6083
3 6122 6119 6083
3 6156 6157 6153
3 6226 6266 6227
3 6228 6226 6192
3 6228 6266 6226
3 6078 6077 6039
3 6190 6191 6155
3 6192 6227 6190
3 6193 6192 6157
3 6193 6228 6192
3 6266 6230 6227
3 6116 6077 6078
3 6118 6097 6116
3 6155 6118 6154
3 6135 6134 6098
3 6155 6135 6118
3 6155 6191 6171
3 6098 6134 6133
3 6076 6059 6096
3 6097 6135 6098
3 6154 6118 6116
3 6118 6135 6097
3 6000 6003 6039
3 5957 6000 5999
3 5960 5958 6001
3 5957 5960 6000
3 5917 5878 5915
3 5957 5917 5960
3 5957 5914 5917
3 5956 5913 5957
3 5998 5976 5999
3 5899 5938 5937
3 5897 5899 5859
3 5897 5936 5899
3 5958 5916 5959
3 5914 5878 5917
3 5876 5834 5835
3 5877 5835 5840
3 5749 5793 5751
3 5748 5749 5706
3 5833 5856 5820
3 5779 5793 5820
3 5858 5819 5820
3 5777 5750 5779
3 5875 5874 5914
3 5898 5858 5859
3 5818 5778 5819
3 5857 5818 5858
3 5898 5857 5858
3 5898 5860 5857
3 5937 5900 5898
3 5939 5940 5979
3 5896 5934 5932
3 5896 5860 5900
3 5938 5936 5976
3 5977 6019 5979
3 5937 5977 5940
3 5978 6019 5977
3 5936 5897 5913
3 5976 5936 5956
3 5938 5899 5936
3 5978 5938 5976
3 5937 5898 5899
3 6018 6057 6058
3 5976 6018 5978
3 5998 6037 6018
3 6013 6053 6014
3 5974 5975 6015
3 5972 5974 6013
3 5972 5939 5974
3 6013 5974 6015
3 5933 5972 5971
3 5932 5934 5972
3 5979 6016 5975
3 6016 6054 6015
3 5853 5895 5894
3 5855 5853 5814
3 5855 5895 5853
3 5817 5855 5815
3 5817 5854 5855
3 5777 5735 5750
3 5776 5778 5818
3 5737 5772 5736
3 5857 5817 5818
3 5596 5604 5601
3 5597 5596 5555
3 5603 5649 5604
3 5643 5603 5596
3 5643 5649 5603
3 5660 5615 5661
3 5687 5643 5645
3 5599 5598 5644
3 5597 5599 5643
3 5598 5615 5644
3 5553 5598 5599
3 5551 5553 5597
3 5507 5506 5552
3 5568 5615 5598
3 5726 5685 5727
3 5725 5726 5767
3 5683 5685 5726
3 5638 5683 5682
3 5637 5641 5683
3 5595 5639 5640
3 5728 5685 5684
3 5642 5686 5684
3 5602 5647 5605
3 5729 5771 5728
3 5686 5729 5728
3 5650 5686 5642
3 5650 5689 5692
3 5731 5733 5690
3 5775 5774 5816
3 5734 5732 5774
3 5770 5734 5775
3 5692 5689 5732
3 5891 5852 5893
3 5929 5892 5930
3 5811 5813 5849
3 5768 5769 5810
3 5813 5852 5849
3 5771 5813 5811
3 5771 5770 5812
3 5684 5686 5728
3 5851 5852 5813
3 5812 5775 5814
3 5813 5812 5851
3 5770 5775 5812
3 5729 5770 5771
3 5729 5692 5734
3 5851 5853 5894
3 5812 5814 5851
3 5775 5816 5814
3 6002 5962 6004
3 6040 6002 6006
3 6001 5958 5959
3 5960 6001 6003
3 6000 5960 6003
3 5915 5916 5958
3 5959 5920 5962
3 6001 5959 6002
3 5916 5920 5959
3 5960 5917 5958
3 5798 5836 5796
3 5758 5798 5756
3 5838 5836 5798
3 5839 5838 5800
3 5879 5836 5838
3 5918 5879 5881
3 5882 5840 5879
3 5961 5920 5918
3 5877 5915 5876
3 5882 5877 5840
3 5916 5915 5877
3 6184 6221 6220
3 6183 6184 6220
3 6219 6183 6220
3 6182 6145 6146
3 6147 6148 6184
3 6146 6110 6147
3 6108 6109 6145
3 6108 6070 6109
3 6149 6186 6185
3 6047 6086 6085
3 6010 6047 6026
3 6009 6048 6049
3 6010 6009 6049
3 6010 6008 6009
3 6124 6085 6086
3 6162 6124 6125
3 6197 6162 6163
3 6197 6188 6162
3 6123 6085 6124
3 6084 6075 6046
3 6123 6084 6085
3 6123 6114 6084
3 6152 6114 6123
3 6189 6152 6151
3 6187 6186 6150
3 6152 6187 6150
3 6189 6224 6187
3 6084 6046 6066
3 6074 6036 6075
3 6113 6074 6075
3 6073 6034 6035
3 6084 6066 6085
3 6007 6046 6036
3 6027 6026 6066
3 6007 6027 6046
3 6007 5964 5988
3 6364 6365 6399
3 6362 6331 6363
3 6333 6365 6364
3 6332 6298 6299
3 6363 6332 6364
3 6331 6298 6332
3 6298 6262 6299
3 6261 6223 6262
3 6184 6185 6221
3 6186 6223 6222
3 6189 6151 6188
3 6223 6187 6224
3 6150 6149 6113
3 6189 6187 6152
3 6186 6149 6150
3 6263 6300 6299
3 6224 6263 6262
3 6186 6187 6223
3 6225 6263 6224
3 6150 6113 6114
3 6213 6253 6225
3 6217 6218 6181
3 6253 6264 6225
3 6252 6253 6213
3 6291 6264 6253
3 6252 6291 6253
3 6274 6252 6234
3 6274 6291 6252
3 6275 6274 6235
3 6275 6310 6274
3 6325 6335 6301
3 6234 6197 6198
3 6274 6310 6302
3 6213 6197 6234
3 6264 6300 6263
3 6301 6335 6334
3 6291 6301 6264
3 6325 6336 6335
3 6291 6325 6301
3 6291 6274 6290
3 6345 6369 6337
3 6368 6403 6402
3 6337 6368 6336
3 6369 6403 6368
3 6402 6435 6434
3 6366 6367 6401
3 6403 6435 6402
3 6367 6366 6335
3 6402 6367 6368
3 6402 6401 6367
3 6433 6401 6434
3 6400 6366 6401
3 6398 6364 6399
3 6334 6300 6301
3 6366 6334 6335
3 6366 6365 6334
3 6417 6414 6447
3 6418 6384 6417
3 6448 6418 6449
3 6416 6384 6418
3 6345 6381 6380
3 6327 6294 6293
3 6279 6292 6254
3 6240 6279 6239
3 6314 6292 6279
3 6313 6347 6314
3 6312 6313 6278
3 6346 6347 6313
3 6327 6359 6360
3 6294 6327 6328
3 6326 6359 6327
3 6314 6326 6292
3 6348 6359 6326
3 6292 6326 6293
3 6347 6382 6383
3 6278 6313 6314
3 6346 6382 6347
3 6383 6417 6384
3 6314 6347 6348
3 6382 6417 6383
3 6381 6360 6359
3 6470 6436 6437
3 6471 6470 6437
3 6504 6471 6472
3 6504 6536 6503
3 6469 6435 6436
3 6472 6481 6505
3 6404 6415 6437
3 6380 6404 6405
3 6380 6381 6416
3 6446 6481 6472
3 6416 6448 6415
3 6449 6482 6448
3 6453 6484 6485
3 6513 6480 6479
3 6517 6515 6485
3 6514 6482 6512
3 6444 6421 6452
3 6445 6447 6413
3 6435 6468 6434
3 6472 6505 6504
3 6503 6502 6470
3 6504 6503 6471
3 6536 6535 6503
3 6538 6536 6504
3 6567 6535 6536
3 6446 6448 6481
3 6471 6446 6472
3 6415 6448 6446
3 6501 6469 6502
3 6471 6437 6446
3 6505 6514 6537
3 6563 6564 6592
3 6500 6533 6532
3 6467 6500 6499
3 6498 6466 6499
3 6433 6434 6462
3 6501 6533 6500
3 6534 6566 6565
3 6594 6566 6595
3 6592 6564 6593
3 6533 6534 6565
3 6468 6501 6500
3 6502 6469 6470
3 6533 6501 6534
3 6468 6469 6501
3 6683 6655 6656
3 6653 6626 6654
3 6596 6597 6627
3 6595 6596 6626
3 6570 6538 6537
3 6598 6570 6568
3 6569 6538 6570
3 6596 6569 6597
3 6567 6536 6569
3 5168 5120 5118
3 5165 5166 5213
3 5071 5070 5021
3 5165 5120 5166
3 5117 5068 5070
3 4922 4870 4873
3 4973 4922 4925
3 4973 4974 4922
3 4871 4870 4923
3 4819 4822 4870
3 5590 5636 5635
3 5543 5544 5589
3 5594 5549 5593
3 5637 5594 5640
3 5637 5592 5594
3 5546 5545 5591
3 5501 5455 5502
3 5546 5501 5545
3 5500 5454 5501
3 5453 5500 5499
3 5546 5591 5590
3 5544 5546 5590
3 5500 5501 5546
3 5407 5360 5361
3 5452 5407 5453
3 5406 5358 5359
3 5402 5356 5404
3 5220 5172 5173
3 5232 5267 5218
3 5219 5172 5220
3 5267 5269 5316
3 5218 5267 5220
3 5232 5269 5267
3 5266 5217 5219
3 5268 5266 5219
3 5359 5315 5360
3 5314 5266 5315
3 5265 5216 5217
3 5266 5265 5217
3 5314 5264 5265
3 5264 5216 5265
3 5357 5312 5313
3 5405 5357 5358
3 5356 5354 5311
3 5405 5404 5357
3 5355 5403 5401
3 5309 5355 5353
3 5354 5402 5355
3 5311 5354 5310
3 5402 5403 5355
3 5168 5166 5120
3 5119 5168 5118
3 5167 5215 5168
3 5264 5215 5216
3 5214 5166 5168
3 5263 5311 5282
3 5213 5166 5214
3 5235 5282 5262
3 5263 5235 5214
3 5263 5282 5235
3 5264 5263 5215
3 5264 5312 5263
3 5024 5039 5073
3 5655 5611 5656
3 5578 5624 5623
3 5577 5578 5623
3 5531 5532 5578
3 5581 5625 5579
3 5489 5491 5535
3 5628 5671 5625
3 5535 5583 5581
3 5674 5671 5628
3 5714 5712 5669
3 5665 5710 5705
3 5711 5753 5752
3 5667 5675 5711
3 5622 5667 5621
3 5622 5623 5667
3 5712 5714 5754
3 5719 5712 5754
3 5669 5625 5671
3 5668 5669 5712
3 5624 5579 5625
3 5668 5624 5669
3 5668 5623 5624
3 5794 5832 5791
3 5795 5794 5753
3 5876 5878 5874
3 5877 5876 5835
3 5915 5878 5876
3 5874 5832 5834
3 5790 5831 5792
3 5834 5832 5794
3 5874 5875 5832
3 5202 5251 5203
3 5153 5202 5154
3 5208 5251 5202
3 5209 5208 5160
3 5251 5298 5252
3 5257 5256 5208
3 5303 5302 5256
3 5441 5440 5395
3 5297 5254 5301
3 5341 5297 5342
3 5388 5341 5342
3 5389 5388 5342
3 5434 5432 5388
3 5386 5339 5341
3 5250 5249 5201
3 5008 5003 4960
3 5207 5204 5253
3 5157 5109 5158
3 5205 5157 5206
3 5297 5250 5254
3 5156 5157 5205
3 5156 5107 5108
3 5061 5062 5111
3 5109 5059 5061
3 5152 5107 5156
3 5003 5004 4955
3 5102 5053 5058
3 5102 5054 5053
3 4962 4910 4961
3 5012 4962 5011
3 4912 4910 4962
3 5060 5106 5110
3 5300 5253 5299
3 5301 5300 5345
3 5255 5253 5300
3 5300 5299 5344
3 5207 5253 5255
3 5206 5207 5255
3 5158 5111 5159
3 5204 5252 5253
3 5252 5298 5299
3 5251 5256 5298
3 5154 5202 5203
3 5208 5256 5251
3 5255 5301 5254
3 5437 5438 5484
3 5344 5391 5392
3 5391 5343 5346
3 5298 5343 5299
3 5298 5256 5302
3 5435 5434 5389
3 5610 5564 5611
3 5654 5610 5655
3 5700 5699 5655
3 5653 5608 5609
3 5562 5561 5515
3 5654 5609 5610
3 5608 5561 5562
3 5490 5536 5491
3 5443 5397 5398
3 5345 5389 5342
3 5345 5392 5389
3 5255 5300 5301
3 5344 5392 5345
3 5343 5344 5299
3 5391 5393 5437
3 5392 5391 5437
3 5344 5343 5391
3 5435 5389 5392
3 5305 5350 5349
3 5701 5656 5657
3 5114 5065 5068
3 5165 5137 5117
3 5120 5165 5117
3 5186 5234 5185
3 5213 5186 5165
3 5213 5234 5186
3 5164 5212 5211
3 5115 5163 5164
3 5137 5185 5163
3 5907 5949 5906
3 5865 5866 5906
3 5908 5951 5950
3 5884 5842 5841
3 5922 5884 5883
3 5885 5842 5884
3 5803 5763 5761
3 5830 5804 5843
3 5789 5763 5804
3 5870 5911 5912
3 5843 5870 5830
3 5885 5911 5870
3 5747 5704 5720
3 5788 5747 5789
3 5746 5745 5703
3 5788 5746 5747
3 5788 5787 5746
3 5909 5908 5868
3 5746 5703 5747
3 5696 5677 5652
3 5695 5696 5652
3 5721 5677 5696
3 5763 5721 5761
3 5720 5677 5721
3 6148 6149 6185
3 6184 6148 6185
3 6111 6112 6148
3 6071 6032 6033
3 6034 5995 5997
3 6035 6034 5997
3 6036 6035 5997
3 6074 6073 6035
3 6073 6072 6034
3 6034 6033 5995
3 6147 6110 6111
3 6071 6070 6032
3 6110 6071 6072
3 6110 6109 6071
3 6111 6110 6072
3 6073 6111 6072
3 6112 6149 6148
3 6146 6145 6109
3 6110 6146 6109
3 6147 6183 6146
3 6070 6031 6032
3 5830 5829 5789
3 5909 5869 5910
3 5952 5909 5910
3 5908 5867 5868
3 5828 5787 5788
3 5868 5828 5869
3 5827 5787 5828
3 5866 5825 5826
3 5907 5866 5867
3 5907 5906 5866
3 5829 5788 5789
3 5826 5786 5827
3 5745 5746 5787
3 5789 5747 5763
3 5996 6036 5997
3 6377 6378 6379
3 6452 6453 6444
3 6450 6452 6421
3 6484 6453 6452
3 6377 6379 6344
3 6413 6378 6412
3 6444 6445 6413
3 6421 6444 6412
3 6453 6479 6444
3 6447 6414 6413
3 6414 6379 6378
3 6413 6414 6378
3 6482 6447 6480
3 6449 6417 6447
3 6481 6448 6482
3 6416 6381 6384
3 6448 6416 6418
3 6415 6404 6416
3 6360 6345 6328
3 6327 6360 6328
3 6381 6345 6360
3 6214 6179 6201
3 6239 6214 6201
3 6254 6216 6214
3 6382 6379 6414
3 6384 6348 6383
3 6449 6418 6417
3 6381 6359 6384
3 6346 6379 6382
3 6052 6091 6090
3 6143 6107 6129
3 6179 6143 6167
3 6179 6178 6143
3 6142 6105 6106
3 6143 6142 6107
3 6215 6180 6178
3 6256 6215 6216
3 6256 6217 6215
3 6164 6198 6163
3 6126 6164 6127
3 6181 6198 6164
3 6144 6181 6164
3 6180 6217 6181
3 6179 6215 6178
3 6218 6257 6235
3 6181 6218 6198
3 6217 6257 6218
3 6215 6217 6180
3 6256 6257 6217
3 6028 6048 6008
3 5990 6028 5989
3 6067 6048 6028
3 6106 6105 6068
3 6090 6106 6068
3 6107 6142 6106
3 6087 6048 6067
3 6126 6087 6105
3 6178 6144 6142
3 6127 6087 6126
3 6144 6164 6126
3 6142 6144 6126
3 6180 6181 6144
3 6125 6124 6086
3 6163 6125 6127
3 6163 6162 6125
3 6088 6125 6086
3 6162 6123 6124
3 6162 6151 6123
3 6198 6197 6163
3 6213 6188 6197
3 6188 6225 6189
3 6105 6067 6068
3 6126 6105 6142
3 6087 6067 6105
3 5856 5859 5858
3 5872 5913 5897
3 5873 5872 5897
3 5873 5914 5872
3 5875 5914 5873
3 5833 5875 5873
3 5831 5832 5875
3 5917 5915 5958
3 5874 5878 5914
3 5874 5834 5876
3 5897 5859 5856
3 5873 5897 5856
3 5913 5956 5936
3 5872 5914 5913
3 5833 5873 5856
3 5833 5831 5875
3 5957 5999 5956
3 6115 6154 6116
3 6078 6115 6116
3 6003 6041 6039
3 6041 6040 6079
3 6117 6154 6115
3 6079 6117 6115
3 6080 6119 6117
3 6050 6089 6055
3 5979 6017 6016
3 6076 6077 6116
3 6095 6058 6096
3 6050 6017 6056
3 6019 5978 6018
3 5979 6019 6017
3 5979 5940 5977
3 6037 6077 6076
3 6057 6037 6076
3 5998 6038 6037
3 6059 6076 6097
3 6098 6059 6097
3 6098 6096 6059
3 6095 6096 6133
3 6094 6095 6133
3 6056 6017 6058
3 6057 6076 6096
3 5999 6000 6038
3 6117 6153 6154
3 6282 6316 6280
3 6269 6282 6244
3 6317 6316 6282
3 6316 6281 6280
3 6350 6316 6317
3 6350 6349 6316
3 6273 6237 6242
3 6127 6164 6163
3 6254 6292 6255
3 6294 6275 6257
3 6216 6255 6256
3 6328 6345 6310
3 5938 5978 5937
3 5999 5976 5956
3 5998 6018 5976
3 6019 6018 6058
3 6038 6077 6037
3 5999 6038 5998
3 6039 6077 6038
3 6000 6039 6038
3 6078 6079 6115
3 6132 6169 6165
3 6133 6132 6094
3 6133 6170 6132
3 5975 6016 6015
3 6051 6068 6029
3 6130 6129 6091
3 6107 6106 6090
3 6143 6178 6142
3 6201 6179 6167
3 6216 6215 6179
3 5969 5928 5929
3 6029 5990 6011
3 5967 6008 5966
3 5850 5849 5891
3 6091 6053 6092
3 6130 6091 6092
3 6090 6051 6052
3 5969 5986 6011
3 6014 6053 6052
3 6012 6014 6052
3 5973 6013 6014
3 5970 5973 6012
3 5986 5970 6012
3 6011 5986 6012
3 5969 5970 5986
3 5929 5930 5970
3 6013 6015 6053
3 5971 6013 5973
3 5971 5972 6013
3 5935 5971 5973
3 5893 5931 5930
3 5891 5893 5930
3 5892 5891 5930
3 5849 5852 5891
3 5852 5894 5893
3 5894 5895 5933
3 5939 5934 5940
3 5975 5939 5979
3 5975 5974 5939
3 5948 5925 5928
3 5305 5349 5304
3 5700 5701 5743
3 5699 5654 5655
3 5584 5567 5537
3 5630 5584 5585
3 5630 5614 5584
3 5704 5659 5676
3 5567 5520 5537
3 5538 5584 5537
3 5614 5613 5567
3 5567 5566 5520
3 5659 5614 5630
3 5613 5657 5612
3 5659 5658 5614
3 5659 5704 5703
3 5612 5565 5566
3 5611 5612 5656
3 5611 5564 5565
3 5609 5562 5563
3 5703 5704 5747
3 5702 5703 5745
3 5702 5658 5703
3 5702 5657 5658
3 5744 5702 5745
3 5701 5657 5702
3 5613 5612 5566
3 5658 5613 5614
3 5658 5657 5613
3 5257 5208 5209
3 5303 5257 5304
3 5303 5256 5257
3 5470 5471 5515
3 5258 5257 5209
3 5038 5087 5081
3 5031 5038 5081
3 5037 5086 5038
3 5039 5034 5083
3 5076 5039 5088
3 5024 5034 5039
3 5025 5024 5073
3 4985 5034 5024
3 4932 4983 4935
3 4984 5034 4983
3 4981 5032 4986
3 5083 5034 5033
3 5318 5317 5364
3 5360 5316 5362
3 5269 5280 5318
3 5173 5218 5220
3 5184 5227 5231
3 5124 5076 5122
3 5326 5374 5328
3 5276 5326 5279
3 5229 5182 5230
3 5277 5229 5230
3 5277 5276 5229
3 5231 5227 5276
3 5232 5231 5279
3 5232 5218 5231
3 5182 5133 5134
3 5218 5184 5231
3 5267 5268 5220
3 5122 5076 5088
3 5171 5122 5136
3 5173 5124 5122
3 5084 5131 5132
3 5033 5035 5083
3 5082 5130 5131
3 5035 5082 5084
3 5032 4981 5031
3 5375 5374 5421
3 5411 5375 5422
3 5328 5374 5375
3 5280 5328 5317
3 5279 5326 5328
3 5280 5279 5328
3 5318 5280 5317
3 5232 5279 5280
3 5227 5181 5228
3 5279 5231 5276
3 5184 5181 5227
3 5130 5180 5131
3 5183 5178 5225
3 5230 5182 5183
3 5324 5278 5275
3 5229 5276 5228
3 5278 5277 5230
3 5327 5326 5277
3 5135 5086 5128
3 5134 5085 5087
3 5182 5134 5183
3 5133 5085 5134
3 5085 5130 5081
3 5417 5421 5374
3 5416 5417 5372
3 5371 5416 5372
3 5366 5371 5324
3 5366 5373 5371
3 5371 5373 5416
3 5319 5366 5324
3 5319 5365 5366
3 5413 5419 5373
3 5464 5466 5508
3 5416 5464 5417
3 5457 5468 5503
3 5459 5457 5503
3 5422 5468 5457
3 5372 5417 5374
3 5326 5327 5374
3 5325 5371 5372
3 5467 5511 5468
3 5027 5072 5022
3 5136 5132 5181
3 5173 5122 5171
3 5122 5088 5136
3 5074 5073 5124
3 5088 5132 5136
3 5073 5039 5076
3 5083 5132 5088
3 5167 5170 5169
3 5075 5121 5072
3 5169 5217 5216
3 5215 5169 5216
3 5170 5217 5169
3 5123 5170 5121
3 5123 5172 5170
3 5124 5123 5075
3 5172 5217 5170
3 5268 5315 5266
3 5268 5316 5315
3 5220 5268 5219
3 5267 5316 5268
3 5280 5269 5232
3 5318 5316 5269
3 5318 5362 5316
3 5313 5358 5357
3 5314 5313 5264
3 5314 5358 5313
3 5265 5266 5314
3 5215 5167 5169
3 5172 5219 5217
3 5315 5359 5314
3 5173 5172 5123
3 5171 5184 5218
3 5173 5171 5218
3 5136 5184 5171
3 5084 5132 5083
3 5181 5184 5136
3 5131 5181 5132
3 5131 5180 5181
3 5181 5180 5228
3 4882 4880 4829
3 4985 4935 4983
3 5034 4985 4983
3 4975 4924 4935
3 5025 4975 4985
3 5025 4976 4975
3 4884 4924 4872
3 4882 4934 4932
3 4975 4976 4924
3 5026 4976 5025
3 5074 5026 5025
3 5073 5076 5124
3 4985 5024 5025
3 5039 5083 5088
3 5124 5075 5074
3 5027 5022 5026
3 5023 5022 5072
3 5023 4974 4973
3 4933 4934 4883
3 5470 5514 5469
3 5425 5426 5471
3 5515 5561 5514
3 5470 5515 5514
3 5562 5609 5608
3 5516 5562 5515
3 5563 5564 5610
3 5516 5563 5562
3 5516 5517 5563
3 5425 5378 5379
3 5470 5425 5471
3 5424 5378 5425
3 5563 5610 5609
3 5423 5424 5469
3 5167 5121 5170
3 5214 5168 5215
3 5168 5119 5167
3 5070 5071 5120
3 5119 5121 5167
3 5071 5069 5118
3 5072 5121 5119
3 5632 5676 5630
3 5395 5347 5348
3 5439 5393 5394
3 5343 5298 5302
3 5482 5435 5437
3 5252 5203 5251
3 5204 5203 5252
3 5202 5153 5160
3 5424 5470 5469
3 5376 5377 5423
3 5426 5379 5380
3 5472 5426 5427
3 5425 5379 5426
3 5377 5378 5424
3 5423 5377 5424
3 5376 5330 5377
3 5445 5399 5400
3 5476 5445 5492
3 5429 5399 5445
3 5474 5429 5476
3 5289 5335 5334
3 5474 5428 5429
3 5426 5472 5471
3 5381 5427 5380
3 5473 5472 5427
3 5154 5155 5106
3 5153 5154 5105
3 5203 5155 5154
3 5330 5331 5377
3 5240 5287 5286
3 5332 5379 5378
3 5381 5382 5428
3 5335 5289 5306
3 5399 5382 5351
3 5334 5333 5288
3 5381 5334 5335
3 5381 5380 5334
3 5154 5106 5105
3 5204 5155 5203
3 5159 5207 5158
3 5159 5155 5204
3 5159 5110 5155
3 5207 5159 5204
3 5111 5110 5159
3 5109 5111 5158
3 5062 5110 5111
3 5010 4963 5012
3 5011 5009 5060
3 5106 5057 5105
3 5110 5106 5155
3 5060 5057 5106
3 5285 5238 5239
3 5331 5285 5286
3 5284 5238 5285
3 5330 5284 5285
3 5378 5377 5331
3 5329 5284 5330
3 5283 5236 5237
3 5308 5309 5353
3 5260 5261 5307
3 5211 5260 5259
3 5211 5212 5260
3 5210 5211 5259
3 5242 5210 5259
3 5193 5161 5210
3 5212 5233 5261
3 5162 5164 5211
3 5164 5116 5115
3 5212 5164 5163
3 5162 5116 5164
3 5233 5281 5261
3 5330 5376 5329
3 4226 4229 4167
3 4164 4226 4163
3 4225 4288 4226
3 4289 4352 4290
3 4229 4289 4227
3 4291 4352 4289
3 4351 4291 4288
3 4351 4352 4291
3 4352 4350 4290
3 4229 4291 4289
3 4412 4350 4352
3 5237 5236 5188
3 5284 5237 5238
3 5284 5283 5237
3 5011 4961 5009
3 5062 5011 5060
3 4962 4961 5011
3 4897 4899 4847
3 4951 4997 4948
3 4950 4899 4948
3 4725 4673 4723
3 4804 4855 4803
3 4805 4804 4755
3 4856 4855 4804
3 5001 5002 4953
3 5005 5001 4956
3 5051 5002 5001
3 4853 4849 4801
3 4952 4901 4905
3 4952 4902 4901
3 4901 4902 4850
3 4956 4952 4905
3 5001 4953 4952
3 4909 4858 4902
3 4858 4850 4902
3 4900 4858 4909
3 4900 4848 4858
3 4853 4801 4803
3 4855 4853 4803
3 4905 4901 4853
3 4798 4849 4850
3 4699 4748 4697
3 4701 4751 4699
3 4702 4701 4649
3 4753 4751 4701
3 4801 4797 4751
3 4798 4797 4849
3 4798 4749 4797
3 4596 4542 4543
3 4645 4596 4647
3 4699 4697 4647
3 4594 4541 4540
3 4697 4646 4645
3 4604 4592 4595
3 4595 4592 4541
3 4490 4429 4430
3 4491 4490 4430
3 4544 4543 4490
3 4594 4595 4541
3 4542 4594 4540
3 4645 4595 4594
3 4425 4366 4427
3 4365 4425 4426
3 4363 4366 4425
3 4364 4363 4425
3 4306 4305 4363
3 4596 4543 4597
3 4428 4489 4488
3 4366 4428 4427
3 4367 4429 4428
3 4428 4429 4489
3 4365 4364 4425
3 4309 4305 4251
3 4434 4433 4372
3 4371 4313 4314
3 4372 4371 4314
3 4432 4370 4371
3 4433 4432 4371
3 4493 4492 4432
3 4431 4369 4370
3 4545 4491 4492
3 4491 4544 4490
3 4431 4491 4430
3 4545 4544 4491
3 4311 4369 4368
3 4310 4311 4368
3 4252 4253 4311
3 4255 4314 4313
3 5208 5202 5160
3 5316 5360 5315
3 5364 5362 5318
3 5408 5361 5362
3 5410 5408 5362
3 5364 5410 5362
3 5363 5364 5317
3 5411 5410 5364
3 5328 5363 5317
3 5422 5459 5411
3 5456 5458 5502
3 5456 5409 5408
3 5502 5458 5504
3 5363 5375 5411
3 5364 5363 5411
3 5328 5375 5363
3 5501 5547 5545
3 5456 5502 5455
3 5409 5456 5455
3 5408 5410 5456
3 5504 5547 5502
3 5503 5504 5459
3 5558 5512 5557
3 5513 5558 5559
3 5513 5512 5558
3 5558 5557 5602
3 5464 5419 5466
3 5467 5464 5508
3 5416 5419 5464
3 5600 5646 5602
3 5557 5600 5602
3 5601 5646 5600
3 5687 5730 5690
3 5599 5645 5643
3 5645 5644 5688
3 5687 5645 5688
3 5599 5644 5645
3 5773 5774 5733
3 5815 5773 5772
3 5815 5816 5773
3 5691 5649 5690
3 5692 5729 5686
3 5691 5733 5732
3 5734 5770 5729
3 5815 5855 5816
3 5812 5813 5771
3 5646 5601 5604
3 5499 5543 5498
3 5635 5634 5588
3 5590 5635 5589
3 5678 5681 5635
3 5889 5847 5888
3 5586 5632 5585
3 5607 5651 5633
3 5587 5607 5633
3 5560 5606 5607
3 5542 5560 5541
3 5588 5589 5635
3 5542 5588 5560
3 5542 5543 5588
3 5606 5634 5651
3 5607 5606 5651
3 5588 5634 5606
3 5681 5697 5680
3 5677 5632 5631
3 5739 5721 5696
3 5762 5802 5803
3 5723 5740 5765
3 5695 5723 5739
3 5696 5695 5739
3 5679 5723 5695
3 5697 5740 5723
3 5765 5802 5762
3 5763 5720 5721
3 5720 5676 5677
3 5539 5586 5585
3 5494 5539 5538
3 5494 5496 5539
3 4698 4697 4748
3 4595 4646 4604
3 4595 4645 4646
3 4707 4747 4696
3 4644 4655 4696
3 4749 4798 4758
3 4797 4749 4748
3 4758 4747 4707
3 4749 4758 4707
3 4796 4794 4747
3 4807 4796 4758
3 4807 4848 4796
3 4798 4807 4758
3 4803 4754 4804
3 4905 4853 4855
3 4753 4754 4803
3 4751 4753 4801
3 4649 4650 4702
3 4850 4807 4798
3 4997 5000 5047
3 4998 4997 5047
3 4948 4900 4951
3 4794 4745 4747
3 4823 4795 4847
3 4824 4823 4874
3 4825 4824 4874
3 4773 4823 4824
3 4773 4772 4823
3 4876 4898 4927
3 4823 4772 4795
3 4847 4898 4846
3 4807 4850 4858
3 4874 4876 4926
3 4899 4898 4847
3 4897 4948 4899
3 4795 4845 4847
3 4845 4796 4848
3 4847 4845 4897
3 4794 4796 4845
3 4950 4949 4899
3 4949 4927 4898
3 4999 4949 4950
3 5049 4999 4998
3 5048 5097 5078
3 4999 5029 4978
3 4824 4825 4773
3 4876 4874 4846
3 4898 4876 4846
3 4927 4926 4876
3 4875 4825 4874
3 4926 4875 4874
3 4977 4926 4927
3 4977 4979 4928
3 4735 4785 4784
3 4885 4834 4833
3 4885 4936 4886
3 4745 4696 4747
3 4746 4745 4794
3 4845 4795 4794
3 4722 4723 4670
3 4671 4723 4673
3 4566 4618 4621
3 4670 4723 4671
3 4695 4670 4643
3 4722 4772 4723
3 4695 4722 4670
3 4746 4772 4722
3 4580 4527 4526
3 4578 4580 4526
3 4633 4684 4631
3 4737 4786 4736
3 4581 4630 4634
3 4512 4455 4509
3 4567 4513 4514
3 4621 4565 4567
3 4618 4643 4670
3 4673 4619 4621
3 4564 4511 4565
3 4456 4514 4457
3 4392 4390 4450
3 4512 4514 4455
3 4337 4335 4274
3 4337 4396 4335
3 4211 4275 4274
3 4334 4396 4337
3 4331 4334 4273
3 4394 4457 4396
3 4331 4392 4334
3 4509 4451 4510
3 4512 4509 4563
3 4450 4451 4509
3 4456 4450 4455
3 4390 4451 4450
3 4392 4331 4390
3 4456 4392 4450
3 4394 4334 4392
3 4331 4389 4390
3 4336 4332 4271
3 4457 4393 4396
3 4457 4453 4395
3 4226 4167 4163
3 4393 4336 4396
3 4225 4272 4271
3 4209 4164 4145
3 4304 4269 4245
3 4187 4250 4245
3 4362 4330 4304
3 4423 4362 4365
3 4426 4423 4365
3 4424 4451 4389
3 4485 4424 4423
3 4485 4538 4484
3 4330 4331 4273
3 4304 4330 4269
3 4389 4331 4330
3 4423 4389 4362
3 4451 4390 4389
3 4211 4148 4212
3 4275 4211 4212
3 4269 4275 4212
3 4273 4337 4275
3 4274 4210 4211
3 4270 4274 4335
3 4147 4148 4211
3 4147 4086 4148
3 4005 3945 3944
3 4063 4005 4004
3 4062 4063 4004
3 4123 4122 4063
3 4061 4002 4005
3 4063 4122 4061
3 4064 4006 4061
3 4002 3945 4005
3 4006 4002 4061
3 4006 3946 4002
3 4002 3941 3945
3 4056 4006 4064
3 4056 4025 3997
3 3879 3822 3884
3 3762 3763 3700
3 3945 3884 3883
3 3565 3633 3563
3 3495 3565 3494
3 3634 3633 3565
3 3762 3700 3698
3 3760 3762 3698
3 3821 3823 3762
3 3763 3699 3700
3 3884 3822 3823
3 3756 3764 3701
3 3630 3697 3693
3 3761 3822 3817
3 3781 3780 3720
3 3782 3781 3721
3 3840 3839 3780
3 3841 3840 3781
3 3901 3900 3840
3 3491 3415 3492
3 3563 3632 3562
3 3250 3332 3249
3 3251 3250 3168
3 3333 3332 3250
3 3334 3414 3333
3 3413 3332 3333
3 3414 3413 3333
3 3489 3558 3488
3 3560 3489 3491
3 3488 3412 3413
3 3489 3488 3413
3 3558 3496 3488
3 3560 3558 3489
3 3562 3560 3491
3 3630 3627 3560
3 3630 3632 3697
3 3492 3562 3491
3 3492 3563 3562
3 3701 3755 3692
3 3756 3701 3693
3 3764 3755 3701
3 3566 3496 3558
3 4455 4450 4509
3 4456 4457 4394
3 4392 4456 4394
3 4455 4514 4456
3 4273 4269 4330
3 4337 4274 4275
3 4307 4249 4248
3 4306 4307 4248
3 4308 4250 4307
3 4362 4308 4365
3 4362 4304 4308
3 4275 4269 4273
3 4334 4337 4273
3 4181 4124 4187
3 4148 4181 4212
3 4148 4086 4117
3 4181 4117 4124
3 5773 5816 5774
3 5817 5815 5776
3 5818 5817 5776
3 5896 5932 5895
3 5855 5896 5895
3 5900 5937 5940
3 5895 5932 5933
3 5851 5814 5853
3 5854 5860 5896
3 5855 5854 5896
3 5817 5857 5854
3 5935 5973 5970
3 5930 5935 5970
3 5931 5971 5935
3 6092 6053 6054
3 6055 6093 6092
3 6050 6055 6054
3 6089 6093 6055
3 6129 6107 6090
3 6091 6129 6090
3 6130 6167 6129
3 5890 5928 5925
3 5844 5848 5886
3 5850 5811 5849
3 5890 5850 5892
3 5848 5810 5850
3 5933 5971 5931
3 5894 5933 5931
3 5932 5972 5933
3 5892 5928 5890
3 5931 5935 5930
3 5969 5948 5928
3 5970 5969 5929
3 6011 5990 5969
3 6051 6011 6012
3 6052 6051 6012
3 5973 6014 6012
3 6053 6091 6052
3 6090 6068 6051
3 5990 5989 5948
3 5969 5990 5948
3 6029 6028 5990
3 6051 6029 6011
3 6068 6067 6029
3 5852 5851 5894
3 5931 5893 5894
3 5727 5685 5728
3 5771 5769 5728
3 5768 5767 5726
3 5769 5768 5727
3 5810 5809 5768
3 5765 5806 5802
3 5723 5765 5762
3 5740 5782 5765
3 5724 5740 5697
3 5782 5808 5806
3 5766 5782 5740
3 5766 5808 5782
3 5722 5764 5724
3 5681 5722 5724
3 5678 5682 5722
3 5782 5806 5765
3 5807 5808 5766
3 5764 5805 5766
3 5845 5847 5807
3 5889 5888 5926
3 5921 5889 5927
3 5883 5841 5846
3 5807 5847 5808
3 5889 5926 5927
3 5845 5888 5847
3 5887 5886 5924
3 5926 5887 5924
3 5845 5886 5887
3 5805 5809 5844
3 5766 5805 5807
3 5764 5767 5805
3 5845 5887 5888
3 5846 5847 5889
3 5883 5846 5889
3 5841 5806 5846
3 5887 5926 5888
3 5925 5924 5886
3 5890 5925 5886
3 5948 5989 5967
3 5967 5989 6008
3 5925 5967 5924
3 5925 5948 5967
3 5987 6010 6026
3 5988 5987 6026
3 5968 6010 5987
3 5926 5968 5927
3 6008 6010 5968
3 5966 6008 5968
3 5926 5966 5968
3 5924 5967 5966
3 5989 6028 6008
3 5829 5869 5828
3 5912 5871 5870
3 5912 5910 5871
3 5922 5965 5923
3 5954 5997 5955
3 6007 5996 5965
3 6007 6036 5996
3 5458 5459 5504
3 5410 5458 5456
3 5410 5411 5458
3 5639 5642 5684
3 5640 5639 5684
3 5595 5642 5639
3 5593 5595 5640
3 5550 5559 5595
3 5600 5554 5601
3 5559 5558 5602
3 5595 5559 5605
3 5550 5548 5513
3 5511 5467 5508
3 5512 5511 5557
3 5512 5468 5511
3 5468 5512 5503
3 5459 5422 5457
3 5421 5467 5468
3 5511 5508 5554
3 5648 5649 5691
3 5648 5604 5649
3 5648 5646 5604
3 5689 5648 5691
3 5689 5646 5648
3 5689 5650 5647
3 5732 5734 5692
3 5691 5732 5689
3 5733 5774 5732
3 5692 5686 5650
3 5642 5605 5650
3 5600 5557 5554
3 5647 5602 5646
3 5689 5647 5646
3 5650 5605 5647
3 5605 5559 5602
3 5601 5555 5596
3 5592 5637 5638
3 5549 5592 5591
3 5549 5594 5592
3 5547 5549 5545
3 5547 5548 5593
3 5593 5640 5594
3 5547 5593 5549
3 5550 5595 5593
3 5684 5685 5641
3 5544 5590 5589
3 5499 5544 5543
3 5499 5500 5544
3 5591 5636 5590
3 5549 5591 5545
3 5592 5638 5591
3 5641 5637 5640
3 5684 5641 5640
3 5685 5683 5641
3 5638 5636 5591
3 5683 5638 5637
3 5682 5636 5638
3 5725 5682 5683
3 5727 5768 5726
3 5764 5722 5725
3 5678 5636 5682
3 5725 5722 5682
3 5767 5809 5805
3 5683 5726 5725
3 5768 5809 5767
3 5766 5724 5764
3 5724 5697 5681
3 5678 5635 5636
3 5844 5845 5807
3 5848 5844 5809
3 5810 5848 5809
3 5890 5886 5848
3 5886 5845 5844
3 5681 5634 5635
3 5722 5681 5678
3 5633 5679 5652
3 5587 5633 5631
3 5651 5679 5633
3 5681 5680 5634
3 5680 5723 5679
3 5406 5452 5451
3 5359 5407 5406
3 5314 5359 5358
3 5360 5407 5359
3 5407 5452 5406
3 5455 5454 5409
3 5499 5452 5453
3 5502 5547 5501
3 5497 5542 5541
3 5450 5497 5495
3 5448 5450 5495
3 5404 5405 5450
3 5498 5542 5497
3 5499 5498 5452
3 5543 5542 5498
3 5500 5546 5544
3 5589 5588 5543
3 5247 5248 5199
3 5295 5337 5292
3 5386 5340 5339
3 5383 5337 5340
3 5387 5383 5340
3 5390 5430 5383
3 5436 5390 5433
3 5521 5478 5483
3 5477 5506 5462
3 5412 5370 5415
3 5146 5195 5177
3 5049 5096 5098
3 5145 5194 5146
3 5481 5434 5435
3 5526 5481 5482
3 5437 5484 5482
3 5570 5528 5525
3 5571 5617 5570
3 5619 5616 5574
3 5479 5433 5432
3 5434 5479 5432
3 5524 5525 5480
3 5365 5413 5366
3 5466 5419 5465
3 5505 5509 5465
3 5420 5467 5421
3 5464 5420 5417
3 5464 5467 5420
3 5510 5508 5466
3 5554 5557 5511
3 5420 5421 5417
3 5206 5254 5205
3 5158 5206 5157
3 5255 5254 5206
3 5252 5299 5253
3 5301 5342 5297
3 5300 5344 5345
3 5345 5342 5301
3 5434 5388 5389
3 5388 5432 5386
3 5482 5481 5435
3 5388 5386 5341
3 5481 5479 5434
3 5436 5433 5480
3 5478 5436 5483
3 5478 5430 5436
3 5387 5340 5386
3 5390 5387 5433
3 5390 5383 5387
3 5201 5249 5200
3 5205 5201 5156
3 5250 5296 5249
3 5341 5296 5297
3 5295 5340 5337
3 5247 5294 5248
3 5339 5340 5295
3 5341 5339 5296
3 5386 5432 5387
3 5433 5387 5432
3 5152 5200 5198
3 5283 5284 5329
3 5140 5091 5092
3 5332 5333 5379
3 5330 5285 5331
3 5287 5333 5332
3 5286 5287 5332
3 5331 5286 5332
3 5285 5239 5286
3 5240 5241 5287
3 4137 4141 4079
3 4092 4137 4079
3 4078 4092 4079
3 4154 4159 4217
3 4155 4154 4217
3 4091 4094 4154
3 4202 4205 4141
3 4201 4202 4137
3 4263 4323 4264
3 4325 4324 4282
3 4264 4326 4266
3 4263 4264 4202
3 4323 4326 4264
3 4136 4143 4174
3 4200 4136 4174
3 4135 4075 4136
3 4237 4200 4174
3 3891 3952 3890
3 4015 3953 3959
3 4015 4014 3953
3 4135 4074 4075
3 3984 3952 4014
3 4013 3984 4014
3 4013 3951 3984
3 4073 4013 4014
3 4133 4073 4074
3 4200 4198 4135
3 4134 4073 4133
3 4134 4072 4073
3 4072 4012 4013
3 4158 4094 4095
3 4159 4158 4222
3 4091 4154 4092
3 4220 4159 4222
3 4285 4220 4222
3 4285 4283 4220
3 4155 4137 4092
3 4154 4155 4092
3 4217 4263 4201
3 4220 4218 4159
3 4201 4137 4155
3 4217 4201 4155
3 4263 4202 4201
3 4139 4077 4140
3 3960 4018 4021
3 4018 4019 4080
3 4021 4018 4080
3 3960 3957 4018
3 3899 3957 3960
3 3956 4017 4016
3 3958 3896 3954
3 3893 3955 3956
3 4076 4077 4139
3 4138 4076 4139
3 4020 4016 4076
3 4205 4204 4141
3 3958 4020 4019
3 3958 4016 4020
3 3895 3958 3957
3 3954 3896 3894
3 4016 3954 3956
3 4016 3958 3954
3 4017 4077 4016
3 4081 4080 4019
3 4020 4081 4019
3 4138 4142 4081
3 4082 4136 4075
3 4972 4971 4921
3 4919 4971 4970
3 4864 4818 4867
3 4920 4972 4921
3 4974 4972 4923
3 4922 4974 4923
3 5023 5020 4974
3 4974 5020 4972
3 4867 4918 4916
3 4439 4499 4498
3 4375 4376 4437
3 4436 4375 4437
3 4374 4317 4375
3 4438 4476 4499
3 4377 4438 4439
3 4377 4440 4438
3 4439 4438 4499
3 4319 4377 4376
3 4260 4319 4318
3 4260 4261 4319
3 4294 4237 4236
3 4380 4379 4353
3 4381 4380 4322
3 4381 4414 4380
3 4295 4237 4294
3 4321 4295 4353
3 4321 4262 4295
3 4320 4261 4321
3 4377 4320 4378
3 4319 4261 4320
3 4261 4262 4321
3 4378 4320 4321
3 4260 4196 4197
3 4207 4268 4236
3 4143 4207 4174
3 4204 4139 4140
3 4265 4204 4205
3 4203 4206 4142
3 4139 4203 4138
3 4265 4232 4203
3 4143 4142 4207
3 4143 4082 4142
3 4440 4476 4438
3 4379 4440 4378
3 4321 4379 4378
3 4501 4555 4500
3 4441 4501 4500
3 4442 4502 4501
3 4554 4555 4611
3 4440 4500 4476
3 4441 4442 4501
3 4554 4500 4555
3 4610 4554 4611
3 4583 4608 4553
3 4554 4583 4530
3 4610 4608 4583
3 4072 4013 4073
3 4613 4664 4660
3 4557 4613 4609
3 4616 4664 4613
3 4614 4616 4561
3 4560 4614 4558
3 4615 4665 4614
3 4669 4666 4668
3 4720 4669 4668
3 4718 4768 4767
3 4717 4718 4667
3 4717 4768 4718
3 4666 4717 4665
3 4719 4768 4717
3 4560 4559 4615
3 4504 4506 4558
3 4508 4504 4558
3 4448 4445 4504
3 4506 4507 4560
3 4719 4669 4721
3 4769 4719 4721
3 4717 4667 4665
3 4716 4664 4667
3 4763 4716 4767
3 4712 4664 4716
3 4616 4614 4665
3 4760 4761 4810
3 4759 4760 4809
3 4793 4759 4809
3 4744 4694 4708
3 4710 4761 4760
3 4711 4762 4761
3 4658 4659 4710
3 4663 4662 4612
3 4712 4663 4660
3 4715 4714 4663
3 4710 4659 4711
3 4610 4611 4662
3 4812 4811 4762
3 4837 4812 4816
3 4866 4837 4816
3 4815 4866 4816
3 4865 4916 4866
3 4888 4915 4863
3 4889 4888 4837
3 4940 4915 4888
3 4863 4811 4812
3 4889 4940 4888
3 4917 4889 4866
3 4917 4940 4889
3 5019 4970 4971
3 5070 5019 5021
3 5071 5118 5120
3 5020 5071 5021
3 4972 5020 5021
3 5069 5119 5118
3 5023 5069 5020
3 5023 5072 5069
3 5069 5072 5119
3 5120 5117 5070
3 5018 4970 5019
3 5016 4967 4969
3 5067 5017 5016
3 5115 5067 5065
3 5115 5116 5067
3 4968 4967 5016
3 5019 4971 5021
3 4969 4970 5018
3 5016 4969 5018
3 4967 4916 4918
3 4919 4921 4971
3 4918 4919 4970
3 4918 4867 4919
3 4864 4867 4916
3 4815 4814 4865
3 4817 4767 4768
3 4820 4817 4768
3 4605 4606 4656
3 4537 4496 4550
3 4551 4606 4605
3 4435 4436 4496
3 4498 4499 4552
3 4551 4498 4552
3 4437 4439 4498
3 4854 4904 4906
3 4910 4912 4859
3 4857 4908 4856
3 4955 4957 4906
3 5012 5062 5061
3 5010 5012 5061
3 4963 4962 5012
3 4960 4963 5010
3 4912 4962 4963
3 5101 5148 5100
3 5055 5101 5051
3 4956 4958 5005
3 5054 5102 5103
3 5149 5198 5148
3 5103 5149 5101
3 5103 5150 5149
3 5109 5061 5111
3 5207 5206 5158
3 5059 5008 5010
3 5157 5108 5109
3 5058 5008 5059
3 5008 4960 5010
3 5053 5008 5058
3 4904 4955 4906
3 4903 4954 4904
3 4851 4903 4852
3 4911 4954 4903
3 4954 4955 4904
3 5053 5003 5008
3 5053 5004 5003
3 4911 4912 4963
3 4854 4852 4904
3 4860 4912 4911
3 5200 5249 5247
3 5197 5198 5247
3 5152 5201 5200
3 5107 5152 5150
3 5058 5107 5102
3 5058 5108 5107
3 5156 5201 5152
3 5145 5099 5147
3 5006 5004 5054
3 5294 5247 5249
3 5294 5295 5248
3 5296 5294 5249
3 5339 5295 5294
3 5245 5248 5292
3 5197 5151 5148
3 5101 5149 5148
3 5247 5199 5197
3 5245 5199 5248
3 5245 5196 5199
3 5250 5205 5254
3 5296 5250 5297
3 5201 5205 5250
3 5188 5189 5237
3 4859 4860 4808
3 5236 5187 5188
3 4808 4860 4851
3 5139 5187 5138
3 5089 5090 5138
3 5287 5288 5333
3 5239 5240 5286
3 5190 5239 5238
3 5190 5191 5239
3 5189 5190 5238
3 5237 5189 5238
3 5188 5140 5189
3 5191 5192 5240
3 5141 5142 5190
3 5142 5093 5094
3 5191 5142 5143
3 5141 5093 5142
3 5192 5241 5240
3 5189 5140 5141
3 5210 5162 5211
3 5144 5161 5193
3 5192 5144 5193
3 5095 5112 5144
3 5112 5113 5161
3 4851 4799 4808
3 5040 4990 4991
3 4851 4800 4799
3 4911 4903 4860
3 4800 4750 4799
3 4852 4802 4800
3 4860 4903 4851
3 4854 4802 4852
3 4802 4752 4800
3 4700 4752 4706
3 5139 5140 5188
3 5090 5139 5138
3 5090 5091 5139
3 5040 5041 5089
3 5239 5191 5240
3 5189 5141 5190
3 5187 5139 5188
3 5091 5042 5043
3 5139 5091 5140
3 5090 5042 5091
3 4947 4995 4946
3 5046 5094 5045
3 5093 5092 5044
3 5144 5143 5095
3 5092 5043 5044
3 5140 5092 5141
3 5042 4993 5043
3 5143 5142 5094
3 5192 5143 5144
3 5191 5190 5142
3 5141 5092 5093
3 5089 5041 5090
3 4992 4993 5042
3 5041 4991 4992
3 5090 5041 5042
3 5040 4991 5041
3 4990 4941 4942
3 4945 4946 4994
3 5112 5161 5144
3 4706 4653 4700
3 4993 4944 4945
3 5043 4993 4994
3 5044 5043 4994
3 5092 5091 5043
3 4992 4944 4993
3 5163 5114 5137
3 5064 5066 5113
3 5115 5114 5163
3 5066 5067 5116
3 5065 5114 5115
3 5241 5288 5287
3 5193 5241 5192
3 5242 5288 5241
3 5193 5242 5241
3 5191 5143 5192
3 5161 5162 5210
3 5306 5307 5351
3 5259 5306 5289
3 5259 5260 5306
3 4703 4754 4702
3 4600 4651 4650
3 4704 4756 4755
3 4650 4651 4703
3 4652 4705 4704
3 4602 4654 4652
3 4855 4907 4905
3 5041 4992 5042
3 4942 4991 4990
3 4942 4943 4991
3 4891 4942 4941
3 4891 4892 4942
3 4756 4705 4757
3 4805 4756 4806
3 4704 4705 4756
3 4651 4652 4704
3 4703 4651 4704
3 4600 4547 4601
3 4599 4600 4650
3 4548 4494 4495
3 4546 4547 4600
3 4546 4492 4493
3 4654 4603 4653
3 4705 4654 4706
3 4806 4756 4757
3 4652 4654 4705
3 4602 4603 4654
3 4651 4600 4601
3 4549 4603 4602
3 5045 5044 4995
3 5143 5094 5095
3 5093 5044 5045
3 4895 4896 4946
3 4894 4895 4945
3 4944 4894 4945
3 4893 4842 4894
3 4893 4841 4842
3 4964 4914 4965
3 4861 4913 4896
3 4861 4862 4913
3 4895 4843 4844
3 4844 4793 4809
3 4894 4843 4895
3 4842 4791 4792
3 4693 4694 4743
3 4709 4710 4760
3 4708 4709 4759
3 4657 4658 4709
3 4708 4657 4709
3 4656 4606 4657
3 4810 4861 4809
3 4809 4760 4810
3 4658 4710 4709
3 4659 4610 4661
3 4711 4659 4661
3 4658 4607 4608
3 4497 4551 4550
3 4437 4497 4436
3 4498 4551 4497
3 4607 4552 4553
3 4607 4606 4552
3 4589 4588 4536
3 4641 4589 4590
3 4641 4640 4589
3 4376 4318 4319
3 4439 4376 4377
3 4439 4437 4376
3 4553 4552 4499
3 4315 4361 4303
3 4374 4375 4436
3 4435 4422 4373
3 4496 4483 4435
3 4497 4496 4436
3 4551 4605 4550
3 4483 4422 4435
3 4537 4536 4483
3 4656 4642 4605
3 4640 4692 4691
3 4690 4639 4691
3 4588 4589 4640
3 4605 4642 4590
3 4693 4743 4742
3 4642 4693 4641
3 4590 4642 4641
3 4708 4759 4744
3 4656 4708 4694
3 4656 4657 4708
3 4694 4744 4743
3 4642 4694 4693
3 4642 4656 4694
3 4358 4418 4357
3 4300 4358 4357
3 4420 4481 4480
3 4422 4482 4421
3 4535 4588 4587
3 4480 4481 4534
3 4533 4480 4534
3 4419 4420 4480
3 4536 4588 4535
3 4764 4712 4763
3 4813 4814 4763
3 4767 4813 4763
3 4818 4864 4813
3 4714 4765 4713
3 4815 4766 4764
3 4815 4816 4766
3 4866 4889 4837
3 4713 4711 4661
3 4714 4715 4766
3 4662 4714 4713
3 4662 4663 4714
3 4610 4662 4661
3 4612 4660 4663
3 4765 4762 4713
3 4710 4711 4761
3 4814 4764 4763
3 4865 4814 4864
3 4815 4764 4814
3 4712 4715 4663
3 4816 4765 4766
3 4865 4866 4815
3 4811 4862 4810
3 4837 4863 4812
3 4837 4888 4863
3 4762 4711 4713
3 4664 4616 4667
3 4718 4716 4667
3 4660 4609 4613
3 4764 4766 4715
3 4608 4610 4659
3 4658 4608 4659
3 4553 4530 4583
3 4554 4530 4500
3 4561 4558 4614
3 4613 4561 4616
3 4557 4508 4561
3 5162 5113 5116
3 5063 5014 5064
3 5095 5063 5112
3 5013 5014 5063
3 4967 4917 4916
3 5065 5016 5018
3 4968 4917 4967
3 4966 4968 5015
3 4915 4914 4863
3 4966 4915 4940
3 4966 4965 4915
3 4812 4762 4765
3 4919 4867 4869
3 4969 4918 4970
3 4969 4967 4918
3 4866 4916 4917
3 4865 4864 4916
3 5094 5046 5095
3 4913 4914 4964
3 5064 5015 5066
3 5112 5064 5113
3 5014 5015 5064
3 4965 5014 5013
3 4965 4966 5014
3 5014 4966 5015
3 4964 4965 5013
3 4996 4964 5013
3 4947 4913 4964
3 4914 4915 4965
3 4810 4862 4861
3 4816 4812 4765
3 4913 4862 4914
3 4811 4761 4762
3 4862 4811 4863
3 4810 4761 4811
3 4968 5016 5017
3 4433 4494 4493
3 4432 4433 4493
3 4371 4372 4433
3 4891 4941 4890
3 4838 4839 4890
3 4892 4893 4943
3 4793 4792 4744
3 4894 4842 4843
3 4841 4790 4791
3 4943 4893 4944
3 4993 4945 4994
3 4943 4944 4992
3 4991 4943 4992
3 4942 4892 4943
3 4893 4894 4944
3 4840 4841 4892
3 4743 4792 4791
3 4759 4793 4744
3 4809 4861 4844
3 4892 4841 4893
3 4791 4742 4743
3 4841 4791 4842
3 4790 4742 4791
3 4995 4947 4996
3 4895 4946 4945
3 5046 5013 5063
3 5046 4996 5013
3 5095 5046 5063
3 5045 4996 5046
3 5093 5045 5094
3 4995 4996 5045
3 4994 4995 5044
3 4994 4946 4995
3 4947 4964 4996
3 4896 4947 4946
3 4896 4913 4947
3 4602 4548 4549
3 4702 4650 4703
3 4753 4702 4754
3 4753 4701 4702
3 4494 4547 4493
3 4495 4494 4434
3 4548 4547 4494
3 4549 4548 4495
3 4602 4652 4601
3 4839 4838 4788
3 4789 4839 4788
3 4840 4891 4839
3 4601 4652 4651
3 4548 4601 4547
3 4548 4602 4601
3 4856 4805 4857
3 4907 4855 4856
3 4958 4907 4908
3 4957 4958 4908
3 5006 5005 4958
3 4956 4905 4907
3 4958 4956 4907
3 5005 5051 5001
3 4804 4754 4755
3 4908 4907 4856
3 4853 4901 4849
3 4648 4597 4598
3 4699 4647 4648
3 4701 4699 4648
3 4751 4748 4699
3 4796 4747 4758
3 4541 4592 4538
3 4426 4486 4485
3 4428 4488 4427
3 4594 4596 4645
3 4489 4542 4488
3 4489 4543 4542
3 4594 4542 4596
3 4487 4486 4540
3 4538 4487 4541
3 4485 4486 4487
3 4488 4542 4540
3 4655 4707 4696
3 4646 4655 4604
3 4646 4698 4655
3 4655 4644 4604
3 4698 4749 4707
3 4655 4698 4707
3 4646 4697 4698
3 4647 4697 4645
3 4748 4749 4698
3 4371 4370 4313
3 4432 4492 4431
3 4434 4494 4433
3 4547 4546 4493
3 4599 4546 4600
3 4599 4545 4546
3 4649 4599 4650
3 4544 4597 4543
3 4599 4598 4545
3 4648 4647 4597
3 4649 4648 4598
3 4649 4701 4648
3 4751 4797 4748
3 4803 4801 4753
3 4849 4797 4801
3 4545 4492 4546
3 4649 4598 4599
3 4490 4543 4489
3 4598 4544 4545
3 4598 4597 4544
3 4310 4252 4311
3 4430 4429 4368
3 4369 4430 4368
3 4431 4492 4491
3 4490 4489 4429
3 4788 4787 4739
3 4840 4839 4789
3 4838 4787 4788
3 4312 4253 4254
3 4369 4312 4370
3 4432 4431 4370
3 4368 4367 4310
3 4310 4367 4309
3 4251 4252 4310
3 4125 4188 4182
3 4125 4189 4188
3 4126 4189 4125
3 4311 4312 4369
3 4190 4253 4189
3 4190 4254 4253
3 4368 4429 4367
3 4311 4253 4312
3 4251 4188 4252
3 4309 4251 4310
3 4246 4188 4251
3 4189 4253 4252
3 4369 4431 4430
3 4739 4787 4738
3 4740 4741 4789
3 4689 4690 4739
3 4690 4638 4639
3 4739 4690 4740
3 4689 4638 4690
3 4840 4892 4891
3 4790 4840 4789
3 4790 4841 4840
3 4254 4255 4313
3 4516 4570 4568
3 4520 4516 4568
3 4462 4517 4516
3 4676 4634 4686
3 4677 4676 4727
3 4726 4677 4727
3 4674 4676 4677
3 4624 4634 4676
3 4571 4624 4623
3 4569 4571 4623
3 4569 4529 4571
3 4582 4634 4624
3 4571 4582 4624
3 4529 4528 4582
3 4577 4581 4528
3 4525 4577 4524
3 4527 4580 4577
3 4777 4786 4827
3 4826 4777 4827
3 4736 4786 4777
3 4727 4736 4776
3 4775 4727 4776
3 4634 4582 4581
3 4686 4634 4635
3 4674 4623 4624
3 4687 4737 4736
3 4686 4687 4736
3 4727 4676 4686
3 4630 4684 4635
3 4577 4631 4581
3 4684 4687 4635
3 4631 4684 4630
3 4735 4685 4733
3 4735 4734 4685
3 4832 4828 4880
3 4770 4782 4821
3 4822 4770 4821
3 4721 4669 4720
3 4778 4828 4782
3 4732 4778 4782
3 4728 4779 4778
3 4828 4779 4829
3 4832 4782 4828
3 4884 4832 4880
3 4884 4872 4832
3 4832 4821 4782
3 4932 4884 4880
3 4935 4924 4884
3 4822 4771 4770
3 4778 4779 4828
3 4678 4728 4682
3 4628 4678 4682
3 4628 4679 4678
3 4627 4574 4626
3 4681 4679 4627
3 4628 4576 4625
3 4731 4780 4779
3 4828 4829 4880
3 4729 4681 4731
3 4728 4729 4779
3 4679 4628 4625
3 4730 4726 4775
3 4731 4730 4781
3 4680 4726 4730
3 4622 4675 4626
3 4775 4776 4826
3 4779 4780 4829
3 4833 4875 4885
3 4735 4733 4783
3 4835 4784 4785
3 4737 4687 4734
3 4784 4737 4734
3 4784 4786 4737
3 4783 4825 4833
3 4833 4825 4875
3 4724 4774 4733
3 4672 4724 4683
3 4672 4725 4724
3 4773 4825 4774
3 4725 4773 4774
3 4772 4746 4795
3 4795 4746 4794
3 4846 4823 4847
3 4846 4874 4823
3 4871 4868 4820
3 4870 4871 4819
3 4923 4920 4871
3 4562 4522 4575
3 5027 5026 5074
3 5072 5027 5075
3 5022 4976 5026
3 4973 4976 5022
3 5023 4973 5022
3 4923 4870 4922
3 4975 4935 4985
3 4925 4924 4976
3 4973 4925 4976
3 4873 4872 4925
3 4873 4822 4821
3 4771 4822 4819
3 4769 4771 4819
3 4721 4770 4771
3 4884 4932 4935
3 4882 4932 4880
3 4830 4882 4829
3 4934 4933 4984
3 4983 4934 4984
3 4882 4883 4934
3 4831 4881 4883
3 4984 5033 5034
3 4932 4934 4983
3 4982 5033 4984
3 4933 4982 4984
3 4881 4933 4883
3 4881 4931 4933
3 4931 4981 4982
3 5031 4981 4980
3 5037 5038 4989
3 5081 5032 5031
3 5035 5032 5082
3 4986 4982 4981
3 5035 4986 5032
3 5035 5033 4986
3 5083 5035 5084
3 5033 4982 4986
3 4712 4660 4664
3 4978 5028 4977
3 4999 4978 4949
3 5029 5028 4978
3 5079 5030 5077
3 5129 5079 5125
3 5080 5036 5079
3 5036 4987 5030
3 4886 4887 4835
3 4930 4878 4879
3 4776 4736 4777
3 4900 4948 4897
3 4848 4900 4897
3 4845 4848 4897
3 4807 4858 4848
3 4951 5000 4997
3 4909 4951 4900
3 4909 4959 4951
3 4999 4950 4998
3 4949 4898 4899
3 5708 5709 5751
3 5707 5708 5751
3 5707 5661 5708
3 5528 5574 5569
3 5568 5521 5523
3 5483 5480 5525
3 5663 5705 5706
3 5662 5664 5709
3 5620 5665 5663
3 5576 5573 5575
3 5664 5618 5620
3 5573 5527 5529
3 5618 5573 5576
3 5572 5527 5573
3 5617 5572 5618
3 5617 5571 5572
3 5710 5666 5711
3 5663 5665 5705
3 5621 5667 5666
3 5442 5441 5396
3 5397 5442 5396
3 5489 5533 5488
3 5491 5536 5535
3 5444 5491 5443
3 5444 5490 5491
3 5581 5579 5533
3 5669 5624 5625
3 5487 5440 5441
3 5579 5578 5532
3 5577 5530 5531
3 5820 5856 5858
3 5819 5777 5779
3 5818 5819 5858
3 5778 5777 5819
3 5792 5749 5790
3 5833 5792 5831
3 5793 5749 5792
3 5820 5793 5833
3 5750 5751 5793
3 4940 4968 4966
3 4862 4863 4914
3 4917 4968 4940
3 4588 4640 4639
3 4640 4641 4692
3 4534 4535 4587
3 4536 4537 4589
3 4532 4585 4584
3 4480 4533 4479
3 4586 4585 4533
3 4638 4637 4586
3 4584 4531 4532
3 4550 4496 4497
3 4590 4550 4605
3 4537 4483 4496
3 4590 4537 4550
3 4590 4589 4537
3 4741 4790 4789
3 4693 4742 4692
3 4792 4793 4843
3 4842 4792 4843
3 4743 4744 4792
3 4741 4742 4790
3 4788 4740 4789
3 4692 4742 4741
3 4709 4760 4759
3 4844 4861 4896
3 4895 4844 4896
3 4843 4793 4844
3 4839 4891 4890
3 4691 4740 4690
3 4639 4640 4691
3 4587 4639 4638
3 4587 4588 4639
3 4692 4741 4691
3 4788 4739 4740
3 4738 4689 4739
3 4738 4688 4689
3 4637 4688 4636
3 4127 4126 4066
3 4585 4636 4584
3 4641 4693 4692
3 4637 4636 4585
3 4689 4637 4638
3 4689 4688 4637
3 4144 4084 4146
3 4210 4208 4146
3 4145 4100 4144
3 4099 4039 4100
3 4163 4099 4164
3 4163 4103 4099
3 4040 4022 4083
3 4039 4099 4043
3 3781 3840 3780
3 3841 3842 3902
3 3755 3782 3721
3 3755 3815 3782
3 3917 3978 3916
3 3900 3917 3916
3 3961 3978 3917
3 3962 3961 3901
3 4022 3978 3961
3 4100 4039 4040
3 3900 3839 3840
3 3961 3900 3901
3 3916 3855 3900
3 3626 3557 3566
3 3635 3626 3566
3 3692 3655 3626
3 3586 3516 3557
3 3733 3667 3718
3 3653 3652 3584
3 3653 3718 3652
3 3654 3653 3585
3 3719 3718 3653
3 3779 3733 3718
3 3411 3339 3420
3 4225 4271 4288
3 4229 4226 4288
3 4209 4145 4208
3 4270 4209 4208
3 4225 4164 4209
3 3981 3983 3923
3 3982 4039 4043
3 3978 3982 3922
3 3978 4040 3982
3 4043 3983 3981
3 4103 4044 4043
3 4167 4103 4163
3 4104 4165 4101
3 4167 4104 4103
3 4167 4165 4104
3 4101 4041 4044
3 4208 4144 4146
3 4272 4209 4270
3 4145 4144 4208
3 4100 4145 4164
3 4083 4022 4023
3 4084 4083 4023
3 4100 4040 4083
3 3655 3721 3720
3 3557 3626 3586
3 3692 3721 3655
3 3719 3780 3779
3 3654 3719 3653
3 3654 3720 3719
3 3719 3720 3780
3 3586 3654 3585
3 3586 3655 3654
3 3515 3516 3585
3 3586 3626 3655
3 3721 3781 3720
3 3755 3721 3692
3 3782 3815 3842
3 3839 3779 3780
3 4389 4330 4362
3 3696 3698 3631
3 3821 3760 3820
3 3821 3762 3760
3 3881 3882 3820
3 3883 3823 3821
3 3945 3883 3944
3 3884 3941 3879
3 3883 3884 3823
3 3945 3941 3884
3 3815 3755 3764
3 3635 3692 3626
3 3558 3627 3566
3 3693 3701 3635
3 3627 3693 3635
3 3566 3627 3635
3 3558 3560 3627
3 4024 3964 4025
3 4023 3962 3963
3 4144 4083 4084
3 4022 3962 4023
3 3902 3842 3903
3 3964 3963 3903
3 3962 3901 3902
3 3824 3815 3764
3 3885 3937 3876
3 3941 3885 3879
3 3941 4002 3946
3 4023 4024 4084
3 3902 3963 3962
3 3902 3903 3963
3 3876 3903 3842
3 3964 4024 3963
3 4023 3963 4024
3 3961 3962 4022
3 3901 3841 3902
3 3719 3779 3718
3 3496 3420 3488
3 4190 4127 4191
3 4190 4126 4127
3 4254 4190 4191
3 4255 4254 4191
3 4313 4312 4254
3 4313 4370 4312
3 4007 4057 3998
3 4065 4126 4125
3 4065 4066 4126
3 4586 4637 4585
3 3999 3939 3938
3 4065 4125 4118
3 4007 4065 4057
3 4007 4066 4065
3 4058 4059 4000
3 4478 4531 4477
3 4475 4417 4477
3 4533 4534 4586
3 4418 4479 4478
3 4418 4419 4479
3 4691 4741 4740
3 4532 4531 4478
3 4479 4532 4478
3 4533 4585 4532
3 3938 3998 3999
3 3939 3878 3877
3 3938 3939 3877
3 4183 4119 4182
3 4247 4183 4246
3 4251 4305 4246
3 4306 4248 4247
3 4120 4119 4183
3 4184 4120 4183
3 4248 4185 4184
3 4364 4308 4307
3 4249 4185 4248
3 4121 4123 4062
3 4247 4248 4184
3 4249 4186 4185
3 4001 4003 3942
3 4121 4060 4120
3 4121 4062 4060
3 4001 3940 4000
3 3819 3880 3881
3 3820 3819 3881
3 3759 3758 3819
3 3818 3878 3880
3 3757 3818 3758
3 3757 3816 3818
3 4250 4187 4249
3 4307 4250 4249
3 4304 4245 4250
3 4212 4245 4269
3 4187 4186 4249
3 4181 4187 4245
3 4124 4186 4187
3 4212 4181 4245
3 4064 4061 4122
3 4122 4123 4186
3 3943 4004 3944
3 3882 3943 3944
3 3883 3882 3944
3 3821 3820 3882
3 3881 3942 3943
3 4062 4123 4063
3 3882 3881 3943
3 4059 4119 4120
3 4060 4059 4120
3 4000 3939 3999
3 4001 4000 4059
3 3940 3939 4000
3 4121 4120 4184
3 4415 4357 4417
3 3878 3940 3880
3 3816 3878 3818
3 3939 3940 3878
3 4355 4416 4356
3 3943 4003 4004
3 3759 3819 3820
3 4003 4062 4004
3 3942 4003 3943
3 3880 3942 3881
3 3880 3940 3942
3 4001 4059 4060
3 4003 4001 4060
3 3942 3940 4001
3 4355 4415 4416
3 4298 4355 4356
3 4298 4297 4355
3 4058 4000 3999
3 4057 4058 3999
3 4119 4059 4058
3 3819 3758 3818
3 3759 3695 3758
3 3760 3759 3820
3 3696 3695 3759
3 3629 3628 3695
3 3878 3816 3877
3 4293 4241 4299
3 3757 3758 3694
3 4241 4298 4299
3 4292 4235 4293
3 4238 4176 4175
3 4296 4238 4242
3 4239 4297 4240
3 4300 4296 4242
3 4239 4240 4177
3 4176 4239 4177
3 4238 4296 4239
3 4293 4235 4241
3 4173 4115 4178
3 4052 3994 3993
3 4112 4052 4067
3 4053 3994 4052
3 4114 4054 4113
3 3995 3935 3994
3 4054 3995 4053
3 4113 4054 4053
3 4055 4051 3996
3 4048 3991 4050
3 3929 3931 3989
3 3928 3929 3989
3 3868 3869 3929
3 3930 3932 3990
3 3870 3930 3931
3 3929 3870 3931
3 3869 3807 3810
3 3995 3936 3935
3 3995 3996 3936
3 3996 4051 3992
3 4298 4356 4299
3 4053 4052 4112
3 4482 4483 4536
3 4535 4482 4536
3 4422 4361 4373
3 4482 4422 4483
3 4421 4361 4422
3 4481 4421 4482
3 4359 4358 4301
3 4420 4359 4360
3 4420 4419 4359
3 4360 4361 4421
3 4419 4358 4359
3 4244 4257 4303
3 4317 4258 4259
3 4318 4375 4317
3 4316 4258 4317
3 4315 4257 4316
3 4361 4315 4373
3 4303 4257 4315
3 4257 4256 4316
3 4373 4315 4316
3 4244 4180 4192
3 4243 4242 4179
3 4302 4243 4244
3 4302 4301 4243
3 4360 4359 4302
3 4361 4360 4303
3 4421 4420 4360
3 4300 4242 4301
3 4354 4300 4357
3 4415 4354 4357
3 4355 4297 4354
3 4240 4241 4178
3 4177 4240 4178
3 4297 4298 4240
3 4131 4070 4071
3 4194 4131 4195
3 4130 4070 4131
3 4194 4256 4193
3 3886 3947 3933
3 4010 3948 3949
3 4010 4009 3948
3 4130 4069 4070
3 4008 3947 4009
3 4068 4008 4009
3 4129 4068 4069
3 4194 4193 4130
3 4128 4068 4129
3 4128 4067 4068
3 4067 4052 4008
3 3695 3694 3758
3 1605 1603 1508
3 1604 1605 1507
3 1699 1802 1700
3 1597 1699 1700
3 1600 1702 1699
3 1701 1599 1598
3 1601 1701 1598
3 1799 1703 1698
3 1800 1805 1703
3 1888 1900 1799
3 2000 2102 1999
3 1702 1600 1599
3 1804 1702 1701
3 1801 1902 1802
3 1804 1801 1702
3 1804 1902 1801
3 2695 2795 2710
3 2711 2609 2710
3 2593 2592 2694
3 2496 2497 2398
3 2299 2297 2397
3 2699 2597 2598
3 2797 2698 2798
3 2697 2597 2698
3 2695 2796 2795
3 1644 1550 1650
3 1447 1448 1545
3 1449 1352 1446
3 1546 1449 1544
3 1351 1352 1449
3 1255 1351 1350
3 1255 1158 1159
3 1394 1490 1393
3 1789 1688 1691
3 1992 1995 2095
3 1894 1992 1994
3 1790 1889 1892
3 1897 1996 1991
3 2095 2195 2096
3 1687 1586 1688
3 1890 1795 1788
3 1685 1687 1788
3 1792 1891 1789
3 1691 1792 1789
3 1791 1892 1792
3 1892 1896 1992
3 1993 1994 2096
3 1893 1993 1990
3 1888 1893 1990
3 1793 1795 1893
3 1888 1794 1893
3 1693 1692 1793
3 1895 1894 1994
3 1893 1895 1993
3 1795 1894 1895
3 1584 1490 1586
3 1685 1584 1687
3 1487 1393 1490
3 1583 1487 1584
3 1583 1486 1487
3 1495 1504 1500
3 1496 1495 1400
3 1590 1504 1495
3 1486 1496 1400
3 1584 1685 1583
3 1703 1799 1800
3 1601 1698 1703
3 1590 1595 1504
3 1590 1692 1595
3 1693 1794 1698
3 1692 1693 1595
3 1685 1686 1591
3 1694 1793 1692
3 1591 1686 1692
3 1788 1795 1694
3 1795 1895 1893
3 1686 1788 1694
3 1692 1686 1694
3 1685 1788 1686
3 1895 1994 1993
3 2093 1993 2096
3 2195 2192 2096
3 2196 2195 2097
3 2196 2299 2195
3 2395 2492 2494
3 2295 2298 2396
3 2195 2299 2295
3 2297 2197 2300
3 1596 1597 1499
3 2494 2492 2594
3 1601 1598 1504
3 1595 1601 1504
3 1703 1701 1601
3 2296 2295 2396
3 2190 2193 2294
3 2192 2295 2296
3 1595 1698 1601
3 1486 1388 1389
3 1394 1489 1490
3 1792 1691 1791
3 1561 1663 1664
3 1562 1561 1664
3 1463 1469 1561
3 1372 1450 1469
3 1276 1372 1365
3 1353 1450 1372
3 1567 1669 1663
3 1547 1567 1469
3 1547 1646 1567
3 2273 2275 2173
3 3907 3913 3969
3 3850 3847 3908
3 3910 3850 3908
3 3910 3909 3850
3 3846 3854 3907
3 3162 3246 3241
3 3070 3163 3162
3 2473 2574 2573
3 2777 2676 2781
3 2673 2575 2676
3 3049 2946 2945
3 2994 3049 2945
3 3186 3140 3223
3 3094 3186 3187
3 3092 3140 3186
3 2990 3092 3094
3 2989 2946 3050
3 3097 3139 3049
3 3186 3273 3187
3 3221 3140 3139
3 3223 3305 3273
3 3186 3223 3273
3 3222 3305 3223
3 3221 3222 3140
3 3221 3274 3304
3 3274 3221 3188
3 3183 3270 3188
3 3354 3359 3274
3 3356 3357 3272
3 3187 3273 3271
3 3358 3435 3356
3 3273 3305 3358
3 3271 3273 3356
3 3186 3094 3092
3 3385 3436 3358
3 3245 3161 3174
3 3069 2965 2978
3 3674 3607 3645
3 3704 3638 3705
3 3568 3607 3638
3 3534 3568 3606
3 3535 3534 3606
3 3464 3423 3498
3 3509 3436 3510
3 3434 3422 3357
3 3536 3466 3509
3 3537 3498 3466
3 3357 3356 3435
3 3674 3645 3711
3 3638 3674 3705
3 3638 3607 3674
3 3575 3509 3580
3 3537 3536 3607
3 3537 3466 3536
3 3568 3537 3607
3 3434 3357 3435
3 3509 3434 3435
3 3466 3422 3434
3 3498 3422 3466
3 3498 3423 3422
3 3575 3644 3645
3 3536 3575 3607
3 3536 3509 3575
3 3460 3511 3510
3 3436 3460 3510
3 3385 3359 3437
3 3651 3649 3716
3 3581 3651 3650
3 3582 3579 3649
3 3581 3582 3651
3 3581 3511 3582
3 3826 3827 3888
3 3705 3767 3704
3 3637 3638 3704
3 3711 3774 3768
3 3674 3711 3705
3 3645 3644 3713
3 3827 3889 3888
3 3767 3827 3766
3 3828 3889 3827
3 3898 3959 3897
3 3826 3766 3827
3 3887 3826 3888
3 3765 3766 3826
3 3358 3436 3435
3 3512 3462 3508
3 3829 3891 3890
3 3828 3829 3890
3 3889 3828 3890
3 3767 3768 3828
3 3835 3897 3891
3 3774 3835 3829
3 3774 3775 3835
3 3644 3650 3712
3 3607 3575 3645
3 3580 3650 3644
3 3836 3897 3835
3 3891 3953 3952
3 3713 3774 3711
3 3645 3713 3711
3 3712 3775 3713
3 3778 3775 3717
3 3777 3778 3716
3 3777 3838 3778
3 3836 3835 3775
3 3897 3959 3953
3 4140 4079 4141
3 4204 4140 4141
3 4077 4078 4140
3 4076 4081 4020
3 4204 4203 4139
3 4142 4080 4081
3 4017 4029 4078
3 3958 4019 3957
3 4077 4076 4016
3 4076 4138 4081
3 4094 4033 4032
3 4029 3967 3971
3 3955 3892 3909
3 4033 4094 4091
3 4030 4033 4091
3 4032 4034 4094
3 3970 4032 4033
3 3970 3969 4032
3 3909 3910 3971
3 3969 3972 4032
3 3975 4035 3972
3 4095 4160 4158
3 4035 4095 4034
3 4096 4160 4095
3 4160 4222 4158
3 3162 3163 3246
3 3068 3162 3158
3 3068 2966 3070
3 3951 3950 3889
3 3984 3951 3952
3 3950 3888 3889
3 3950 4011 3949
3 1946 1842 1847
3 2045 1942 2044
3 1838 1842 1941
3 1839 1838 1941
3 1839 1739 1838
3 1841 1741 1840
3 1866 1764 1863
3 1866 1765 1764
3 2018 1969 1918
3 1865 1848 1763
3 1918 1969 1866
3 1953 1848 1865
3 1444 1542 1543
3 2049 2151 2150
3 2149 2048 2150
3 1946 1952 2049
3 1969 2057 1953
3 1866 1969 1865
3 2159 2174 2260
3 2057 2159 2160
3 2074 2174 2159
3 2018 2074 1969
3 2018 2120 2074
3 2160 2151 2056
3 1643 1642 1543
3 1739 1640 1745
3 1842 1838 1745
3 1839 1740 1739
3 1559 1542 1462
3 1715 1661 1615
3 1662 1643 1560
3 1763 1662 1765
3 1642 1746 1641
3 1543 1642 1541
3 1747 1746 1642
3 1662 1747 1643
3 1763 1848 1747
3 1273 1266 1175
3 1370 1273 1274
3 1362 1266 1273
3 1075 981 979
3 987 989 1084
3 893 987 988
3 893 894 987
3 2047 2149 2148
3 2044 2047 2146
3 2044 1945 2047
3 1745 1746 1847
3 1739 1635 1640
3 1840 1740 1839
3 1637 1537 1536
3 1541 1642 1641
3 1540 1541 1641
3 1559 1462 1558
3 1643 1542 1560
3 1763 1747 1662
3 1543 1445 1444
3 1747 1642 1643
3 1541 1445 1543
3 1444 1345 1443
3 1643 1543 1542
3 1445 1345 1444
3 1866 1865 1765
3 2251 2151 2160
3 1847 1746 1848
3 1946 1847 1952
3 1842 1745 1847
3 2378 2383 2476
3 2277 2181 2284
3 2077 2075 2176
3 2082 2181 2175
3 2181 2180 2284
3 2383 2378 2284
3 1977 1873 1975
3 2082 1977 2081
3 2082 1976 1977
3 1874 1977 1976
3 1771 1773 1671
3 2081 1977 1975
3 1874 1774 1873
3 2177 2280 2278
3 2178 2176 2279
3 2378 2476 2475
3 2284 2378 2277
3 2476 2577 2578
3 2272 2177 2278
3 2372 2272 2278
3 2273 2171 2272
3 2171 2078 2177
3 2078 2076 2178
3 2177 2078 2178
3 2171 2072 2078
3 2178 2076 2077
3 2172 2071 2072
3 2218 2121 2173
3 2373 2319 2274
3 2217 2121 2218
3 2073 2071 2172
3 2121 2073 2173
3 2019 1967 2073
3 2121 2120 2019
3 2319 2217 2218
3 2274 2319 2218
3 2373 2276 2319
3 2174 2120 2217
3 1864 1863 1762
3 1862 1864 1761
3 1965 1968 1864
3 2073 1968 2071
3 1967 2018 1918
3 2073 1967 1968
3 2019 2018 1967
3 1862 1761 1759
3 1966 1862 1861
3 1966 2071 1965
3 2072 2071 1966
3 1968 1967 1863
3 1767 1770 1668
3 1970 1870 1868
3 2078 1973 2076
3 2275 2372 2375
3 2172 2273 2173
3 2171 2177 2272
3 1770 1759 1667
3 1966 1861 1870
3 1862 1759 1861
3 1764 1762 1863
3 1463 1562 1464
3 1766 1664 1663
3 1768 1665 1664
3 1774 1867 1766
3 1665 1562 1664
3 1769 1665 1768
3 1869 1971 1972
3 1766 1867 1768
3 1874 1971 1867
3 1767 1666 1769
3 1868 1767 1769
3 1868 1770 1767
3 1666 1563 1665
3 1769 1666 1665
3 1768 1867 1869
3 1869 1867 1971
3 1868 1869 1972
3 1769 1768 1869
3 1976 2077 1971
3 1870 1861 1770
3 1566 1565 1468
3 1770 1667 1668
3 1870 1770 1868
3 1861 1759 1770
3 1659 1759 1761
3 1762 1715 1660
3 1556 1468 1565
3 1657 1667 1759
3 1467 1468 1371
3 1466 1467 1419
3 1566 1468 1467
3 1668 1566 1666
3 1767 1668 1666
3 1667 1565 1668
3 1565 1657 1556
3 1668 1565 1566
3 1667 1657 1565
3 1660 1715 1615
3 1370 1371 1468
3 2758 2757 2654
3 2964 2859 2860
3 2858 2757 2859
3 2652 2653 2756
3 2550 2651 2650
3 2449 2551 2448
3 2652 2651 2551
3 2149 2249 2248
3 2352 2351 2249
3 2452 2451 2353
3 2450 2449 2351
3 2151 2049 2056
3 2653 2552 2553
3 2160 2261 2251
3 2571 2474 2575
3 2673 2571 2575
3 2667 2565 2571
3 2657 2565 2666
3 2556 2462 2565
3 2363 2371 2462
3 2261 2363 2354
3 2260 2174 2271
3 2363 2260 2271
3 2261 2160 2260
3 2174 2217 2276
3 2056 2057 2160
3 2019 2120 2018
3 2218 2173 2274
3 2120 2121 2217
3 2019 2073 2121
3 2276 2376 2371
3 2376 2373 2471
3 2571 2469 2474
3 2276 2373 2376
3 2363 2271 2371
3 2217 2319 2276
3 2274 2374 2373
3 2388 2483 2385
3 2485 2388 2387
3 2485 2486 2388
3 2189 2089 2152
3 2252 2189 2152
3 2355 2252 2253
3 2392 2391 2292
3 2090 2088 1988
3 2291 2188 2189
3 2290 2187 2188
3 2460 2361 2362
3 2461 2460 2362
3 2562 2663 2662
3 2562 2460 2563
3 2661 2561 2662
3 2459 2460 2562
3 2564 2563 2461
3 2564 2664 2563
3 2659 2658 2558
3 2560 2660 2559
3 3250 3167 3168
3 3248 3249 3331
3 3339 3256 3331
3 2970 2866 2971
3 2864 2865 2969
3 2762 2763 2865
3 2977 3080 3071
3 2969 2977 2871
3 3072 3080 2977
3 3166 3165 3073
3 3173 3080 3165
3 3103 3193 3192
3 3071 3103 3001
3 2968 3071 3001
3 3080 3164 3071
3 3164 3193 3103
3 3166 3248 3165
3 2866 2765 2867
3 2970 2865 2866
3 3073 2970 2971
3 2969 2865 2970
3 2764 2662 2765
3 3075 3074 2972
3 3167 3249 3166
3 2559 2660 2659
3 2560 2661 2660
3 2972 2973 3075
3 2764 2765 2866
3 2763 2764 2866
3 2763 2661 2764
3 2766 2663 2664
3 2867 2766 2868
3 2765 2663 2766
3 2972 2866 2867
3 2662 2663 2765
3 3074 3075 3167
3 2664 2767 2766
3 3076 3169 3168
3 2974 3076 2973
3 2974 3077 3076
3 2975 2974 2869
3 3076 3168 3075
3 3452 3513 3527
3 3380 3452 3456
3 3438 3513 3452
3 3292 3360 3376
3 3440 3362 3363
3 3513 3439 3514
3 3513 3438 3439
3 3441 3363 3411
3 2769 2864 2871
3 2863 2769 2871
3 2690 2658 2761
3 2792 2690 2769
3 2792 2691 2690
3 3247 3256 3330
3 3332 3331 3249
3 3332 3412 3331
3 3420 3496 3487
3 3331 3412 3339
3 3412 3488 3420
3 3339 3412 3420
3 3332 3413 3412
3 2254 2253 2153
3 2255 2254 2154
3 2356 2253 2254
3 2455 2356 2357
3 2454 2392 2355
3 2355 2392 2292
3 2356 2355 2253
3 2356 2454 2355
3 2558 2658 2557
3 2488 2588 2590
3 2455 2557 2454
3 2455 2558 2557
3 2487 2389 2390
3 2690 2691 2588
3 2896 2794 2793
3 2591 2590 2693
3 3362 3439 3361
3 3584 3514 3515
3 3439 3438 3361
3 3583 3513 3514
3 3583 3527 3513
3 3192 3276 3191
3 3101 3192 3191
3 3193 3277 3192
3 3247 3193 3164
3 3277 3276 3192
3 3101 3190 3100
3 3212 3123 3211
3 3021 3022 2919
3 2996 3021 2919
3 3098 3123 3021
3 3211 3123 3189
3 3124 3022 3123
3 2891 2919 2814
3 2997 2891 2892
3 2996 3098 3021
3 2997 2996 2891
3 2997 3099 2996
3 3189 3098 3099
3 3189 3123 3098
3 3212 3124 3123
3 3211 3292 3298
3 3125 3023 3124
3 3297 3213 3212
3 3211 3298 3212
3 3299 3300 3214
3 3381 3299 3297
3 3381 3382 3299
3 3126 3207 3119
3 2812 2916 2917
3 2613 2712 2713
3 2811 2914 2812
3 2712 2715 2811
3 2611 2613 2713
3 2611 2510 2512
3 2915 2921 3019
3 2815 2915 2811
3 2815 2920 2918
3 2584 2483 2486
3 2788 2686 2689
3 2513 2615 2514
3 2712 2811 2812
3 2713 2712 2812
3 2613 2715 2712
3 2512 2614 2613
3 2611 2512 2613
3 2510 2409 2414
3 2716 2815 2715
3 2815 2918 2915
3 2817 2920 2816
3 2718 2817 2816
3 2814 2919 2817
3 3022 3124 3023
3 2919 3022 2920
3 3022 3021 3123
3 3018 3019 3121
3 2816 2920 2815
3 3023 3125 3126
3 3022 3023 2921
3 3124 3212 3125
3 2513 2514 2412
3 2587 2584 2486
3 2790 2689 2688
3 2692 2790 2688
3 2894 2998 2999
3 2692 2794 2790
3 2998 3100 2999
3 2893 2998 2894
3 2896 3000 2998
3 2789 2892 2891
3 2714 2789 2814
3 2714 2687 2789
3 2790 2791 2689
3 2615 2617 2717
3 2717 2617 2718
3 2789 2891 2814
3 3330 3339 3411
3 3363 3330 3411
3 3278 3247 3330
3 3103 3071 3164
3 3000 3001 3102
3 2998 3000 3100
3 2895 2863 2897
3 2896 2895 3000
3 2896 2793 2895
3 2863 2871 2968
3 2969 2871 2864
3 2762 2865 2864
3 3072 3165 3080
3 2970 3072 2969
3 3073 3165 3072
3 3167 3166 3074
3 3072 2977 2969
3 3487 3441 3411
3 3516 3586 3585
3 3487 3516 3441
3 3487 3557 3516
3 3599 3652 3667
3 3380 3376 3452
3 3584 3652 3583
3 3585 3584 3515
3 3527 3456 3452
3 3599 3527 3583
3 3599 3531 3527
3 3672 3604 3671
3 3459 3453 3383
3 3531 3532 3458
3 3533 3528 3459
3 3214 3213 3299
3 3603 3667 3671
3 3585 3653 3584
3 2812 2917 2813
3 2197 2116 2213
3 2297 2196 2194
3 2399 2397 2300
3 2299 2196 2297
3 1991 2094 1995
3 2297 2194 2197
3 2196 2097 2194
3 2011 1915 1912
3 1914 2012 1913
3 2115 2013 2011
3 2098 2013 2116
3 1996 1915 2013
3 2094 1991 1996
3 2194 2094 2098
3 2097 1995 2094
3 1897 1915 1996
3 2113 2112 2209
3 2211 2114 2210
3 2316 2211 2210
3 2316 2212 2211
3 2010 2112 2113
3 2798 2713 2813
3 2409 2510 2498
3 2716 2616 2717
3 2811 2715 2815
3 2614 2616 2716
3 2484 2584 2585
3 2587 2486 2586
3 2688 2587 2586
3 2689 2686 2587
3 2188 2187 2088
3 2291 2390 2290
3 2292 2291 2189
3 2292 2391 2291
3 2389 2387 2289
3 2054 1951 2055
3 2155 2053 2156
3 2256 2155 2156
3 2255 2154 2155
3 1950 1846 1951
3 2054 1950 1951
3 2053 2052 1949
3 2156 2053 2054
3 2157 2156 2054
3 2256 2255 2155
3 2052 2051 1948
3 2155 2052 2053
3 2154 2051 2052
3 3974 3912 3968
3 4036 3974 4031
3 3973 3912 3974
3 3794 3779 3839
3 3922 3859 3860
3 3733 3779 3794
3 3652 3718 3667
3 3855 3839 3900
3 3860 3855 3916
3 3794 3839 3855
3 4223 4286 4224
3 4162 4223 4224
3 4213 4162 4224
3 4098 4161 4162
3 4161 4166 4223
3 4161 4097 4102
3 3976 3915 3919
3 3977 3976 4037
3 3977 3915 3976
3 4026 3977 4038
3 4026 3965 3977
3 3980 4042 4037
3 4165 4167 4227
3 4172 4171 4233
3 4235 4292 4233
3 4173 4235 4233
3 4178 4241 4235
3 2563 2460 2461
3 2456 2558 2455
3 2255 2358 2357
3 2457 2559 2456
3 2458 2560 2457
3 2359 2257 2360
3 2456 2358 2457
3 2256 2257 2359
3 2561 2562 2662
3 2560 2561 2661
3 2459 2562 2561
3 2763 2660 2661
3 2866 2972 2971
3 2761 2658 2659
3 2762 2761 2659
3 2864 2769 2761
3 2971 3074 3073
3 2971 2972 3074
3 3072 2970 3073
3 2764 2661 2662
3 2865 2763 2866
3 2762 2660 2763
3 2867 2973 2972
3 2769 2863 2792
3 2560 2458 2561
3 2457 2560 2559
3 2458 2459 2561
3 2765 2766 2867
3 2257 2256 2156
3 2360 2257 2258
3 2458 2457 2359
3 2360 2459 2458
3 2559 2558 2456
3 3561 3631 3564
3 3490 3561 3493
3 3629 3631 3561
3 4233 4171 4173
3 4231 4172 4234
3 4231 4230 4170
3 3629 3561 3559
3 4170 4110 4172
3 4231 4170 4172
3 4230 4168 4169
3 3493 3416 3490
3 3495 3418 3419
3 3634 3565 3564
3 3494 3418 3495
3 3419 3416 3493
3 4296 4297 4239
3 4239 4176 4238
3 4115 4177 4178
3 4115 4114 4177
3 4111 4115 4173
3 4111 4055 4115
3 4175 4179 4238
3 4113 4175 4176
3 4113 4112 4175
3 4354 4415 4355
3 4358 4419 4418
3 4301 4358 4300
3 4301 4302 4359
3 4418 4417 4357
3 4480 4479 4419
3 4481 4535 4534
3 4421 4481 4420
3 4482 4535 4481
3 4479 4533 4532
3 4587 4586 4534
3 4587 4638 4586
3 4417 4475 4415
3 4478 4417 4418
3 4478 4477 4417
3 4475 4416 4415
3 4170 4108 4110
3 4156 4160 4096
3 4093 4156 4096
3 4035 4036 4096
3 4089 4090 4153
3 4150 4089 4152
3 4031 4090 4089
3 4221 4222 4160
3 4157 4221 4156
3 4150 4157 4156
3 4219 4221 4157
3 4219 4284 4221
3 4169 4168 4106
3 4183 4247 4184
3 4485 4423 4426
3 4423 4424 4389
3 4332 4288 4271
3 4272 4336 4271
3 4349 4391 4411
3 4395 4349 4333
3 4395 4391 4349
3 4393 4395 4332
3 4453 4391 4395
3 4411 4471 4412
3 4333 4349 4351
3 4391 4452 4413
3 4351 4411 4412
3 4454 4452 4391
3 4514 4454 4453
3 4513 4452 4454
3 4413 4473 4471
3 4391 4413 4411
3 4452 4511 4472
3 4469 4524 4468
3 4470 4469 4468
3 4470 4525 4469
3 4473 4525 4471
3 4527 4577 4525
3 4579 4633 4580
3 4578 4579 4580
3 4632 4633 4579
3 4619 4620 4564
3 4683 4685 4632
3 4620 4672 4632
3 4578 4620 4632
3 4619 4673 4620
3 4724 4725 4774
3 4632 4672 4683
3 4673 4725 4672
3 4620 4673 4672
3 4565 4619 4564
3 4565 4621 4619
3 4670 4671 4618
3 4723 4773 4725
3 4686 4736 4727
3 4674 4624 4676
3 4635 4687 4686
3 4784 4835 4786
3 4734 4735 4784
3 4684 4734 4687
3 4684 4633 4685
3 4785 4783 4833
3 4835 4785 4834
3 4735 4783 4785
3 4685 4633 4632
3 4733 4685 4683
3 4734 4684 4685
3 4683 4724 4733
3 4836 4879 4827
3 4835 4836 4786
3 4929 4887 4937
3 4785 4833 4834
3 4774 4783 4733
3 4774 4825 4783
3 4887 4936 4937
3 4834 4886 4835
3 4834 4885 4886
3 4461 4517 4462
3 4399 4461 4398
3 4399 4460 4461
3 4408 4459 4460
3 4338 4346 4397
3 4348 4409 4408
3 4459 4458 4515
3 4409 4470 4468
3 4350 4409 4348
3 4350 4412 4410
3 4524 4528 4474
3 4215 4276 4278
3 4276 4224 4287
3 4278 4276 4338
3 4213 4224 4276
3 4151 4213 4215
3 4149 4162 4213
3 4088 4149 4151
3 4097 4037 4042
3 4102 4097 4042
3 4161 4098 4097
3 4087 4038 4098
3 4087 4026 4038
3 4286 4347 4287
3 4166 4228 4223
3 4223 4228 4286
3 4165 4166 4102
3 4165 4227 4166
3 4229 4227 4167
3 4229 4288 4291
3 4227 4289 4228
3 4287 4338 4276
3 4286 4287 4224
3 4347 4348 4408
3 4290 4350 4347
3 4286 4290 4347
3 4228 4289 4290
3 4347 4408 4346
3 4469 4525 4524
3 4149 4213 4151
3 4468 4459 4408
3 4340 4339 4279
3 4338 4340 4278
3 4399 4339 4340
3 4104 4101 4044
3 4228 4166 4227
3 4102 4101 4165
3 4041 3983 4044
3 4042 4041 4101
3 3979 3983 4041
3 3920 3979 3980
3 3919 3920 3980
3 3858 3856 3918
3 3923 3983 3979
3 3918 3923 3979
3 3920 3918 3979
3 3856 3861 3918
3 3861 3859 3921
3 4040 4039 3982
3 4042 3980 4041
3 3922 3916 3978
3 3921 3859 3922
3 3923 3921 3981
3 3923 3861 3921
3 3671 3737 3672
3 3855 3860 3799
3 3859 3798 3799
3 3981 3921 3922
3 3798 3739 3738
3 3861 3800 3859
3 3861 3856 3800
3 3855 3799 3794
3 3922 3860 3916
3 3859 3799 3860
3 3978 4022 4040
3 4008 4052 3993
3 4374 4435 4373
3 4316 4374 4373
3 4437 4498 4497
3 4110 4109 4171
3 4112 4116 4175
3 4175 4116 4179
3 4008 4068 4067
3 4256 4258 4316
3 4193 4129 4130
3 4257 4193 4256
3 4192 4129 4193
3 4194 4258 4256
3 4257 4192 4193
3 4130 4131 4194
3 4244 4243 4180
3 4297 4296 4354
3 4241 4240 4298
3 4296 4300 4354
3 4179 4242 4238
3 4116 4128 4180
3 4179 4116 4180
3 4112 4067 4116
3 4053 4112 4113
3 4067 4128 4116
3 4180 4243 4179
3 4302 4303 4360
3 4242 4243 4301
3 4244 4303 4302
3 4233 4234 4172
3 4178 4235 4173
3 4292 4234 4233
3 4053 3995 3994
3 3992 4051 4049
3 4054 3996 3995
3 4054 4055 3996
3 4176 4114 4113
3 4111 4051 4055
3 4114 4115 4055
3 4054 4114 4055
3 4176 4177 4114
3 4173 4171 4111
3 4110 4108 4050
3 4172 4110 4171
3 3869 3870 3929
3 3808 3869 3868
3 3810 3751 3809
3 4109 4050 4049
3 4111 4109 4051
3 4110 4050 4109
3 4048 4047 3988
3 3991 4048 3989
3 3931 3991 3989
3 3990 4049 3991
3 4107 4047 4048
3 4108 4107 4048
3 4108 4169 4107
3 4105 4106 4168
3 3986 4045 3985
3 3925 3986 3985
3 3987 4046 3986
3 3925 3926 3986
3 3924 3925 3985
3 3865 3866 3926
3 4047 4107 4106
3 4105 4046 4106
3 3988 3989 4048
3 3864 3863 3802
3 3925 3864 3865
3 3924 3863 3864
3 3419 3338 3337
3 3564 3495 3493
3 3418 3338 3419
3 3745 3744 3682
3 3685 3746 3683
3 3804 3744 3745
3 3867 3866 3805
3 3746 3806 3805
3 3868 3928 3867
3 3865 3803 3804
3 3864 3803 3865
3 3802 3801 3742
3 3864 3802 3803
3 3863 3801 3802
3 3253 3335 3252
3 3171 3253 3170
3 3336 3335 3253
3 3336 3417 3335
3 3255 3336 3253
3 3254 3255 3172
3 3254 3338 3255
3 3419 3337 3416
3 3336 3338 3418
3 3254 3337 3338
3 3441 3516 3515
3 4186 4123 4185
3 4308 4304 4250
3 4063 4061 4005
3 4124 4122 4186
3 4124 4064 4122
3 4086 4056 4117
3 4085 4024 4025
3 4117 4064 4124
3 4148 4117 4181
3 4056 4064 4117
3 4025 4056 4086
3 3997 3964 3937
3 4005 3944 4004
3 3817 3824 3764
3 3946 3937 3885
3 3941 3946 3885
3 4006 4056 3997
3 3964 3903 3937
3 3997 4025 3964
3 3946 3997 3937
3 3946 4006 3997
3 4147 4085 4086
3 4085 4146 4084
3 4086 4085 4025
3 4147 4146 4085
3 3900 3961 3917
3 3903 3876 3937
3 3841 3782 3842
3 3840 3841 3901
3 3781 3782 3841
3 3815 3876 3842
3 4083 4144 4100
3 3880 3819 3818
3 3883 3821 3882
3 3696 3631 3629
3 3760 3696 3759
3 3760 3698 3696
3 3634 3698 3700
3 3633 3634 3700
3 3564 3631 3634
3 3495 3419 3493
3 3417 3418 3494
3 3336 3255 3338
3 3561 3490 3559
3 3695 3628 3694
3 3696 3629 3695
3 3634 3631 3698
3 3564 3493 3561
3 3559 3628 3629
3 4043 4044 3983
3 3982 4043 3981
3 4043 4099 4103
3 3922 3982 3981
3 4100 4164 4099
3 4225 4226 4164
3 4103 4104 4044
3 3918 3861 3923
3 3856 3795 3800
3 3927 3866 3867
3 3987 3927 3988
3 3987 3986 3926
3 3924 3864 3925
3 3745 3682 3683
3 3803 3744 3804
3 3803 3743 3744
3 3077 3170 3169
3 2975 3077 2974
3 2975 3078 3077
3 3079 3078 2976
3 3171 3170 3078
3 3172 3171 3079
3 3255 3253 3171
3 3253 3252 3170
3 3415 3335 3417
3 3415 3334 3335
3 3171 3078 3079
3 3169 3170 3252
3 3169 3076 3077
3 3805 3804 3745
3 3806 3867 3805
3 3808 3806 3748
3 3808 3868 3806
3 3866 3804 3805
3 3988 3927 3928
3 3865 3804 3866
3 3742 3741 3679
3 3743 3742 3680
3 3743 3802 3742
3 3550 3480 3482
3 3621 3686 3619
3 3549 3616 3547
3 174 256 171
3 101 174 99
3 175 258 259
3 100 175 101
3 428 341 429
3 423 336 425
3 256 259 339
3 173 258 175
3 173 172 257
3 100 173 175
3 53 100 101
3 52 53 101
3 21 22 53
3 51 30 73
3 53 51 100
3 22 30 51
3 510 512 601
3 340 429 341
3 257 340 258
3 173 257 258
3 227 145 146
3 255 227 309
3 255 172 227
3 483 482 398
3 255 338 257
3 512 428 515
3 309 337 255
3 232 312 310
3 393 424 337
3 309 393 337
3 310 394 393
3 393 394 481
3 228 310 309
3 312 233 313
3 395 312 398
3 482 395 398
3 394 310 395
3 232 233 312
3 228 232 310
3 228 150 232
3 481 569 480
3 482 481 394
3 482 570 481
3 427 514 429
3 426 427 338
3 513 514 427
3 574 488 487
3 404 390 403
3 489 404 488
3 478 392 390
3 392 307 317
3 976 1071 975
3 882 977 976
3 928 978 882
3 927 928 835
3 1020 978 928
3 1020 1114 1073
3 1072 1073 1167
3 1166 1072 1167
3 977 978 1072
3 1359 1357 1263
3 1360 1359 1264
3 1456 1357 1359
3 1554 1456 1457
3 1454 1358 1456
3 1061 1064 968
3 1070 1160 1061
3 1069 1070 1061
3 1165 1160 1070
3 1159 1161 1256
3 1069 1165 1070
3 1252 1257 1160
3 1071 1166 1165
3 1262 1356 1347
3 691 688 599
3 600 691 599
3 873 878 968
3 781 873 872
3 781 785 873
3 692 785 691
3 692 786 785
3 486 402 401
3 571 486 484
3 574 663 575
3 486 574 487
3 662 663 574
3 390 404 478
3 664 576 575
3 391 396 397
3 478 489 566
3 392 478 391
3 404 489 478
3 604 513 602
3 696 605 604
3 788 696 694
3 789 695 696
3 605 515 514
3 694 696 604
3 695 603 605
3 846 755 843
3 938 846 936
3 938 845 846
3 1456 1554 1552
3 1166 1071 1072
3 1165 1069 1071
3 1261 1165 1166
3 1261 1252 1165
3 881 880 789
3 835 881 788
3 976 880 881
3 1071 976 977
3 975 880 976
3 928 882 835
3 881 789 788
3 879 880 975
3 974 879 975
3 786 787 879
3 787 693 695
3 879 787 880
3 786 693 787
3 605 603 515
3 880 787 789
3 693 603 695
3 1019 933 1027
3 1313 1311 1409
3 1124 1220 1221
3 1123 1218 1220
3 926 1018 925
3 925 929 927
3 1019 1018 926
3 1113 1115 1021
3 1019 1113 1018
3 933 1019 926
3 1027 1121 1030
3 1114 1209 1168
3 1021 1114 1020
3 1021 1115 1114
3 1208 1210 1115
3 1124 1208 1113
3 1221 1303 1208
3 1303 1401 1304
3 1208 1303 1210
3 1221 1314 1303
3 1020 928 927
3 1073 1072 978
3 1264 1167 1168
3 1072 1071 977
3 1263 1166 1167
3 1263 1261 1166
3 656 653 568
3 833 927 834
3 748 833 742
3 656 749 748
3 653 656 742
3 568 659 656
3 839 926 925
3 840 839 748
3 840 933 839
3 925 927 833
3 833 839 925
3 1018 929 925
3 743 653 742
3 833 743 742
3 834 744 743
3 788 744 835
3 840 749 751
3 1507 1597 1604
3 1506 1507 1605
3 1508 1506 1605
3 1505 1508 1603
3 1602 1505 1603
3 1497 1412 1505
3 1412 1411 1508
3 1411 1313 1409
3 1314 1401 1303
3 1220 1314 1221
3 1412 1401 1314
3 1506 1508 1411
3 1497 1401 1412
3 1594 1497 1505
3 1602 1594 1505
3 1498 1555 1458
3 1265 1264 1168
3 755 846 756
3 843 752 837
3 1217 1219 1310
3 1216 1217 1310
3 1216 1122 1217
3 1029 1122 1120
3 1117 1214 1122
3 1214 1219 1217
3 1215 1214 1117
3 1215 1309 1214
3 1308 1408 1309
3 1211 1306 1213
3 1405 1408 1308
3 1312 1219 1309
3 1408 1312 1309
3 1407 1410 1312
3 1120 1028 1026
3 1124 1123 1220
3 1019 1030 1113
3 1121 1120 1216
3 1124 1121 1123
3 1027 1028 1121
3 478 396 391
3 576 657 566
3 575 576 489
3 665 754 750
3 664 665 576
3 664 756 665
3 663 755 664
3 833 748 839
3 841 933 840
3 1402 1304 1401
3 1073 1114 1168
3 1167 1073 1168
3 978 1020 1073
3 1115 1113 1208
3 1209 1115 1210
3 1021 1018 1113
3 427 426 513
3 257 338 340
3 337 424 426
3 152 233 151
3 398 313 397
3 483 398 397
3 482 394 395
3 227 228 309
3 312 313 398
3 78 79 150
3 152 231 234
3 148 152 80
3 148 149 231
3 75 148 80
3 77 76 149
3 566 479 478
3 231 229 311
3 3974 3968 4031
3 3914 3911 3973
3 3906 3966 3968
3 3965 4026 3966
3 4087 4149 4088
3 4088 4151 4090
3 4028 4088 4090
3 4027 4087 4088
3 3977 4037 4038
3 3904 3915 3965
3 3905 3904 3965
3 3844 3843 3904
3 3857 3858 3919
3 3915 3857 3919
3 3843 3783 3796
3 4042 4101 4102
3 4097 4038 4037
3 3980 3979 4041
3 4215 4153 4151
3 100 98 173
3 32 78 31
3 151 80 152
3 232 151 233
3 79 32 33
3 150 79 151
3 232 150 151
3 228 146 150
3 78 32 79
3 73 78 145
3 98 73 145
3 30 31 73
3 79 33 80
3 3681 3680 3614

CELL_TYPES 14671
5
5
5
5
5
5
5
5
5
5
5
5
5
5
5
5
5
5
5
5
5
5
5
5
5
5
5
5
5
5
5
5
5
5
5
5
5
5
5
5
5
5
5
5
5
5
5
5
5
5
5
5
5
5
5
5
5
5
5
5
5
5
5
5
5
5
5
5
5
5
5
5
5
5
5
5
5
5
5
5
5
5
5
5
5
5
5
5
5
5
5
5
5
5
5
5
5
5
5
5
5
5
5
5
5
5
5
5
5
5
5
5
5
5
5
5
5
5
5
5
5
5
5
5
5
5
5
5
5
5
5
5
5
5
5
5
5
5
5
5
5
5
5
5
5
5
5
5
5
5
5
5
5
5
5
5
5
5
5
5
5
5
5
5
5
5
5
5
5
5
5
5
5
5
5
5
5
5
5
5
5
5
5
5
5
5
5
5
5
5
5
5
5
5
5
5
5
5
5
5
5
5
5
5
5
5
5
5
5
5
5
5
5
5
5
5
5
5
5
5
5
5
5
5
5
5
5
5
5
5
5
5
5
5
5
5
5
5
5
5
5
5
5
5
5
5
5
5
5
5
5
5
5
5
5
5
5
5
5
5
5
5
5
5
5
5
5
5
5
5
5
5
5
5
5
5
5
5
5
5
5
5
5
5
5
5
5
5
5
5
5
5
5
5
5
5
5
5
5
5
5
5
5
5
5
5
5
5
5
5
5
5
5
5
5
5
5
5
5
5
5
5
5
5
5
5
5
5
5
5
5
5
5
5
5
5
5
5
5
5
5
5
5
5
5
5
5
5
5
5
5
5
5
5
5
5
5
5
5
5
5
5
5
5
5
5
5
5
5
5
5
5
5
5
5
5
5
5
5
5
5
5
5
5
5
5
5
5
5
5
5
5
5
5
5
5
5
5
5
5
5
5
5
5
5
5
5
5
5
5
5
5
5
5
5
5
5
5
5
5
5
5
5
5
5
5
5
5
5
5
5
5
5
5
5
5
5
5
5
5
5
5
5
5
5
5
5
5
5
5
5
5
5
5
5
5
5
5
5
5
5
5
5
5
5
5
5
5
5
5
5
5
5
5
5
5
5
5
5
5
5
5
5
5
5
5
5
5
5
5
5
5
5
5
5
5
5
5
5
5
5
5
5
5
5
5
5
5
5
5
5
5
5
5
5
5
5
5
5
5
5
5
5
5
5
5
5
5
5
5
5
5
5
5
5
5
5
5
5
5
5
5
5
5
5
5
5
5
5
5
5
5
5
5
5
5
5
5
5
5
5
5
5
5
5
5
5
5
5
5
5
5
5
5
5
5
5
5
5
5
5
5
5
5
5
5
5
5
5
5
5
5
5
5
5
5
5
5
5
5
5
5
5
5
5
5
5
5
5
5
5
5
5
5
5
5
5
5
5
5
5
5
5
5
5
5
5
5
5
5
5
5
5
5
5
5
5
5
5
5
5
5
5
5
5
5
5
5
5
5
5
5
5
5
5
5
5
5
5
5
5
5
5
5
5
5
5
5
5
5
5
5
5
5
5
5
5
5
5
5
5
5
5
5
5
5
5
5
5
5
5
5
5
5
5
5
5
5
5
5
5
5
5
5
5
5
5
5
5
5
5
5
5
5
5
5
5
5
5
5
5
5
5
5
5
5
5
5
5
5
5
5
5
5
5
5
5
5
5
5
5
5
5
5
5
5
5
5
5
5
5
5
5
5
5
5
5
5
5
5
5
5
5
5
5
5
5
5
5
5
5
5
5
5
5
5
5
5
5
5
5
5
5
5
5
5
5
5
5
5
5
5
5
5
5
5
5
5
5
5
5
5
5
5
5
5
5
5
5
5
5
5
5
5
5
5
5
5
5
5
5
5
5
5
5
5
5
5
5
5
5
5
5
5
5
5
5
5
5
5
5
5
5
5
5
5
5
5
5
5
5
5
5
5
5
5
5
5
5
5
5
5
5
5
5
5
5
5
5
5
5
5
5
5
5
5
5
5
5
5
5
5
5
5
5
5
5
5
5
5
5
5
5
5
5
5
5
5
5
5
5
5
5
5
5
5
5
5
5
5
5
5
5
5
5
5
5
5
5
5
5
5
5
5
5
5
5
5
5
5
5
5
5
5
5
5
5
5
5
5
5
5
5
5
5
5
5
5
5
5
5
5
5
5
5
5
5
5
5
5
5
5
5
5
5
5
5
5
5
5
5
5
5
5
5
5
5
5
5
5
5
5
5
5
5
5
5
5
5
5
5
5
5
5
5
5
5
5
5
5
5
5
5
5
5
5
5
5
5
5
5
5
5
5
5
5
5
5
5
5
5
5
5
5
5
5
5
5
5
5
5
5
5
5
5
5
5
5
5
5
5
5
5
5
5
5
5
5
5
5
5
5
5
5
5
5
5
5
5
5
5
5
5
5
5
5
5
5
5
5
5
5
5
5
5
5
5
5
5
5
5
5
5
5
5
5
5
5
5
5
5
5
5
5
5
5
5
5
5
5
5
5
5
5
5
5
5
5
5
5
5
5
5
5
5
5
5
5
5
5
5
5
5
5
5
5
5
5
5
5
5
5
5
5
5
5
5
5
5
5
5
5
5
5
5
5
5
5
5
5
5
5
5
5
5
5
5
5
5
5
5
5
5
5
5
5
5
5
5
5
5
5
5
5
5
5
5
5
5
5
5
5
5
5
5
5
5
5
5
5
5
5
5
5
5
5
5
5
5
5
5
5
5
5
5
5
5
5
5
5
5
5
5
5
5
5
5
5
5
5
5
5
5
5
5
5
5
5
5
5
5
5
5
5
5
5
5
5
5
5
5
5
5
5
5
5
5
5
5
5
5
5
5
5
5
5
5
5
5
5
5
5
5
5
5
5
5
5
5
5
5
5
5
5
5
5
5
5
5
5
5
5
5
5
5
5
5
5
5
5
5
5
5
5
5
5
5
5
5
5
5
5
5
5
5
5
5
5
5
5
5
5
5
5
5
5
5
5
5
5
5
5
5
5
5
5
5
5
5
5
5
5
5
5
5
5
5
5
5
5
5
5
5
5
5
5
5
5
5
5
5
5
5
5
5
5
5
5
5
5
5
5
5
5
5
5
5
5
5
5
5
5
5
5
5
5
5
5
5
5
5
5
5
5
5
5
5
5
5
5
5
5
5
5
5
5
5
5
5
5
5
5
5
5
5
5
5
5
5
5
5
5
5
5
5
5
5
5
5
5
5
5
5
5
5
5
5
5
5
5
5
5
5
5
5
5
5
5
5
5
5
5
5
5
5
5
5
5
5
5
5
5
5
5
5
5
5
5
5
5
5
5
5
5
5
5
5
5
5
5
5
5
5
5
5
5
5
5
5
5
5
5
5
5
5
5
5
5
5
5
5
5
5
5
5
5
5
5
5
5
5
5
5
5
5
5
5
5
5
5
5
5
5
5
5
5
5
5
5
5
5
5
5
5
5
5
5
5
5
5
5
5
5
5
5
5
5
5
5
5
5
5
5
5
5
5
5
5
5
5
5
5
5
5
5
5
5
5
5
5
5
5
5
5
5
5
5
5
5
5
5
5
5
5
5
5
5
5
5
5
5
5
5
5
5
5
5
5
5
5
5
5
5
5
5
5
5
5
5
5
5
5
5
5
5
5
5
5
5
5
5
5
5
5
5
5
5
5
5
5
5
5
5
5
5
5
5
5
5
5
5
5
5
5
5
5
5
5
5
5
5
5
5
5
5
5
5
5
5
5
5
5
5
5
5
5
5
5
5
5
5
5
5
5
5
5
5
5
5
5
5
5
5
5
5
5
5
5
5
5
5
5
5
5
5
5
5
5
5
5
5
5
5
5
5
5
5
5
5
5
5
5
5
5
5
5
5
5
5
5
5
5
5
5
5
5
5
5
5
5
5
5
5
5
5
5
5
5
5
5
5
5
5
5
5
5
5
5
5
5
5
5
5
5
5
5
5
5
5
5
5
5
5
5
5
5
5
5
5
5
5
5
5
5
5
5
5
5
5
5
5
5
5
5
5
5
5
5
5
5
5
5
5
5
5
5
5
5
5
5
5
5
5
5
5
5
5
5
5
5
5
5
5
5
5
5
5
5
5
5
5
5
5
5
5
5
5
5
5
5
5
5
5
5
5
5
5
5
5
5
5
5
5
5
5
5
5
5
5
5
5
5
5
5
5
5
5
5
5
5
5
5
5
5
5
5
5
5
5
5
5
5
5
5
5
5
5
5
5
5
5
5
5
5
5
5
5
5
5
5
5
5
5
5
5
5
5
5
5
5
5
5
5
5
5
5
5
5
5
5
5
5
5
5
5
5
5
5
5
5
5
5
5
5
5
5
5
5
5
5
5
5
5
5
5
5
5
5
5
5
5
5
5
5
5
5
5
5
5
5
5
5
5
5
5
5
5
5
5
5
5
5
5
5
5
5
5
5
5
5
5
5
5
5
5
5
5
5
5
5
5
5
5
5
5
5
5
5
5
5
5
5
5
5
5
5
5
5
5
5
5
5
5
5
5
5
5
5
5
5
5
5
5
5
5
5
5
5
5
5
5
5
5
5
5
5
5
5
5
5
5
5
5
5
5
5
5
5
5
5
5
5
5
5
5
5
5
5
5
5
5
5
5
5
5
5
5
5
5
5
5
5
5
5
5
5
5
5
5
5
5
5
5
5
5
5
5
5
5
5
5
5
5
5
5
5
5
5
5
5
5
5
5
5
5
5
5
5
5
5
5
5
5
5
5
5
5
5
5
5
5
5
5
5
5
5
5
5
5
5
5
5
5
5
5
5
5
5
5
5
5
5
5
5
5
5
5
5
5
5
5
5
5
5
5
5
5
5
5
5
5
5
5
5
5
5
5
5
5
5
5
5
5
5
5
5
5
5
5
5
5
5
5
5
5
5
5
5
5
5
5
5
5
5
5
5
5
5
5
5
5
5
5
5
5
5
5
5
5
5
5
5
5
5
5
5
5
5
5
5
5
5
5
5
5
5
5
5
5
5
5
5
5
5
5
5
5
5
5
5
5
5
5
5
5
5
5
5
5
5
5
5
5
5
5
5
5
5
5
5
5
5
5
5
5
5
5
5
5
5
5
5
5
5
5
5
5
5
5
5
5
5
5
5
5
5
5
5
5
5
5
5
5
5
5
5
5
5
5
5
5
5
5
5
5
5
5
5
5
5
5
5
5
5
5
5
5
5
5
5
5
5
5
5
5
5
5
5
5
5
5
5
5
5
5
5
5
5
5
5
5
5
5
5
5
5
5
5
5
5
5
5
5
5
5
5
5
5
5
5
5
5
5
5
5
5
5
5
5
5
5
5
5
5
5
5
5
5
5
5
5
5
5
5
5
5
5
5
5
5
5
5
5
5
5
5
5
5
5
5
5
5
5
5
5
5
5
5
5
5
5
5
5
5
5
5
5
5
5
5
5
5
5
5
5
5
5
5
5
5
5
5
5
5
5
5
5
5
5
5
5
5
5
5
5
5
5
5
5
5
5
5
5
5
5
5
5
5
5
5
5
5
5
5
5
5
5
5
5
5
5
5
5
5
5
5
5
5
5
5
5
5
5
5
5
5
5
5
5
5
5
5
5
5
5
5
5
5
5
5
5
5
5
5
5
5
5
5
5
5
5
5
5
5
5
5
5
5
5
5
5
5
5
5
5
5
5
5
5
5
5
5
5
5
5
5
5
5
5
5
5
5
5
5
5
5
5
5
5
5
5
5
5
5
5
5
5
5
5
5
5
5
5
5
5
5
5
5
5
5
5
5
5
5
5
5
5
5
5
5
5
5
5
5
5
5
5
5
5
5
5
5
5
5
5
5
5
5
5
5
5
5
5
5
5
5
5
5
5
5
5
5
5
5
5
5
5
5
5
5
5
5
5
5
5
5
5
5
5
5
5
5
5
5
5
5
5
5
5
5
5
5
5
5
5
5
5
5
5
5
5
5
5
5
5
5
5
5
5
5
5
5
5
5
5
5
5
5
5
5
5
5
5
5
5
5
5
5
5
5
5
5
5
5
5
5
5
5
5
5
5
5
5
5
5
5
5
5
5
5
5
5
5
5
5
5
5
5
5
5
5
5
5
5
5
5
5
5
5
5
5
5
5
5
5
5
5
5
5
5
5
5
5
5
5
5
5
5
5
5
5
5
5
5
5
5
5
5
5
5
5
5
5
5
5
5
5
5
5
5
5
5
5
5
5
5
5
5
5
5
5
5
5
5
5
5
5
5
5
5
5
5
5
5
5
5
5
5
5
5
5
5
5
5
5
5
5
5
5
5
5
5
5
5
5
5
5
5
5
5
5
5
5
5
5
5
5
5
5
5
5
5
5
5
5
5
5
5
5
5
5
5
5
5
5
5
5
5
5
5
5
5
5
5
5
5
5
5
5
5
5
5
5
5
5
5
5
5
5
5
5
5
5
5
5
5
5
5
5
5
5
5
5
5
5
5
5
5
5
5
5
5
5
5
5
5
5
5
5
5
5
5
5
5
5
5
5
5
5
5
5
5
5
5
5
5
5
5
5
5
5
5
5
5
5
5
5
5
5
5
5
5
5
5
5
5
5
5
5
5
5
5
5
5
5
5
5
5
5
5
5
5
5
5
5
5
5
5
5
5
5
5
5
5
5
5
5
5
5
5
5
5
5
5
5
5
5
5
5
5
5
5
5
5
5
5
5
5
5
5
5
5
5
5
5
5
5
5
5
5
5
5
5
5
5
5
5
5
5
5
5
5
5
5
5
5
5
5
5
5
5
5
5
5
5
5
5
5
5
5
5
5
5
5
5
5
5
5
5
5
5
5
5
5
5
5
5
5
5
5
5
5
5
5
5
5
5
5
5
5
5
5
5
5
5
5
5
5
5
5
5
5
5
5
5
5
5
5
5
5
5
5
5
5
5
5
5
5
5
5
5
5
5
5
5
5
5
5
5
5
5
5
5
5
5
5
5
5
5
5
5
5
5
5
5
5
5
5
5
5
5
5
5
5
5
5
5
5
5
5
5
5
5
5
5
5
5
5
5
5
5
5
5
5
5
5
5
5
5
5
5
5
5
5
5
5
5
5
5
5
5
5
5
5
5
5
5
5
5
5
5
5
5
5
5
5
5
5
5
5
5
5
5
5
5
5
5
5
5
5
5
5
5
5
5
5
5
5
5
5
5
5
5
5
5
5
5
5
5
5
5
5
5
5
5
5
5
5
5
5
5
5
5
5
5
5
5
5
5
5
5
5
5
5
5
5
5
5
5
5
5
5
5
5
5
5
5
5
5
5
5
5
5
5
5
5
5
5
5
5
5
5
5
5
5
5
5
5
5
5
5
5
5
5
5
5
5
5
5
5
5
5
5
5
5
5
5
5
5
5
5
5
5
5
5
5
5
5
5
5
5
5
5
5
5
5
5
5
5
5
5
5
5
5
5
5
5
5
5
5
5
5
5
5
5
5
5
5
5
5
5
5
5
5
5
5
5
5
5
5
5
5
5
5
5
5
5
5
5
5
5
5
5
5
5
5
5
5
5
5
5
5
5
5
5
5
5
5
5
5
5
5
5
5
5
5
5
5
5
5
5
5
5
5
5
5
5
5
5
5
5
5
5
5
5
5
5
5
5
5
5
5
5
5
5
5
5
5
5
5
5
5
5
5
5
5
5
5
5
5
5
5
5
5
5
5
5
5
5
5
5
5
5
5
5
5
5
5
5
5
5
5
5
5
5
5
5
5
5
5
5
5
5
5
5
5
5
5
5
5
5
5
5
5
5
5
5
5
5
5
5
5
5
5
5
5
5
5
5
5
5
5
5
5
5
5
5
5
5
5
5
5
5
5
5
5
5
5
5
5
5
5
5
5
5
5
5
5
5
5
5
5
5
5
5
5
5
5
5
5
5
5
5
5
5
5
5
5
5
5
5
5
5
5
5
5
5
5
5
5
5
5
5
5
5
5
5
5
5
5
5
5
5
5
5
5
5
5
5
5
5
5
5
5
5
5
5
5
5
5
5
5
5
5
5
5
5
5
5
5
5
5
5
5
5
5
5
5
5
5
5
5
5
5
5
5
5
5
5
5
5
5
5
5
5
5
5
5
5
5
5
5
5
5
5
5
5
5
5
5
5
5
5
5
5
5
5
5
5
5
5
5
5
5
5
5
5
5
5
5
5
5
5
5
5
5
5
5
5
5
5
5
5
5
5
5
5
5
5
5
5
5
5
5
5
5
5
5
5
5
5
5
5
5
5
5
5
5
5
5
5
5
5
5
5
5
5
5
5
5
5
5
5
5
5
5
5
5
5
5
5
5
5
5
5
5
5
5
5
5
5
5
5
5
5
5
5
5
5
5
5
5
5
5
5
5
5
5
5
5
5
5
5
5
5
5
5
5
5
5
5
5
5
5
5
5
5
5
5
5
5
5
5
5
5
5
5
5
5
5
5
5
5
5
5
5
5
5
5
5
5
5
5
5
5
5
5
5
5
5
5
5
5
5
5
5
5
5
5
5
5
5
5
5
5
5
5
5
5
5
5
5
5
5
5
5
5
5
5
5
5
5
5
5
5
5
5
5
5
5
5
5
5
5
5
5
5
5
5
5
5
5
5
5
5
5
5
5
5
5
5
5
5
5
5
5
5
5
5
5
5
5
5
5
5
5
5
5
5
5
5
5
5
5
5
5
5
5
5
5
5
5
5
5
5
5
5
5
5
5
5
5
5
5
5
5
5
5
5
5
5
5
5
5
5
5
5
5
5
5
5
5
5
5
5
5
5
5
5
5
5
5
5
5
5
5
5
5
5
5
5
5
5
5
5
5
5
5
5
5
5
5
5
5
5
5
5
5
5
5
5
5
5
5
5
5
5
5
5
5
5
5
5
5
5
5
5
5
5
5
5
5
5
5
5
5
5
5
5
5
5
5
5
5
5
5
5
5
5
5
5
5
5
5
5
5
5
5
5
5
5
5
5
5
5
5
5
5
5
5
5
5
5
5
5
5
5
5
5
5
5
5
5
5
5
5
5
5
5
5
5
5
5
5
5
5
5
5
5
5
5
5
5
5
5
5
5
5
5
5
5
5
5
5
5
5
5
5
5
5
5
5
5
5
5
5
5
5
5
5
5
5
5
5
5
5
5
5
5
5
5
5
5
5
5
5
5
5
5
5
5
5
5
5
5
5
5
5
5
5
5
5
5
5
5
5
5
5
5
5
5
5
5
5
5
5
5
5
5
5
5
5
5
5
5
5
5
5
5
5
5
5
5
5
5
5
5
5
5
5
5
5
5
5
5
5
5
5
5
5
5
5
5
5
5
5
5
5
5
5
5
5
5
5
5
5
5
5
5
5
5
5
5
5
5
5
5
5
5
5
5
5
5
5
5
5
5
5
5
5
5
5
5
5
5
5
5
5
5
5
5
5
5
5
5
5
5
5
5
5
5
5
5
5
5
5
5
5
5
5
5
5
5
5
5
5
5
5
5
5
5
5
5
5
5
5
5
5
5
5
5
5
5
5
5
5
5
5
5
5
5
5
5
5
5
5
5
5
5
5
5
5
5
5
5
5
5
5
5
5
5
5
5
5
5
5
5
5
5
5
5
5
5
5
5
5
5
5
5
5
5
5
5
5
5
5
5
5
5
5
5
5
5
5
5
5
5
5
5
5
5
5
5
5
5
5
5
5
5
5
5
5
5
5
5
5
5
5
5
5
5
5
5
5
5
5
5
5
5
5
5
5
5
5
5
5
5
5
5
5
5
5
5
5
5
5
5
5
5
5
5
5
5
5
5
5
5
5
5
5
5
5
5
5
5
5
5
5
5
5
5
5
5
5
5
5
5
5
5
5
5
5
5
5
5
5
5
5
5
5
5
5
5
5
5
5
5
5
5
5
5
5
5
5
5
5
5
5
5
5
5
5
5
5
5
5
5
5
5
5
5
5
5
5
5
5
5
5
5
5
5
5
5
5
5
5
5
5
5
5
5
5
5
5
5
5
5
5
5
5
5
5
5
5
5
5
5
5
5
5
5
5
5
5
5
5
5
5
5
5
5
5
5
5
5
5
5
5
5
5
5
5
5
5
5
5
5
5
5
5
5
5
5
5
5
5
5
5
5
5
5
5
5
5
5
5
5
5
5
5
5
5
5
5
5
5
5
5
5
5
5
5
5
5
5
5
5
5
5
5
5
5
5
5
5
5
5
5
5
5
5
5
5
5
5
5
5
5
5
5
5
5
5
5
5
5
5
5
5
5
5
5
5
5
5
5
5
5
5
5
5
5
5
5
5
5
5
5
5
5
5
5
5
5
5
5
5
5
5
5
5
5
5
5
5
5
5
5
5
5
5
5
5
5
5
5
5
5
5
5
5
5
5
5
5
5
5
5
5
5
5
5
5
5
5
5
5
5
5
5
5
5
5
5
5
5
5
5
5
5
5
5
5
5
5
5
5
5
5
5
5
5
5
5
5
5
5
5
5
5
5
5
5
5
5
5
5
5
5
5
5
5
5
5
5
5
5
5
5
5
5
5
5
5
5
5
5
5
5
5
5
5
5
5
5
5
5
5
5
5
5
5
5
5
5
5
5
5
5
5
5
5
5
5
5
5
5
5
5
5
5
5
5
5
5
5
5
5
5
5
5
5
5
5
5
5
5
5
5
5
5
5
5
5
5
5
5
5
5
5
5
5
5
5
5
5
5
5
5
5
5
5
5
5
5
5
5
5
5
5
5
5
5
5
5
5
5
5
5
5
5
5
5
5
5
5
5
5
5
5
5
5
5
5
5
5
5
5
5
5
5
5
5
5
5
5
5
5
5
5
5
5
5
5
5
5
5
5
5
5
5
5
5
5
5
5
5
5
5
5
5
5
5
5
5
5
5
5
5
5
5
5
5
5
5
5
5
5
5
5
5
5
5
5
5
5
5
5
5
5
5
5
5
5
5
5
5
5
5
5
5
5
5
5
5
5
5
5
5
5
5
5
5
5
5
5
5
5
5
5
5
5
5
5
5
5
5
5
5
5
5
5
5
5
5
5
5
5
5
5
5
5
5
5
5
5
5
5
5
5
5
5
5
5
5
5
5
5
5
5
5
5
5
5
5
5
5
5
5
5
5
5
5
5
5
5
5
5
5
5
5
5
5
5
5
5
5
5
5
5
5
5
5
5
5
5
5
5
5
5
5
5
5
5
5
5
5
5
5
5
5
5
5
5
5
5
5
5
5
5
5
5
5
5
5
5
5
5
5
5
5
5
5
5
5
5
5
5
5
5
5
5
5
5
5
5
5
5
5
5
5
5
5
5
5
5
5
5
5
5
5
5
5
5
5
5
5
5
5
5
5
5
5
5
5
5
5
5
5
5
5
5
5
5
5
5
5
5
5
5
5
5
5
5
5
5
5
5
5
5
5
5
5
5
5
5
5
5
5
5
5
5
5
5
5
5
5
5
5
5
5
5
5
5
5
5
5
5
5
5
5
5
5
5
5
5
5
5
5
5
5
5
5
5
5
5
5
5
5
5
5
5
5
5
5
5
5
5
5
5
5
5
5
5
5
5
5
5
5
5
5
5
5
5
5
5
5
5
5
5
5
5
5
5
5
5
5
5
5
5
5
5
5
5
5
5
5
5
5
5
5
5
5
5
5
5
5
5
5
5
5
5
5
5
5
5
5
5
5
5
5
5
5
5
5
5
5
5
5
5
5
5
5
5
5
5
5
5
5
5
5
5
5
5
5
5
5
5
5
5
5
5
5
5
5
5
5
5
5
5
5
5
5
5
5
5
5
5
5
5
5
5
5
5
5
5
5
5
5
5
5
5
5
5
5
5
5
5
5
5
5
5
5
5
5
5
5
5
5
5
5
5
5
5
5
5
5
5
5
5
5
5
5
5
5
5
5
5
5
5
5
5
5
5
5
5
5
5
5
5
5
5
5
5
5
5
5
5
5
5
5
5
5
5
5
5
5
5
5
5
5
5
5
5
5
5
5
5
5
5
5
5
5
5
5
5
5
5
5
5
5
5
5
5
5
5
5
5
5
5
5
5
5
5
5
5
5
5
5
5
5
5
5
5
5
5
5
5
5
5
5
5
5
5
5
5
5
5
5
5
5
5
5
5
5
5
5
5
5
5
5
5
5
5
5
5
5
5
5
5
5
5
5
5
5
5
5
5
5
5
5
5
5
5
5
5
5
5
5
5
5
5
5
5
5
5
5
5
5
5
5
5
5
5
5
5
5
5
5
5
5
5
5
5
5
5
5
5
5
5
5
5
5
5
5
5
5
5
5
5
5
5
5
5
5
5
5
5
5
5
5
5
5
5
5
5
5
5
5
5
5
5
5
5
5
5
5
5
5
5
5
5
5
5
5
5
5
5
5
5
5
5
5
5
5
5
5
5
5
5
5
5
5
5
5
5
5
5
5
5
5
5
5
5
5
5
5
5
5
5
5
5
5
5
5
5
5
5
5
5
5
5
5
5
5
5
5
5
5
5
5
5
5
5
5
5
5
5
5
5
5
5
5
5
5
5
5
5
5
5
5
5
5
5
5
5
5
5
5
5
5
5
5
5
5
5
5
5
5
5
5
5
5
5
5
5
5
5
5
5
5
5
5
5
5
5
5
5
5
5
5
5
5
5
5
5
5
5
5
5
5
5
5
5
5
5
5
5
5
5
5
5
5
5
5
5
5
5
5
5
5
5
5
5
5
5
5
5
5
5
5
5
5
5
5
5
5
5
5
5
5
5
5
5
5
5
5
5
5
5
5
5
5
5
5
5
5
5
5
5
5
5
5
5
5
5
5
5
5
5
5
5
5
5
5
5
5
5
5
5
5
5
5
5
5
5
5
5
5
5
5
5
5
5
5
5
5
5
5
5
5
5
5
5
5
5
5
5
5
5
5
5
5
5
5
5
5
5
5
5
5
5
5
5
5
5
5
5
5
5
5
5
5
5
5
5
5
5
5
5
5
5
5
5
5
5
5
5
5
5
5
5
5
5
5
5
5
5
5
5
5
5
5
5
5
5
5
5
5
5
5
5
5
5
5
5
5
5
5
5
5
5
5
5
5
5
5
5
5
5
5
5
5
5
5
5
5
5
5
5
5
5
5
5
5
5
5
5
5
5
5
5
5
5
5
5
5
5
5
5
5
5
5
5
5
5
5
5
5
5
5
5
5
5
5
5
5
5
5
5
5
5
5
5
5
5
5
5
5
5
5
5
5
5
5
5
5
5
5
5
5
5
5
5
5
5
5
5
5
5
5
5
5
5
5
5
5
5
5
5
5
5
5
5
5
5
5
5
5
5
5
5
5
5
5
5
5
5
5
5
5
5
5
5
5
5
5
5
5
5
5
5
5
5
5
5
5
5
5
5
5
5
5
5
5
5
5
5
5
5
5
5
5
5
5
5
5
5
5
5
5
5
5
5
5
5
5
5
5
5
5
5
5
5
5
5
5
5
5
5
5
5
5
5
5
5
5
5
5
5
5
5
5
5
5
5
5
5
5
5
5
5
5
5
5
5
5
5
5
5
5
5
5
5
5
5
5
5
5
5
5
5
5
5
5
5
5
5
5
5
5
5
5
5
5
5
5
5
5
5
5
5
5
5
5
5
5
5
5
5
5
5
5
5
5
5
5
5
5
5
5
5
5
5
5
5
5
5
5
5
5
5
5
5
5
5
5
5
5
5
5
5
5
5
5
5
5
5
5
5
5
5
5
5
5
5
5
5
5
5
5
5
5
5
5
5
5
5
5
5
5
5
5
5
5
5
5
5
5
5
5
5
5
5
5
5
5
5
5
5
5
5
5
5
5
5
5
5
5
5
5
5
5
5
5
5
5
5
5
5
5
5
5
5
5
5
5
5
5
5
5
5
5
5
5
5
5
5
5
5
5
5
5
5
5
5
5
5
5
5
5
5
5
5
5
5
5
5
5
5
5
5
5
5
5
5
5
5
5
5
5
5
5
5
5
5
5
5
5
5
5
5
5
5
5
5
5
5
5
5
5
5
5
5
5
5
5
5
5
5
5
5
5
5
5
5
5
5
5
5
5
5
5
5
5
5
5
5
5
5
5
5
5
5
5
5
5
5
5
5
5
5
5
5
5
5
5
5
5
5
5
5
5
5
5
5
5
5
5
5
5
5
5
5
5
5
5
5
5
5
5
5
5
5
5
5
5
5
5
5
5
5
5
5
5
5
5
5
5
5
5
5
5
5
5
5
5
5
5
5
5
5
5
5
5
5
5
5
5
5
5
5
5
5
5
5
5
5
5
5
5
5
5
5
5
5
5
5
5
5
5
5
5
5
5
5
5
5
5
5
5
5
5
5
5
5
5
5
5
5
5
5
5
5
5
5
5
5
5
5
5
5
5
5
5
5
5
5
5
5
5
5
5
5
5
5
5
5
5
5
5
5
5
5
5
5
5
5
5
5
5
5
5
5
5
5
5
5
5
5
5
5
5
5
5
5
5
5
5
5
5
5
5
5
5
5
5
5
5
5
5
5
5
5
5
5
5
5
5
5
5
5
5
5
5
5
5
5
5
5
5
5
5
5
5
5
5
5
5
5
5
5
5
5
5
5
5
5
5
5
5
5
5
5
5
5
5
5
5
5
5
5
5
5
5
5
5
5
5
5
5
5
5
5
5
5
5
5
5
5
5
5
5
5
5
5
5
5
5
5
5
5
5
5
5
5
5
5
5
5
5
5
5
5
5
5
5
5
5
5
5
5
5
5
5
5
5
5
5
5
5
5
5
5
5
5
5
5
5
5
5
5
5
5
5
5
5
5
5
5
5
5
5
5
5
5
5
5
5
5
5
5
5
5
5
5
5
5
5
5
5
5
5
5
5
5
5
5
5
5
5
5
5
5
5
5
5
5
5
5
5
5
5
5
5
5
5
5
5
5
5
5
5
5
5
5
5
5
5
5
5
5
5
5
5
5
5
5
5
5
5
5
5
5
5
5
5
5
5
5
5
5
5
5
5
5
5
5
5
5
5
5
5
5
5
5
5
5
5
5
5
5
5
5
5
5
5
5
5
5
5
5
5
5
5
5
5
5
5
5
5
5
5
5
5
5
5
5
5
5
5
5
5
5
5
5
5
5
5
5
5
5
5
5
5
5
5
5
5
5
5
5
5
5
5
5
5
5
5
5
5
5
5
5
5
5
5
5
5
5
5
5
5
5
5
5
5
5
5
5
5
5
5
5
5
5
5
5
5
5
5
5
5
5
5
5
5
5
5
5
5
5
5
5
5
5
5
5
5
5
5
5
5
5
5
5
5
5
5
5
5
5
5
5
5
5
5
5
5
5
5
5
5
5
5
5
5
5
5
5
5
5
5
5
5
5
5
5
5
5
5
5
5
5
5
5
5
5
5
5
5
5
5
5
5
5
5
5
5
5
5
5
5
5
5
5
5
5
5
5
5
5
5
5
5
5
5
5
5
5
5
5
5
5
5
5
5
5
5
5
5
5
5
5
5
5
5
5
5
5
5
5
5
5
5
5
5
5
5
5
5
5
5
5
5
5
5
5
5
5
5
5
5
5
5
5
5
5
5
5
5
5
5
5
5
5
5
5
5
5
5
5
5
5
5
5
5
5
5
5
5
5
5
5
5
5
5
5
5
5
5
5
5
5
5
5
5
5
5
5
5
5
5
5
5
5
5
5
5
5
5
5
5
5
5
5
5
5
5
5
5
5
5
5
5
5
5
5
5
5
5
5
5
5
5
5
5
5
5
5
5
5
5
5
5
5
5
5
5
5
5
5
5
5
5
5
5
5
5
5
5
5
5
5
5
5
5
5
5
5
5
5
5
5
5
5
5
5
5
5
5
5
5
5
5
5
5
5
5
5
5
5
5
5
5
5
5
5
5
5
5
5
5
5
5
5
5
5
5
5
5
5
5
5
5
5
5
5
5
5
5
5
5
5
5
5
5
5
5
5
5
5
5
5
5
5
5
5
5
5
5
5
5
5
5
5
5
5
5
5
5
5
5
5
5
5
5
5
5
5
5
5
5
5
5
5
5
5
5
5
5
5
5
5
5
5
5
5
5
5
5
5
5
5
5
5
5
5
5
5
5
5
5
5
5
5
5
5
5
5
5
5
5
5
5
5
5
5
5
5
5
5
5
5
5
5
5
5
5
5
5
5
5
5
5
5
5
5
5
5
5
5
5
5
5
5
5
5
5
5
5
5
5
5
5
5
5
5
5
5
5
5
5
5
5
5
5
5
5
5
5
5
5
5
5
5
5
5
5
5
5
5
5
5
5
5
5
5
5
5
5
5
5
5
5
5
5
5
5
5
5
5
5
5
5
5
5
5
5
5
5
5
5
5
5
5
5
5
5
5
5
5
5
5
5
5
5
5
5
5
5
5
5
5
5
5
5
5
5
5
5
5
5
5
5
5
5
5
5
5
5
5
5
5
5
5
5
5
5
5
5
5
5
5
5
5
5
5
5
5
5
5
5
5
5
5
5
5
5
5
5
5
5
5
5
5
5
5
5
5
5
5
5
5
5
5
5
5
5
5
5
5
5
5
5
5
5
5
5
5
5
5
5
5
5
5
5
5
5
5
5
5
5
5
5
5
5
5
5
5
5
5
5
5
5
5
5
5
5
5
5
5
5
5
5
5
5
5
5
5
5
5
5
5
5
5
5
5
5
5
5
5
5
5
5
5
5
5
5
5
5
5
5
5
5
5
5
5
5
5
5
5
5
5
5
5
5
5
5
5
5
5
5
5
5
5
5
5
5
5
5
5
5
5
5
5
5
5
5
5
5
5
5
5
5
5
5
5
5
5
5
5
5
5
5
5
5
5
5
5
5
5
5
5
5
5
5
5
5
5
5
5
5
5
5
5
5
5
5
5
5
5
5
5
5
5
5
5
5
5
5
5
5
5
5
5
5
5
5
5
5
5
5
5
5
5
5
5
5
5
5
5
5
5
5
5
5
5
5
5
5
5
5
5
5
5
5
5
5
5
5
5
5
5
5
5
5
5
5
5
5
5
5
5
5
5
5
5
5
5
5
5
5
5
5
5
5
5
5
5
5
5
5
5
5
5
5
5
5
5
5
5
5
5
5
5
5
5
5
5
5
5
5
5
5
5
5
5
5
5
5
5
5
5
5
5
5
5
5
5
5
5
5
5
5
5
5
5
5
5
5
5
5
5
5
5
5
5
5
5
5
5
5
5
5
5
5
5
5
5
5
5
5
5
5
5
5
5
5
5
5
5
5
5
5
5
5
5
5
5
5
5
5
5
5
5
5
5
5
5
5
5
5
5
5
5
5
5
5
5
5
5
5
5
5
5
5
5
5
5
5
5
5
5
5
5
5
5
5
5
5
5
5
5
5
5
5
5
5
5
5
5
5
5
5
5
5
5
5
5
5
5
5
5
5
5
5
5
5
5
5
5
5
5
5
5
5
5
5
5
5
5
5
5
5
5
5
5
5
5
5
5
5
5
5
5
5
5
5
5
5
5
5
5
5
5
5
5
5
5
5
5
5
5
5
5
5
5
5
5
5
5
5
5
5
5
5
5
5
5
5
5
5
5
5
5
5
5
5
5
5
5
5
5
5
5
5
5
5
5
5
5
5
5
5
5
5
5
5
5
5
5
5
5
5
5
5
5
5
5
5
5
5
5
5
5
5
5
5
5
5
5
5
5
5
5
5
5
5
5
5
5
5
5
5
5
5
5
5
5
5
5
5
5
5
5
5
5
5
5
5
5
5
5
5
5
5
5
5
5
5
5
5
5
5
5
5
5
5
5
5
5
5
5
5
5
5
5
5
5
5
5
5
5
5
5
5
5
5
5
5
5
5
5
5
5
5
5
5
5
5
5
5
5
5
5
5
5
5
5
5
5
5
5
5
5
5
5
5
5
5
5
5
5
5
5
5
5
5
5
5
5
5
5
5
5
5
5
5
5
5
5
5
5
5
5
5
5
5
5
5
5
5
5
5
5
5
5
5
5
5
5
5
5
5
5
5
5
5
5
5
5
5
5
5
5
5
5
5
5
5
5
5
5
5
5
5
5
5
5
5
5
5
5
5
5
5
5
5
5
5
5
5
5
5
5
5
5
5
5
5
5
5
5
5
5
5
5
5
5
5
5
5
5
5
5
5
5
5
5
5
5
5
5
5
5
5
5
5
5
5
5
5
5
5
5
5
5
5
5
5
5
5
5
5
5
5
5
5
5
5
5
5
5
5
5
5
5
5
5
5
5
5
5
5
5
5
5
5
5
5
5
5
5
5
5
5
5
5
5
5
5
5
5
5
5
5
5
5
5
5
5
5
5
5
5
5
5
5
5
5
5
5
5
5
5
5
5
5
5
5
5
5
5
5
5
5
5
5
5
5
5
5
5
5
5
5
5
5
5
5
5
5
5
5
5
5
5
5
5
5
5
5
5
5
5
5
5
5
5
5
5
5
5
5
5
5
5
5
5
5
5
5
5
5
5
5
5
5
5
5
5
5
5
5
5
5
5
5
5
5
5
5
5
5
5
5
5
5
5
5
5
5
5
5
5
5
5
5
5
5
5
5
5
5
5
5
5
5
5
5
5
5
5
5
5
5
5
5
5
5
5
5
5
5
5
5
5
5
5
5
5
5
5
5
5
5
5
5
5
5
5
5
5
5
5
5
5
5
5
5
5
5
5
5
5
5
5
5
5
5
5
5
5
5
5
5
5
5
5
5
5
5
5
5
5
5
5
5
5
5
5
5
5
5
5
5
5
5
5
5
5
5
5
5
5
5
5
5
5
5
5
5
5
5
5
5
5
5
5
5
5
5
5
5
5
5
5
5
5
5
5
5
5
5
5
5
5
5
5
5
5
5
5
5
5
5
5
5
5
5
5
5
5
5
5
5
5
5
5
5
5
5
5
5
5
5
5
5
5
5
5
5
5
5
5
5
5
5
5
5
5
5
5
5
5
5
5
5
5
5
5
5
5
5
5
5
5
5
5
5
5
5
5
5
5
5
5
5
5
5
5
5
5
5
5
5
5
5
5
5
5
5
5
5
5
5
5
5
5
5
5
5
5
5
5
5
5
5
5
5
5
5
5
5
5
5
5
5
5
5
5
5
5
5
5
5
5
5
5
5
5
5
5
5
5
5
5
5
5
5
5
5
5
5
5
5
5
5
5
5
5
5
5
5
5
5
5
5
5
5
5
5
5
5
5
5
5
5
5
5
5
5
5
5
5
5
5
5
5
5
5
5
5
5
5
5
5
5
5
5
5
5
5
5
5
5
5
5
5
5
5
5
5
5
5
5
5
5
5
5
5
5
5
5
5
5
5
5
5
5
5
5
5
5
5
5
5
5
5
5
5
5
5
5
5
5
5
5
5
5
5
5
5
5
5
5
5
5
5
5
5
5
5
5
5
5
5
5
5
5
5
5
5
5
5
5
5
5
5
5
5
5
5
5
5
5
5
5
5
5
5
5
5
5
5
5
5
5
5
5
5
5
5
5
5
5
5
5
5
5
5
5
5
5
5
5
5
5
5
5
5
5
5
5
5
5
5
5
5
5
5
5
5
5
5
5
5
5
5
5
5
5
5
5
5
5
5
5
5
5
5
5
5
5
5
5
5
5
5
5
5
5
5
5
5
5
5
5
5
5
5
5
5
5
5
5
5
5
5
5
5
5
5
5
5
5
5
5
5
5
5
5
5
5
5
5
5
5
5
5
5
5
5
5
5
5
5
5
5
5
5
5
5
5
5
5
5
5
5
5
5
5
5
5
5
5
5
5
5
5
5
5
5
5
5
5
5
5
5
5
5
5
5
5
5
5
5
5
5
5
5
5
5
5
5
5
5
5
5
5
5
5
5
5
5
5
5
5
5
5
5
5
5
5
5
5
5
5
5
5
5
5
5
5
5
5
5
5
5
5
5
5
5
5
5
5
5
5
5
5
5
5
5
5
5
5
5
5
5
5
5
5
5
5
5
5
5
5
5
5
5
5
5
5
5
5
5
5
5
5
5
5
5
5
5
5
5
5
5
5
5
5
5
5
5
5
5
5
5
5
5
5
5
5
5
5
5
5
5
5
5
5
5
5
5
5
5
5
5
5
5
5
5
5
5
5
5
5
5
5
5
5
5
5
5
5
5
5
5
5
5
5
5
5
5
5
5
5
5
5
5
5
5
5
5
5
5
5
5
5
5
5
5
5
5
5
5
5
5
5
5
5
5
5
5
5
5
5
5
5
5
5
5
5
5
5
5
5
5
5
5
5
5
5
5
5
5
5
5
5
5
5
5
5
5
5
5
5
5
5
5
5
5
5
5
5
5
5
5
5
5
5
5
5
5
5
5
5
5
5
5
5
5
5
5
5
5
5
5
5
5
5
5
5
5
5
5
5
5
5
5
5
5
5
5
5
5
5
5
5
5
5
5
5
5
5
5
5
5
5
5
5
5
5
5
5
5
5
5
5
5
5
5
5
5
5
5
5
5
5
5
5
5
5
5
5
5
5
5
5
5
5
5
5
5
5
5
5
5
5
5
5
5
5
5
5
5
5
5
5
5
5
5
5
5
5
5
5
5
5
5
5
5
5
5
5
5
5
5
5
5
5
5
5
5
5
5
5
5
5
5
5
5
5
5
5
5
5
5
5
5
5
5
5
5
5
5
5
5
5
5
5
5
5
5
5
5
5
5
5
5
5
5
5
5
5
5
5
5
5
5
5
5
5
5
5
5
5
5
5
5
5
5
5
5
5
5
5
5
5
5
5
5
5
5
5
5
5
5
5
5
5
5
5
5
5
5
5
5
5
5
5
5
5
5
5
5
5
5
5
5
5
5
5
5
5
5
5
5
5
5
5
5
5
5
5
5
5
5
5
5
5
5
5
5
5
5
5
5
5
5
5
5
5
5
5
5
5
5
5
5
5
5
5
5
5
5
5
5
5
5
5
5
5
5
5
5
5
5
5
5
5
5
5
5
5
5
5
5
5
5
5
5
5
5
5
5
5
5
5
5
5
5
5
5
5
5
5
5
5
5
5
5
5
5
5
5
5
5
5
5
5
5
5
5
5
5
5
5
5
5
5
5
5
5
5
5
5
5
5
5
5
5
5
5
5
5
5
5
5
5
5
5
5
5
5
5
5
5
5
5
5
5
5
5
5
5
5
5
5
5
5
5
5
5
5
5
5
5
5
5
5
5
5
5
5
5
5
5
5
5
5
5
5
5
5
5
5
5
5
5
5
5
5
5
5
5
5
5
5
5
5
5
5
5
5
5
5
5
5
5
5
5
5
5
5
5
5
5
5
5
5
5
5
5
5
5
5
5
5
5
5
5
5
5
5
5
5
5
5
5
5
5
5
5
5
5
5
5
5
5
5
5
5
5
5
5
5
5
5
5
5
5
5
5
5
5
5
5
5
5
5
5
5
5
5
5
5
5
5
5
5
5
5
5
5
5
5
5
5
5
5
5
5
5
5
5
5
5
5
5
5
5
5
5
5
5
5
5
5
5
5
5
5
5
5
5
5
5
5
5
5
5
5
5
5
5
5
5
5
5
5
5
5
5
5
5
5
5
5
5
5
5
5
5
5
5
5
5
5
5
5
5
5
5
5
5
5
5
5
5
5
5
5
5
5
5
5
5
5
5
5
5
5
5
5
5
5
5
5
5
5
5
5
5
5
5
5
5
5
5
5
5
5
5
5
5
5
5
5
5
5
5
5
5
5
5
5
5
5
5
5
5
5
5
5
5
5
5
5
5
5
5
5
5
5
5
5
5
5
5
5
5
5
5
5
5
5
5
5
5
5
5
5
5
5
5
5
5
5
5
5
5
5
5
5
5
5
5
5
5
5
5
5
5
5
5
5
5
5
5
5
5
5
5
5
5
5
5
5
5
5
5
5
5
5
5
5
5
5
5
5
5
5
5
5
5
5
5
5
5
5
5
5
5
5
5
5
5
5
5
5
5
5
5
5
5
5
5
5
5
5
5
5
5
5
5
5
5
5
5
5
5
5
5
5
5
5
5
5
5
5
5
5
5
5
5
5
5
5
5
5
5
5
5
5
5
5
5
5
5
5
5
5
5
5
5
5
5
5
5
5
5
5
5
5
5
5
5
5
5
5
5
5
5
5
5
5
5
5
5
5
5
5
5
5
5
5
5
5
5
5
5
5
5
5
5
5
5
5
5
5
5
5
5
5
5
5
5
5
5
5
5
5
5
5
5
5
5
5
5
5
5
5
5
5
5
5
5
5
5
5
5
5
5
5
5
5
5
5
5
5
5
5
5
5
5
5
5
5
5
5
5
5
5
5
5
5
5
5
5
5
5
5
5
5
5
5
5
5
5
5
5
5
5
5
5
5
5
5
5
5
5
5
5
5
5
5
5
5
5
5
5
5
5
5
5
5
5
5
5
5
5
5
5
5
5
5
5
5
5
5
5
5
5
5
5
5
5
5
5
5
5
5
5
5
5
5
5
5
5
5
5
5
5
5
5
5
5
5
5
5
5
5
5
5
5
5
5
5
5
5
5
5
5
5
5
5
5
5
5
5
5
5
5
5
5
5
5
5
5
5
5
5
5
5
5
5
5
5
5
5
5
5
5
5
5
5
5
5
5
5
5
5
5
5
5
5
5
5
5
5
5
5
5
5
5
5
5
5
5
5
5
5
5
5
5
5
5
5
5
5
5
5
5
5
5
5
5
5
5
5
5
5
5
5
5
5
5
5
5
5
5
5
5
5
5
5
5
5
5
5
5
5
5
5
5
5
5
5
5
5
5
5
5
5
5
5
5
5
5
5
5
5
5
5
5
5
5
5
5
5
5
5
5
5
5
5
5
5
5
5
5
5
5
5
5
5
5
5
5
5
5
5
5
5
5
5
5
5
5
5
5
5
5
5
5
5
5
5
5
5
5
5
5
5
5
5
5
5
5
5
5
5
5
5
5
5
5
5
5
5
5
5
5
5
5
5
5
5
5
5
5
5
5
5
5
5
5
5
5
5
5
5
5
5
5
5
5
5
5
5
5
5
5
5
5
5
5
5
5
5
5
5
5
5
5
5
5
5
5
5
5
5
5
5
5
5
5
5
5
5
5
5
5
5
5
5
5
5
5
5
5
5
5
5
5
5
5
5
5
5
5
5
5
5
5
5
5
5
5
5
5
5
5
5
5
5
5
5
5
5
5
5
5
5
5
5
5
5
5
5
5
5
5
5
5
5
5
5
5
5
5
5
5
5
5
5
5
5
5
5
5
5
5
5
5
5
5
5
5
5
5
5
5
5
5
5
5
5
5
5
5
5
5
5
5
5
5
5
5
5
5
5
5
5
5
5
5
5
5
5
5
5
5
5
5
5
5
5
5
5
5
5
5
5
5
5
5
5
5
5
5
5
5
5
5
5
5
5
5
5
5
5
5
5
5
5
5
5
5
5
5
5
5
5
5
5
5
5
5
5
5
5
5
5
5
5
5
5
5
5
5
5
5
5
5
5
5
5
5
5
5
5
5
5
5
5
5
5
5
5
5
5
5
5
5
5
5
5
5
5
5
5
5
5
5
5
5
5
5
5
5
5
5
5
5
5
5
5
5
5
5
5
5
5
5
5
5
5
5
5
5
5
5
5
5
5
5
5
5
5
5
5
5
5
5
5
5
5
5
5
5
5
5
5
5
5
5
5
5
5
5
5
5
5
5
5
5
5
5
5
5
5
5
5
5
5
5
5
5
5
5
5
5
5
5
5
5
5
5
5
5
5
5
5
5
5
5
5
5
5
5
5
5
5
5
5
5
5
5
5
5
5
5
5
5
5
5
5
5
5
5
5
5
5
5
5
5
5
5
5
5
5
5
5
5
5
5
5
5
5
5
5
5
5
5
5
5
5
5
5
5
5
5
5
5
5
5
5
5
5
5
5
5
5
5
5
5
5
5
5
5
5
5
5
5
5
5
5
5
5
5
5
5
5
5
5
5
5
5
5
5
5
5
5
5
5
5
5
5
5
5
5
5
5
5
5
5
5
5
5
5
5
5
5
5
5
5
5
5
5
5
5
5
5
5
5
5
5
5
5
5
5
5
5
5
5
5
5
5
5
5
5
5
5
5
5
5
5
5
5
5
5
5
5
5
5
5
5
5
5
5
5
5
5
5
5
5
5
5
5
5
5
5
5
5
5
5
5
5
5
5
5
5
5
5
5
5
5
5
5
5
5
5
5
5
5
5
5
5
5
5
5
5
5
5
5
5
5
5
5
5
5
5
5
5
5
5
5
5
5
5
5
5
5
5
5
5
5
5
5
5
5
5
5
5
5
5
5
5
5
5
5
5
5
5
5
5
5
5
5
5
5
5
5
5
5
5
5
5
5
5
5
5
5
5
5
5
5
5
5
5
5
5
5
5
5
5
5
5
5
5
5
5
5
5
5
5
5
5
5
5
5
5
5
5
5
5
5
5
5
5
5
5
5
5
5
5
5
5
5
5
5
5
5
5
5
5
5
5
5
5
5
5
5
5
5
5
5
5
5
5
5
5
5
5
5
5
5
5
5
5
5
5
5
5
5
5
5
5
5
5
5
5
5
5
5
5
5
5
5
5
5
5
5
5
5
5
5
5
5
5
5
5
5
5
5
5
5
5
5
5
5
5
5
5
5
5
5
5
5
5
5
5
5
5
5
5
5
5
5
5
5
5
5
5
5
5
5
5
5
5
5
5
5
5
5
5
5
5
5
5
5
5
5
5
5
5
5
5
5
5
5
5
5
5
5
5
5
5
5
5
5
5
5
5
5
5
5
5
5
5
5
5
5
5
5
5
5
5
5
5
5
5
5
5
5
5
5
5
5
5
5
5
5
5
5
5
5
5
5
5
5
5
5
5
5
5
5
5
5
5
5
5
5
5
5
5
5
5
5
5
5
5
5
5
5
5
5
5
5
5
5
5
5
5
5
5
5
5
5
5
5
5
5
5
5
5
5
5
5
5
5
5
5
5
5
5
5
5
5
5
5
5
5
5
5
5
5
5
5
5
5
5
5
5
5
5
5
5
5
5
5
5
5
5
5
5
5
5
5
5
5
5
5
5
5
5
5
5
5
5
5
5
5
5
5
5
5
5
5
5
5
5
5
5
5
5
5
5
5
5
5
5
5
5
5
5
5
5
5
5
5
5
5
5
5
5
5
5
5
5
5
5
5
5
5
5
5
5
5
5
5
5
5
5
5
5
5
5
5
5
5
5
5
5
5
5
5
5
5
5
5
5
5
5
5
5
5
5
5
5
5
5
5
5
5
5
5
5
5
5
5
5
5
5
5
5
5
5
5
5
5
5
5
5
5
5
5
5
5
5
5
5
5
5
5
5
5
5
5
5
5
5
5
5
5
5
5
5
5
5
5
5
5
5
5
5
5
5
5
5
5
5
5
5
5
5
5
5
5
5
5
5
5
5
5
5
5
5
5
5
5
5
5
5
5
5
5
5
5
5
5
5
5
5
5
5
5
5
5
5
5
5
5
5
5
5
5
5
5
5
5
5
5
5
5
5
5
5
5
5
5
5
5
5
5
5
5
5
5
5
5
5
5
5
5
5
5
5
5
5
5
5
5
5
5
5
5
5
5
5
5
5
5
5
5
5
5
5
5
5
5
5
5
5
5
5
5
5
5
5
5
5
5
5
5
5
5
5
5
5
5
5
5
5
5
5
5
5
5
5
5
5
5
5
5
5
5
5
5
5
5
5
5
5
5
5
5
5
5
5
5
5
5
5
5
5
5
5
5
5
5
5
5
5
5
5
5
5
5
5
5
5
5
5
5
5
5
5
5
5
5
5
5
5
5
5
5
5
5
5
5
5
5
5
5
5
5
5
5
5
5
5
5
5
5
5
5
5
5
5
5
5
5
5
5
5
5
5
5
5
5
5
5
5
5
5
5
5
5
5
5
5
5
5
5
5
5
5
5
5
5
5
5
5
5
5
5
5
5
5
5
5
5
5
5
5
5
5
5
5
5
5
5
5
5
5
5
5
5
5
5
5
5
5
5
5
5
5
5
5
5
5
5
5
5
5
5
5
5
5
5
5
5
5
5
5
5
5
5
5
5
5
5
5
5
5
5
5
5
5
5
5
5
5
5
5
5
5
5
5
5
5
5
5
5
5
5
5
5
5
5
5
5
5
5
5
5
5
5
5
5
5
5
5
5
5
5
5
5
5
5
5
5
5
5
5
5
5
5
5
5
5
5
5
5
5
5
5
5
5
5
5
5
5
5
5
5
5
5
5
5
5
5
5
5
5
5
5
5
5
5
5
5
5
5
5
5
5
5
5
5
5
5
5
5
5
5
5
5
5
5
5
5
5
5
5
5
5
5
5
5
5
5
5
5
5
5
5
5
5
5
5
5
5
5
5
5
5
5
5
5
5
5
5
5
5
5
5
5
5
5
5
5
5
5
5
5
5
5
5
5
5
5
5
5
5
5
5
5
5
5
5
5
5
5
5
5
5
5
5
5
5
5
5
5
5
5
5
5
5
5
5
5
5
5
5
5
5
5
5
5
5
5
5
5
5
5
5
5
5
5
5
5
5
5
5
5
5
5
5
5
5
5
5
5
5
5
5
5
5
5
5
5
5
5
5
5
5
5
5
5
5
5
5
5
5
5
5
5
5
5
5
5
5
5
5
5
5
5
5
5
5
5
5
5
5
5
5
5
5
5
5
5
5
5
5
5
5
5
5
5
5
5
5
5
5
5
5
5
5
5
5
5
5
5
5
5
5
5
5
5
5
5
5
5
5
5
5
5
5
5
5
5
5
5
5
5
5
5
5
5
5
5
5
5
5
5
5
5
5
5
5
5
5
5
5
5
5
5
5
5
5
5
5
5
5
5
5
5
5
5
5
5
5
5
5
5
5
5
5
5
5
5
5
5
5
5
5
5
5
5
5
5
5
5
5
5
5
5
5
5
5
5
5
5
5
5
5
5
5
5
5
5
5
5
5
5
5
5
5
5
5
5
5
5
5
5
5
5
5
5
5
5
5
5
5
5
5
5
5
5
5
5
5
5
5
5
5
5
5
5
5
5
5
5
5
5
5
5
5
5
5
5
5
5
5
5
5
5
5
5
5
5
5
5
5
5
5
5
5
5
5
5
5
5
5
5
5
5
5
5
5
5
5
5
5
5
5
5
5
5
5
5
5
5
5
5
5
5
5
5
5
5
5
5
5
5
5
5
5
5
5
5
5
5
5
5
5
5
5
5
5
5
5
5
5
5
5
5
5
5
5
5
5
5
5
5
5
5
5
5
5
5
5
5
5
5
5
5
5
5
5
5
5
5
5
5
5
5
5
5
5
5
5
5
5
5
5
5
5
5
5
5
5
5
5
5
5
5
5
5
5
5
5
5
5
5
5
5
5
5
5
5
5
5
5
5
5
5
5
5
5
5
5
5
5
5
5
5
5
5
5
5
5
5
5
5
5
5
5
5
5
5
5
5
5
5
5
5
5
5
5
5
5
5
5
5
5
5
5
5
5
5
5
5
5
5
5
5
5
5
5
5
5
5
5
5
5
5
5
5
5
5
5
5
5
5
5
5
5
5
5
5
5
5
5
5
5
5
5
5
5
5
5
5
5
5
5
5
5
5
5
5
5
5
5
5
5
5
5
5
5
5
5
5
5
5
5
5
5
5
5
5
5
5
5
5
5
5
5
5
5
5
5
5
5
5
5
5
5
5
5
5
5
5
5
5
5
5
5
5
5
5
5
5
5
5
5
5
5
5
5
5
5
5
5
5
5
5
5
5
5
5
5
5
5
5
5
5
5
5
5
5
5
5
5
5
5
5
5
5
5
5
5
5
5
5
5
5
5
5
5
5
5
5
5
5
5
5
5
5
5
5
5
5
5
5
5
5
5
5
5
5
5
5
5
5
5
5
5
5
5
5
5
5
5
5
5
5
5
5
5
5
5
5
5
5
5
5
5
5
5
5
5
5
5
5
5
5
5
5
5
5
5
5
5
5
5
5
5
5
5
5
5
5
5
5
5
5
5
5
5
5
5
5
5
5
5
5
5
5
5
5
5
5
5
5
5
5
5
5
5
5
5
5
5
5
5
5
5
5
5
5
5
5
5
5
5
5
5
5
5
5
5
5
5
5
5
5
5
5
5
5
5
5
5
5
5
5
5
5
5
5
5
5
5
5
5
5
5
5
5
5
5
5
5
5
5
5
5
5
5
5
5
5
5
5
5
5
5
5
5
5
5
5
5
5
5
5
5
5
5
5
5
5
5
5
5
5
5
5
5
5
5
5
5
5
5
5
5
5
5
5
5
5
5
5
5
5
5
5
5
5
5
5
5
5
5
5
5
5
5
5
5
5
5
5
5
5
5
5
5
5
5
5
5
5
5
5
5
5
5
5
5
5
5
5
5
5
5
5
5
5
5
5
5
5
5
5
5
5
5
5
5
5
5
5
5
5
5
5
5
5
5
5
5
5
5
5
5
5
5
5
5
5
5
5
5
5
5
5
5
5
5
5
5
5
5
5
5
5
5
5
5
5
5
5
5
5
5
5
5
5
5
5
5
5
5
5
5
5
5
5
5
5
5
5
5
5
5
5
5
5
5
5
5
5
5
5
5
5
5
5
5
5
5
5
5
5
5
5
5
5
5
5
5
5
5
5
5
5
5
5
5
5
5
5
5
5
5
5
5
5
5
5
5
5
5
5
5
5
5
5
5
5
5
5
5
5
5
5
5
5
5
5
5
5
5
5
5
5
5
5
5
5
5
5
5
5
5
5
5
5
5
5
5
5
5
5
5
5
5
5
5
5
5
5
5
5
5
5
5
5
5
5
5
5
5
5
5
5
5
5
5
5
5
5
5
5
5
5
5
5
5
5
5
5
5
5
5
5
5
5
5
5
5
5
5
5
5
5
5
5
5
5
5
5
5
5
5
5
5
5
5
5
5
5
5
5
5
5
5
5
5
5
5
5
5
5
5
5
5
5
5
5
5
5
5
5
5
5
5
5
5
5
5
5
5
5
5
5
5
5
5
5
5
5
5
5
5
5
5
5
5
5
5
5
5
5
5
5
5
5
5
5
5
5
5
5
5
5
5
5
5
5
5
5
5
5
5
5
5
5
5
5
5
5
5
5
5
5
5
5
5
5
5
5
5
5
5
5
5
5
5
5
5
5
5
5
5
5
5
5
5
5
5
5
5
5
5
5
5
5
5
5
5
5
5
5
5
5
5
5
5
5
5
5
5
5
5
5
5
5
5
5
5
5
5
5
5
5
5
5
5
5
5
5
5
5
5
5
5
5
5
5
5
5
5
5
5
5
5
5
5
5
5
5
5
5
5
5
5
5
5
5
5
5
5
5
5
5
5
5
5
5
5
5
5
5
5
5
5
5
5
5
5
5
5
5
5
5
5
5
5
5
5
5
5
5
5
5
5
5
5
5
5
5
5
5
5
5
5
5
5
5
5
5
5
5
5
5
5
5
5
5
5
5
5
5
5
5
5
5
5
5
5
5
5
5
5
5
5
5
5
5
5
5
5
5
5
5
5
5
5
5
5
5
5
5
5
5
5
5
5
5
5
5
5
5
5
5
5
5
5
5
5
5
5
5
5
5
5
5
5
5
5
5
5
5
5
5
5
5
5
5
5
5
5
5
5
5
5
5
5
5
5
5
5
5
5
5
5
5
5
5
5
5
5
5
5
5
5
5
5
5
5
5
5
5
5
5
5
5
5
5
5
5
5
5
5
5
5
5
5
5
5
5
5
5
5
5
5
5
5
5
5
5
5
5
5
5
5
5
5
5
5
5
5
5
5
5
5
5
5
5
5
5
5
5
5
5
5
5
5
5
5
5
5
5
5
5
5
5
5
5
5
5
5
5
5
5
5
5
5
5
5
5
5
5
5
5
5
5
5
5
5
5
5
5
5
5
5
5
5
5
5
5
5
5
5
5
5
5
5
5
5
5
5
5
5
5
5
5
5
5
5
5
5
5
5
5
5
5
5
5
5
5
5
5
5
5
5
5
5
5
5
5
5
5
5
5
5
5
5
5
5
5
5
5
5
5
5
5
5
5
5
5
5
5
5
5
5
5
5
5
5
5
5
5
5
5
5
5
5
5
5
5
5
5
5
5
5
5
5
5
5
5
5
5
5
5
5
5
5
5
5
5
5
5
5
5
5
5
5
5
5
5
5
5
5
5
5
5
5
5
5
5
5
5
5
5
5
5
5
5
5
5
5
5
5
5
5
5
5
5
5
5
5
5
5
5
5
5
5
5
5
5
5
5
5
5
5
5
5
5
5
5
5
5
5
5
5
5
5
5
5
5
5
5
5
5
5
5
5
5
5
5
5
5
5
5
5
5
5
5
5
5
5
5
5
5
5
5
5
5
5
5
5
5
5
5
5
5
5
5
5
5
5
5
5
5
5
5
5
5
5
5
5
5
5
5
5
5
5
5
5
5
5
5
5
5
5
5
5
5
5
5
5
5
5
5
5
5
5
5
5
5
5
5
5
5
5
5
5
5
5
5
5
5
5
5
5
5
5
5
5
5
5
5
5
5
5
5
5
5
5
5
5
5
5
5
5
5
5
5
5
5
5
5
5
5
5
5
5
5
5
5
5
5
5
5
5
5
5
5
5
5
5
5
5
5
5
5
5
5
5
5
5
5
5
5
5
5
5
5
5
5
5
5
5
5
5
5
5
5
5
5
5
5
5
5
5
5
5
5
5
5
5
5
5
5
5
5
5
5
5
5
5
5
5
5
5
5
5
5
5
5
5
5
5
5
5
5
5
5
5
5
5
5
5
5
5
5
5
5
5
5
5
5
5
5
5
5
5
5
5
5
5
5
5
5
5
5
5
5
5
5
5
5
5
5
5
5
5
5
5
5
5
5
5
5
5
5
5
5
5
5
5
5
5
5
5
5
5
5
5
5
5
5
5
5
5
5
5
5
5
5
5
5
5
5
5
5
5
5
5
5
5
5
5
5
5
5
5
5
5
5
5
5
5
5
5
5
5
5
5
5
5
5
5
5
5
5
5
5
5
5
5
5
5
5
5
5
5
5
5
5
5
5
5
5
5
5
5
5
5
5
5
5
5
5
5
5
5
5
5
5
5
5
5
5
5
5
5
5
5
5
5
5
5
5
5
5
5
5
5
5
5
5
5
5
5
5
5
5
5
5
5
5
5
5
5
5
5
5
5
5
5
5
5
5
5
5
5
5
5
5
5
5
5
5
5
5
5
5
5
5
5
5
5
5
5
5
5
5
5
5
5
5
5
5
5
5
5
5
5
5
5
5
5
5
5
5
5
5
5
5
5
5
5
5
5
5
5
5
5
5
5
5
5
5
5
5
5
5
5
5
5
5
5
5
5
5
5
5
5
5
5
5
5
5
5
5
5
5
5
5
5
5
5
5
5
5
5
5
5
5
5
5
5
5
5
5
5
5
5
5
5
5
5
5
5
5
5
5
5
5
5
5
5
5
5
5
5
5
5
5
5
5
5
5
5
5
5
5
5
5
5
5
5
5
5
5
5
5
5
5
5
5
5
5
5
5
5
5
5
5
5
5
5
5
5
5
5
5
5
5
5
5
5
5
5
5
5
5
5
5
5
5
5
5
5
5
5
5
5
5
5
5
5
5
5
5
5
5
5
5
5
5
5
5
5
5
5
5
5
5
5
5
5
5
5
5
5
5
5
5
5
5
5
5
5
5
5
5
5
5
5
5
5
5
5
5
5
5
5
5
5
5
5
5
5
5
5
5
5
5
5
5
5
5
5
5
5
5
5
5
5
5
5
5
5
5
5
5
5
5
5
5
5
5
5
5
5
5
5
5
5
5
5
5
5
5
5
5
5
5
5
5
5
5
5
5
5
5
5
5
5
5
5
5
5
5
5
5
5
5
5
5
5
5
5
5
5
5
5
5
5
5
5
5
5
5
5
5
5
5
5
5
5
5
5
5
5
5
5
5
5
5
5
5
5
5
5
5
5
5
5
5
5
5
5
5
5
5
5
5
5
5
5
5
5
5
5
5
5
5
5
5
5
5
5
5
5
5
5
5
5
5
5
5
5
5
5
5
5
5
5
5
5
5
5
5
5
5
5
5
5
5
5
5
5
5
5
5
5
5
5
5
5
5
5
5
5
5
5
5
5
5
5
5
5
5
5
5
5
5
5
5
5
5
5
5
5
5
5
5
5
5
5
5
5
5
5
5
5
5
5
5
5
5
5
5
5
5
5
5
5
5
5
5
5
5
5
5
5
5
5
5
5
5
5
5
5
5
5
5
5
5
5
5
5
5
5
5
5
5
5
5
5
5
5
5
5
5
5
5
5
5
5
5
5
5
5
5
5
5
5
5
5
5
5
5
5
5
5
5
5
5
5
5
5
5
5
5
5
5
5
5
5
5
5
5
5
5
5
5
5
5
5
5
5
5
5
5
5
5
5
5
5
5
5
5
5
5
5
5
5
5
5
5
5
5
5
5
5
5
5
5
5
5
5
5
5
5
5
5
5
5
5
5
5
5
5
5
5
5
5
5
5
5
5
5
5
5
5
5
5
5
5
5
5
5
5
5
5
5
5
5
5
5
5
5
5
5
5
5
5
5
5
5
5
5
5
5
5
5
5
5
5
5
5
5
5
5
5
5
5
5
5
5
5
5
5
5
5
5
5
5
5
5
5
5
5
5
5
5
5
5
5
5
5
5
5
5
5
5
5
5
5
5
5
5
5
5
5
5
5
5
5
5
5
5
5
5
5
5
5
5
5
5
5
5
5
5
5
5
5
5
5
5
5
5
5
5
5
5
5
5
5
5
5
5
5
5
5
5
5
5
5
5
5
5
5
5
5
5
5
5
5
5
5
5
5
5
5
5
5
5
5
5
5
5
5
5
5
5
5
5
5
5
5
5
5
5
5
5
5
5
5
5
5
5
5
5
5
5
5
5
5
5
5
5
5
5
5
5
5
5
5
5
5
5
5
5
5
5
5
5
5
5
5
5
5
5
5
5
5
5
5
5
5
5
5
5
5
5
5
5
5
5
5
5
5
5
5
5
5
5
5
5
5
5
5
5
5
5
5
5
5
5
5
5
5
5
5
5
5
5
5
5
5
5
5
5
5
5
5
5
5
5
5
5
5
5
5
5
5
5
5
5
5
5
5
5
5
5
5
5
5
5
5
5
5
5
5
5

POINT_DATA 7558
SCALARS pressure float 1
LOOKUP_TABLE default
243504
242136
243657
241461
242290
241487
245961
245439
248114
251287
255176
259698
264869
270741
277114
284345
292366
301062
310589
320953
332312
344518
357880
166631
163889
163846
167936
165894
164222
165210
372365
387812
403966
424513
673527
629667
249091
167996
167526
169538
171361
175742
178549
181640
185791
191457
196025
201577
209401
215620
222289
247131
230211
238252
115230
114296
114396
116770
111879
114615
113046
112656
2.12088e+06
2.26249e+06
7.58748e+06
7.18388e+06
723514
516006
779196
840917
1.98107e+06
590686
555130
259000
523298
445692
494788
469162
269620
305059
321233
480921
448645
252886
170370
115977
115844
119495
120649
122197
124622
126773
131818
134703
137778
141190
147670
152429
176506
157042
167642
164963
82468.9
81448.9
82150.5
81429.2
79089.6
82375.7
79575.7
80743
80460.2
1.52187e+06
1.60169e+06
1.72182e+06
2.40231e+06
2.53322e+06
2.65156e+06
2.74909e+06
2.82174e+06
2.94347e+06
3.20253e+06
4.40925e+06
3.65941e+06
5.05854e+06
4.3916e+06
5.43864e+06
6.30962e+06
366880
554521
398331
601382
646207
906597
975253
1.06067e+06
1.15185e+06
1.24981e+06
1.84329e+06
1.4068e+06
1.35489e+06
1.46683e+06
1.58579e+06
1.71139e+06
421363
397000
183594
199011
372658
337423
355341
213978
231723
245758
324196
340786
273920
257994
175162
119000
83754.3
83044.2
86219
87268.7
89068.2
90569.7
94022
95905.8
98538.7
100844
105679
109096
112116
130358
125569
115456
119051
63579.6
63023.7
63218.3
63486.5
62641
61995.8
60360.5
61947.3
60682.4
60891
1.07665e+06
1.14469e+06
1.21369e+06
1.31683e+06
1.79269e+06
1.92335e+06
2.00011e+06
2.82503e+06
2.8399e+06
2.05066e+06
2.8369e+06
2.09242e+06
2.83481e+06
2.07306e+06
2.80648e+06
2.42831e+06
1.51348e+06
2.1938e+06
2.97716e+06
3.78456e+06
2.84994e+06
3.09967e+06
3.64978e+06
2.64014e+06
286270
427465
312723
464746
692029
748554
818168
878913
968462
780041
1.0086e+06
1.31067e+06
1.0372e+06
1.13014e+06
1.23025e+06
303517
284024
140802
152395
271303
213485
258239
165345
180541
192845
213363
201497
240378
189590
178905
263776
122779
86645.5
65588
66009.4
66938.9
68439.7
69765.6
72483.9
73984.4
75941.5
79474
81395.4
83413.9
85971.1
105787
88317.5
98869.5
95528
92783.7
54753.5
55443.3
54654.1
52936
54080
53011.6
52306.2
52012.3
50963.2
51906
51262.4
796879
875015
924294
1.33093e+06
1.42534e+06
1.51003e+06
2.73999e+06
2.05974e+06
2.07106e+06
1.494e+06
1.50723e+06
1.52671e+06
1.75916e+06
2.21587e+06
1.45201e+06
1.95737e+06
1.87919e+06
1.03369e+06
1.62134e+06
2.57572e+06
2.2964e+06
1.93171e+06
1.45681e+06
231557
323790
356939
535368
633560
585981
685049
739350
550615
707324
956805
796812
873456
219047
163510
113568
107343
196519
141447
145091
173588
164382
155404
175579
148384
467735
125617
182194
270880
88985.5
67787.8
57463.1
56447.7
57615.7
58880.4
61093.5
62520.9
64098.3
65575.8
68154.4
69998.2
71817.2
74746.6
90617
83814
76789.5
81248.4
78922.2
52431.8
49998.5
52169.9
50949.2
49546.4
48684.1
48749.1
47554.6
47937.3
47490.6
46783.5
46943.5
618553
677087
768960
1.00661e+06
1.07046e+06
1.43751e+06
1.47142e+06
1.05946e+06
839423
1.10499e+06
1.11096e+06
1.64181e+06
1.99785e+06
1.00241e+06
1.00743e+06
744357
1.34021e+06
805245
1.69201e+06
1.31367e+06
1.36527e+06
1.37343e+06
1.24134e+06
186577
255806
285124
386521
494159
414667
458607
532833
572192
409057
518990
676021
615101
113799
127563
129613
89773
93162.1
112777
104532
118581
111413
145817
138764
132097
126099
119109
99320.6
344490
380039
93046.1
126569
187255
279046
71284.6
59976.7
54510.6
53455.3
57810.4
54765.1
56454.8
59360.5
61156.4
62703.8
64293.7
65822.8
67390.2
80148.7
69118.3
78827.5
75732.7
71221.1
72945.2
51099.5
48266.7
46385
51113.5
52433.3
49623.9
48319.8
47191.1
45524.6
44964.3
46189.3
45588.7
45252.1
483221
555423
542078
590743
636467
720709
1.01859e+06
796863
625794
784639
1.32406e+06
671825
620358
522525
702823
954588
1.11755e+06
524715
1.11441e+06
1.22961e+06
1.19132e+06
1.08157e+06
156636
216957
167867
391553
231373
363127
337844
452515
403886
130257
384966
312235
364410
105837
91236
77397.4
83451.7
91527.8
95581.9
116912
107363
109374
107653
92050.3
89391.6
259551
285779
315108
75511.1
95268.9
132261
193272
288315
63984.4
57583.2
53944
54097.8
58851.4
57139.5
55396.8
60487.2
61817.3
63162.8
64817.6
66124.5
68041
75612.8
69266
73827.8
72183.5
70626.7
49708.6
47454.9
45792.3
44427.3
51687.7
55190.9
53650.9
49805.5
48537.9
46925.7
43905.5
44112.6
45586.7
44787.8
316603
407509
420800
429822
490484
462246
422060
562937
460453
443888
818117
405296
420566
620128
331086
348607
840301
1.00117e+06
1.05701e+06
1.04017e+06
956056
137657
178712
144988
283702
246443
191317
263442
325769
230073
118129
100597
292084
245186
273750
76948.5
85974.7
83950.5
78325.9
79611.1
80906
101294
96159.8
91898.9
94150.2
86710.8
84687.6
209423
221062
242703
242889
68839.1
79141.5
99190.3
138595
198911
299242
63587.2
58903.7
54248.9
49377.4
56922
61531.1
60406.4
58903.7
63374.9
64778.7
66562.2
59100.6
68261.1
69919.3
70713.4
75190.6
71869.4
74412.1
72785.3
46828.4
44424
46125.6
43259.6
43101.3
52952.2
54705.1
57147.2
50652.9
49218.9
47183.2
43562.2
44411.3
45447.1
313254
340573
343542
363542
346287
342191
334036
280488
521862
347880
420200
279285
571767
734390
888214
961230
922375
854492
103744
120700
129576
154129
217741
166006
202101
184183
107215
94681.7
96523.2
199673
231245
174817
162824
79576.1
77766.3
91608.1
80461.5
82885.7
81101.9
80197.9
90140.9
89372.3
88450.9
86346.4
85399.7
84205.4
167373
183821
229910
169933
202110
68275.1
72949.3
83431.8
103845
140954
206583
311301
65184.9
53943.9
60336.1
48810.4
61445.7
66349.5
64185.1
63117.3
68393.5
69802.6
71682
60878.7
63645.6
72300.7
73969.2
75082.8
77906.1
76095.6
76426.5
44204.7
42637.4
43233.8
42361.5
42960.1
54554.1
57409.7
59415.1
52581.4
49187
47619.8
44188
46038.6
43995.1
48107.3
261180
280507
278516
270574
257457
265351
238231
365973
307140
211091
254616
412050
539752
682496
823254
856493
770305
826030
99468.2
111377
131826
145925
159676
151728
102016
93508.6
94988.2
154856
147752
137654
83855.5
82565.2
81333.6
92475.2
90690.7
91564.2
86324.5
82477.5
83439.1
82138.7
89021.5
88012.3
85873.5
87321.5
87238
201980
127796
151787
186435
144388
171662
70970.8
75792.1
79534.7
88400.9
107967
148751
218453
325591
65951
59722.7
50730.5
44591.1
66351.8
71553.6
69920
68934.2
73813.2
74454.5
76457.8
64528.6
66672
69763.6
78309.5
79448.7
80076.1
82049.9
80572.1
41884.6
41666.4
41667.7
40675.9
42617.5
56368.3
59624.5
61892.1
53003.5
51212.3
45546.3
46248
50860.6
221896
209973
235309
202276
195187
194108
187082
265332
215847
199431
330809
423835
495132
668855
740498
770163
699535
746319
97181.3
107078
120667
129648
122544
99057.6
94934.5
93499.2
134513
125540
122859
116665
88726.9
86245
89420.2
93837.8
92977.9
96047.3
91071.9
87768.9
86421.8
89322.9
90054.3
93110.3
90532
90085.4
168325
180369
124957
156697
120127
135088
75088.4
78661.8
82287.2
86840.6
94426.1
115430
155979
55646.1
228460
341337
68809.9
60859.5
47558.5
41136.6
70985.2
78131.1
76458.5
73803.8
80504.6
82717.5
83073.8
67229.2
69849.5
72329.1
76633.3
84284.3
84945.9
85449.3
85839.5
92708.9
39459.8
40839.6
41863.7
40076.4
43678.9
60665.5
70149.1
64484.2
55653
60042.6
46972.5
51577.8
55749.5
176388
192207
174243
159924
174697
164472
247426
182832
307900
384789
501582
603165
677994
639309
702595
678808
95733
103093
115660
110251
97994.4
96076.9
98593.5
95094.7
113021
111448
106364
108486
105083
93648.2
96039.4
93438.3
94984.2
98859.8
99289.1
96538.3
99807.7
93575.4
94644.8
93612.3
93113.4
96975.1
94140.9
163944
145542
154517
112379
131676
124687
116289
66249.6
80111.4
85422.3
88884.9
89562.8
93802.7
102336
121886
165961
55766.6
241771
359418
75771.7
46168.6
38708.5
38147.7
77752.1
83226.5
82538.1
79691.2
87641.6
87979.9
89270.2
73076.1
76954.1
78360
81842.2
85831.1
90395.3
91336
92098.6
97956.4
98423.4
45744.9
40490.4
41769.1
76211.7
71735
64347.1
64822.5
60937.2
54572.8
53128.9
57070.2
154832
158974
143816
149688
147056
222181
170756
279197
369617
464927
539078
587894
615032
624638
638963
96902.8
96995.8
100847
103162
101993
98365.5
102632
99213.9
98675.4
105791
103097
103517
102607
98896.9
101406
100545
104388
103837
103148
105047
101852
97816.8
98501.8
98198.9
100878
104241
143623
126253
136342
107051
110396
120258
111518
77627.6
68106.8
91632.2
97647.3
100420
101283
101292
108922
131092
171193
55828.1
251358
379878
91303.2
45048.5
39969
38275.7
38424.1
37129
92534.3
84515.4
89909.4
87031.2
95465.6
92872.5
97787.1
94231.1
80492.7
84529.7
89441.8
91996.1
95761.4
99901.6
98246.6
104690
104752
47750.5
43383.8
82473
79180.9
74277.6
53925.7
59579.1
72078.2
66828.3
65344.9
60521.5
141202
134522
135407
137644
137065
160548
207882
260225
350399
420638
499144
543860
574502
566653
585760
107434
98956.3
98581.3
100748
99613
98862.8
103303
106627
101255
104392
103654
100919
102465
108879
106737
109663
108266
107402
109888
106850
105703
106871
108479
111919
111156
120045
124919
114311
104394
107995
105713
110371
107789
81074.6
69614.8
96938.2
107518
105179
112240
111831
110086
112604
118398
136243
183555
62235.4
265742
402670
114856
43153.5
37214.2
43178.3
40703.5
37033.7
35780.1
96267.9
93391.9
96504.8
102453
103868
103108
103588
88294.2
97429.3
95681.6
104242
105632
111083
110802
54498
48023.7
88869.3
87120.2
82103.6
78343.5
60593.3
65440.4
70314.6
74380.8
69873
96756
129428
125426
124619
126885
140759
188075
261424
330404
384491
463067
505998
532108
545413
519808
111455
110535
101192
101432
99592.2
101469
99818
108789
103765
104999
104505
103143
102595
113827
112573
114565
112702
116673
114876
111753
112027
110819
113447
116529
115922
118175
118624
111542
117192
105125
105525
107071
108683
84560.3
38701.9
102978
132533
125706
125856
126890
123952
120878
125536
147018
82155.8
197406
47254.6
61692.8
284395
428748
145483
140462
36851
34362.6
45676.8
42647.9
36331.1
110809
99675.7
101172
108418
109720
110250
97221.6
103387
104419
112197
117583
112570
115941
119218
61457.5
54826.6
93594.7
99942.8
88530.3
84770.6
80735
68158.1
74860.9
76485.2
103545
121334
120578
116629
125662
156247
132907
196297
244145
300909
473376
372991
440218
496416
507664
490882
115146
113378
104240
104528
102501
109272
107712
104780
105723
104230
106435
118977
119197
119568
117863
120337
118969
117014
118533
120802
120077
122406
122645
110869
108928
106458
106894
107382
107266
87166
125196
151591
107287
143868
161315
140512
141242
133315
131205
135632
158930
95944.4
213136
52260.4
70770.6
305818
458365
171555
39296.9
33719.4
34899
32905.5
48429.3
45276.3
39895.9
115269
106432
107843
112461
114147
115540
106874
110757
114216
120989
118312
121536
118743
120530
123579
69335.9
62138
58785.6
107579
102794
94928.3
92921.1
85185.1
79981.7
82888.3
110934
115383
118970
111548
119931
128414
148334
228894
176090
445073
276235
464699
344057
407121
472606
452017
117856
115853
107910
109217
106631
114211
112390
109566
106545
108085
108285
109900
121550
123368
123954
127525
123025
122635
124385
123822
122820
125536
124789
126168
126717
109065
108132
108020
109906
112747
108052
92234.2
37166.2
186112
160897
125559
196534
164812
186186
154492
157797
144898
141690
144533
169095
113210
227017
50270.3
69335.9
321831
491485
214660
36381
30852.1
34497.1
51796.7
48475.2
41915.9
120215
116366
117911
119185
114005
117546
119755
123996
126730
126177
124822
124698
127364
81345.9
66473.6
73877.7
59160.9
112724
108061
100993
99882.6
94415
87829.5
116874
112196
114622
109854
110871
116909
125102
136256
179408
209450
420564
437213
261861
441708
324240
382972
430748
119959
118270
110794
112600
116508
112598
109966
111715
112785
125379
123847
129040
130698
127660
126777
128025
126659
126726
128385
130260
129188
129882
129805
108951
108818
109317
111063
113836
115868
114705
109972
200417
149089
224046
210184
185794
168676
158485
150524
155712
183432
153338
113115
246705
47661.4
66613.4
348435
529685
245902
247741
29900.4
33829.6
399260
30301.7
33561.3
41237.9
55054.6
48202.8
123315
121230
123136
120499
122762
124542
128616
129404
130434
130024
129655
130795
89346.3
82448.4
70844.2
66919.8
62884.7
118011
112834
107729
101891
96989.4
99530.3
121811
112061
112288
109593
114267
123762
140948
208600
170827
413563
419262
245798
404545
316372
359259
186553
122188
120416
116554
118567
114564
114534
116580
127045
125566
118233
134617
132266
130405
129751
131053
129582
130637
131599
131658
134337
134028
133019
133612
110177
109665
111112
116804
114720
118516
111759
225218
187982
74944.9
193503
249639
220554
181994
167365
163167
168063
199732
264598
192509
154923
111109
257728
50188.9
73561.3
375251
572733
273423
280429
28726.6
30604.7
27875.5
392971
380697
32758.5
38285.3
47398
54751.5
127574
126267
125398
127244
129312
137137
130896
132849
132806
132640
134029
134585
137072
94132.9
88777.9
95038.5
83184.5
71289.3
62620.3
122743
118783
117363
109707
104994
107479
126199
128445
128251
110898
112176
110243
115254
121362
161022
395903
382492
233392
349731
298587
156493
189641
123943
126966
122206
120349
120984
118209
120281
128524
132083
129692
120702
136947
135934
133377
133530
135227
133240
133822
134148
136718
135988
135562
111673
113901
116780
119351
118925
122744
114483
235423
79890.7
192628
298668
270107
208721
243800
193761
178113
171663
176866
208577
277888
241702
170780
106915
277126
34239.6
50128.8
66455.4
410035
622389
291350
295671
316471
33393.6
27434.9
25633.5
379120
375184
364415
39818.8
47200.1
54163.4
130819
133522
130421
132155
138879
139085
134889
136147
138652
136208
135729
102399
91400.9
99971.8
87421.7
62058.9
83675
71027.6
127408
113959
123614
119150
112614
130728
131956
133258
131373
111067
111064
112311
111964
114596
123228
133824
365252
331998
234272
286469
152518
185535
126219
124435
124160
123130
123815
131907
134070
130669
124955
138744
138685
135329
136903
135972
136525
137111
135682
137062
138620
137509
113768
117300
119458
122240
122694
125511
116234
308326
221310
274312
246740
202892
187811
182179
190325
222739
303300
333287
213079
259410
163054
116341
304715
28958.3
50214.8
437441
678658
293488
315614
335918
35928.3
30800.7
26141.6
23700.7
41696.4
348019
362377
359821
350050
49586.2
58115.6
137664
135824
135834
134516
140114
140274
140149
140499
138215
138611
138742
139962
110159
106841
92382.8
100604
70444.2
83423.6
128999
118328
125196
116282
134992
136363
135417
132763
111759
112456
112731
113560
116402
114147
120709
131881
317479
282517
236939
151022
181043
136293
127580
128019
127436
126796
134649
131354
132866
129779
128129
139821
140235
137444
138246
137717
138308
138650
138660
139561
140746
140987
115755
118339
121418
124921
125150
123751
128371
118434
327600
92250.1
196579
230365
257787
210881
192386
200764
244063
304257
337755
352977
214390
284255
89574.6
135825
336338
30061.2
44023.8
482275
743501
287099
310218
349148
37853
29722.4
23934.5
22631.2
43344.9
50872.4
305494
335391
347956
345898
337362
57140.1
69491.5
139579
137949
138400
137690
141265
141210
141174
141554
141152
140296
141313
107268
116997
99903.4
104144
82755
121837
130371
126530
122763
138212
138527
133918
136662
113881
112999
116339
114750
115847
123146
134887
264726
229219
187087
155250
137853
136745
130544
130672
135129
133759
132628
130908
141167
141773
139317
138992
139218
139576
139882
140521
141339
141633
118350
121407
123671
125949
128256
127181
131086
120465
363928
324365
336169
95311.3
106910
351951
205796
264723
218120
237621
203804
217461
255352
329101
368935
219917
269725
76540.3
142988
354303
26308.7
36447.7
534349
818485
279141
304253
371067
356570
20353.4
34731.5
28473.5
23363.9
39763.9
49235.8
58470.1
263435
300203
325714
336460
333610
326187
71627.2
81630.8
141455
140675
139990
140409
141753
141869
142022
142193
142341
142210
142205
142245
141908
114623
123349
111868
94378.2
135668
129842
133567
130444
140683
140855
139557
137488
115399
117525
115520
117944
123880
135077
214769
154269
139048
138463
137558
133048
134483
136223
134949
133241
141879
142065
140327
140349
140155
140494
140776
141019
141816
141505
141962
120129
123397
125700
128412
130195
130327
133292
122383
335845
315607
103403
114181
379753
214027
242869
255875
212112
235379
289253
340461
381536
388212
197645
255164
62623.8
118102
395445
23951.9
32534.5
586621
902481
282393
377046
347422
17829.4
22129.7
33537.8
27350.7
40140
45245.1
56522.1
69810.9
218686
258293
292671
315441
325194
322901
316254
88759.4
82850.6
141627
141935
141664
142694
142250
142380
142799
142496
142592
142700
128792
123635
121304
99133.1
138641
137787
134673
134242
142251
141573
140126
117291
119184
116957
117571
118994
124170
138846
158880
139704
140370
137904
139095
135159
137275
136446
135214
142081
142204
141075
140953
141310
141370
141666
141867
141992
122316
125260
128003
130859
132051
132596
134750
124120
325825
304660
110933
119975
398121
223573
235365
257742
221382
252529
312255
312824
358813
405471
393128
167165
215854
49085.7
85235.2
431018
17431.4
25119.5
654878
997229
286809
269771
330190
351081
373106
16935.9
21139.6
26995.6
35229.1
44927.7
54237.9
64289.8
78038.2
182435
217076
253241
288729
308626
315067
313453
307423
93549.3
87625.7
142526
142604
143055
143011
142340
142444
142886
142576
142692
100893
132938
130908
125174
129017
112319
140132
136269
139378
138052
143168
143001
142860
142067
119668
121598
118265
119227
120042
127201
139521
154991
140938
140165
138862
139598
136842
139061
138174
136783
141301
142070
142161
141397
141575
141806
141703
141854
141887
136652
123406
127342
130036
132440
135456
133756
125828
302032
116956
415734
231366
244008
235307
267917
348568
250068
327730
397117
427998
402416
138383
163571
33724.2
62075.4
484907
15393.6
18987.5
718559
1.10308e+06
252860
280089
263543
311895
336374
377247
15731.7
18785.1
24266.5
33079.6
42277.2
49735
61617.3
75530.1
88624
187511
220328
253490
282200
299292
307121
304929
299549
98965.5
143338
143150
142963
142269
142330
142689
142517
110655
136444
122460
130195
134912
121264
141231
142150
139625
140571
143514
143524
143230
143440
120860
122577
119582
120481
122309
128637
137623
156179
141251
140982
140426
139793
138135
139226
138051
141464
141930
141995
141589
141648
141689
141684
141685
141527
137742
125517
129169
132231
134039
136126
127395
432179
378490
251960
242767
296453
209876
292887
369117
420309
445158
408622
450453
84640.6
120059
26865
41431.8
510418
14246.6
15150.1
804129
1.21981e+06
258858
274102
289575
265622
311515
349835
380758
14844.1
17372.6
22562.8
29046
39334.1
46923.4
61459.6
72424.1
85649.8
98505.6
187337
219480
250729
274530
292463
299353
297443
292550
106313
143300
142932
142630
142093
142259
142397
117113
139520
127809
137653
134386
126674
142603
143380
141939
143131
143698
143680
143779
143502
122099
124672
120841
121606
123488
161843
129946
142295
141378
140581
141273
140967
140303
139093
139929
138908
141410
141313
141706
141757
141536
141528
141487
141450
141431
141385
141198
138233
127412
137423
130990
133847
135351
130118
454715
295854
316851
408085
270400
134370
225464
309634
477600
383021
445541
439518
483899
64045.1
76979.4
19496.6
29529.8
575874
12587.4
12415.4
882719
141872
1.34558e+06
274062
276314
280280
316167
363132
408435
12948.5
16595.6
21216.5
25889.8
36127
45063.1
57762
68845.9
82094.1
93182
103619
188432
217862
248351
272488
287411
292680
290594
286334
114953
143019
142536
142236
141855
141974
126635
141436
133714
138729
134300
142667
143775
143468
143495
143075
143909
144034
143685
124026
126557
122193
123041
163733
124755
144249
131557
141276
141223
140926
141154
140588
140191
139633
139576
141291
141449
141431
141369
141306
141244
141247
141157
141231
141127
141136
138884
129110
138419
136433
132432
134603
131575
306621
323567
458993
302478
496567
92189
144743
231499
325253
464306
398068
475266
516504
40121.9
46200.3
14147.1
19092.9
648770
10996.9
10361.3
968279
143615
1.4769e+06
287697
285092
330294
402176
475365
11764.4
14947.7
17953.1
23560.8
32020.3
41265.2
53594.7
66169.5
76229.7
86351.7
100311
108647
189379
218809
246947
269179
282534
286573
284908
280227
116160
123020
142347
142065
141297
141799
141593
132822
141943
143342
137954
139608
142054
142523
144223
144308
144278
143240
143655
144015
125504
128066
123209
124522
160969
140998
125270
130348
141178
141145
140991
140769
140524
140125
140028
141023
141011
141059
140892
141155
141072
140994
140931
140988
141045
141006
138885
139731
130579
137808
136263
134319
132750
26342.2
314533
361514
495020
318775
87693.6
518804
454603
49132.7
151770
233660
311680
398079
550946
567992
23995.2
26360.5
10708.9
12542
704669
9885.72
8742.73
1.04689e+06
144445
1.61798e+06
301831
303863
379794
466353
566654
10491.1
13315.4
16019.1
22468.2
29318.1
37339.9
44529.2
59901.3
70131.6
84931.9
98069.4
111301
185270
213858
241601
258213
273709
276132
278875
274586
153560
121582
128964
141815
141558
141122
141329
141577
136816
134096
142298
144406
141331
141922
142699
144299
144547
143208
144038
126758
129924
124160
125596
141958
129560
126024
141075
141075
140865
140451
140848
140852
140678
140751
140675
140871
140789
140658
140711
141002
140942
140866
138472
139713
140179
131870
137135
134672
133791
356004
402855
536479
349481
88164.9
48842
436780
509544
368618
26870
140684
207834
293682
620143
587408
13656.4
14933.9
8371.6
8707.84
744247
8705.75
7513.28
1.16085e+06
144609
144796
1.77381e+06
328757
356340
411845
463049
582384
657058
9218.74
11369.7
14680.5
18632.2
25728.1
32547.8
42022.2
54756.3
67647
79752.2
93108.3
107078
116883
137460
174490
199976
238521
260413
273050
273706
269147
150524
125106
130727
141302
141083
140965
140559
141110
141066
141313
135411
139570
143914
144909
143141
142078
142649
144264
143091
143732
131137
129161
125335
126821
130477
126671
130794
140976
140828
140615
140958
140697
140760
140503
140481
140498
140621
140471
140565
140849
140917
140757
140651
138948
137790
139914
140382
136652
132969
135477
137633
372475
439766
80352.4
321595
47588.2
26966.3
387032
463952
250363
15084.1
126280
188595
665718
548924
8703.86
8689.99
6672.43
6294.19
839406
595187
7569.59
6340.37
1.26304e+06
144643
145006
1.94542e+06
775160
395739
408963
475470
659038
774993
7961.46
10131.9
12748.9
16388.3
22210.5
28521.4
38906.7
49173.5
61666.4
75052.5
86194.5
122867
99286.9
112713
136506
169499
192859
217929
235416
257369
268799
268609
263397
148313
131389
140842
140674
140295
140345
140837
140526
141491
140988
138593
141864
145229
145178
144546
142187
142744
144061
143419
131540
129699
126428
128336
127568
130070
140859
140588
140865
140553
140543
140340
140296
140233
140438
140329
140420
140103
140830
140771
140654
140520
139741
138799
140323
133806
135506
137436
447919
387396
268761
74260.6
45207
213724
26015.5
14564.2
325724
161335
8364.88
113431
517881
458760
639178
5829.45
5284.63
5351.88
4591.17
499846
902010
649831
6381.1
5273.38
1.37444e+06
144617
145131
2.14093e+06
768568
895130
508688
714334
917536
6795.32
8670.28
10980.5
13891.1
18889.2
24772.2
33755.9
43365.3
53009.7
67349.1
79976.5
93449.7
121080
108662
134625
165390
187108
206535
233517
256115
265138
263324
256756
142185
133732
136898
140398
140086
140183
140394
141557
140978
140434
144158
141932
145512
145109
145547
142385
143009
143662
131823
130089
127386
128481
128231
130424
140566
140724
140780
140778
140435
140072
140133
140310
140215
139917
139946
140744
140669
140545
140441
138620
140000
139493
140354
134517
135884
136974
138229
660785
548817
3914.33
569493
3416.59
4250.81
710309
1.01864e+06
5378.19
4269.14
1.48509e+06
143855
144547
145048
646945
2.39027e+06
669029
939324
1.07797e+06
714229
859628
1.02251e+06
5703.68
7303.44
9071.08
12104
15736.5
20841.9
27502.5
37797.6
46596
89303.7
61061.8
72963.1
126684
101607
115867
135877
157825
179714
205998
235111
254309
261384
256999
248406
145980
132876
139173
139832
140009
140027
139975
141713
141013
140495
142167
145405
143866
145645
145906
142984
131693
129890
129658
129096
130171
140599
140716
140704
140317
140008
140101
140213
139897
139818
140658
140574
140346
140467
139163
140102
139703
140380
133680
135068
137216
138370
3325.05
832151
1.17922e+06
4457.19
3412.08
1.70394e+06
144103
144674
145406
855407
2.72992e+06
1.13641e+06
838389
1.20331e+06
1.34843e+06
917445
1.14388e+06
4672.01
6061.84
7600.61
10059.7
13075.5
17238.3
22102.2
31524.2
39966.9
95264.8
52949.3
81588.8
66073.7
122192
109714
136318
158466
180236
209183
236955
253418
256628
237392
249305
144188
127662
144838
140999
135857
139734
139753
140129
139878
139817
141083
140103
140527
141553
142240
146060
145927
145964
143032
131603
130338
129684
132580
140544
140592
140631
140136
140222
139998
140081
139880
139771
140571
140488
140270
140396
133099
139230
140043
139668
140290
136296
134816
137333
138158
1.22054e+06
3567.24
2.029e+06
144143
145340
1.50513e+06
3.22423e+06
132315
1.35791e+06
2.03753e+06
1.08825e+06
1.55824e+06
1.78308e+06
1.68146e+06
3740.8
4894.8
6293.56
8124.61
10685.8
14007.6
18694.7
26015.8
99221.6
34883.8
45331.3
86425.7
57813.6
73168.7
114788
136672
159717
184695
214643
238241
251126
251164
222781
238610
145581
122323
145775
144378
139256
139688
139656
139652
139843
139670
139816
140117
140890
140436
141203
142462
141630
146381
146461
146102
143571
131730
130704
130613
132245
140468
140541
140540
140065
140150
139954
139865
139781
140479
140402
140181
140297
133584
139037
139660
140195
134839
136360
137368
138195
2.40091e+06
144827
3.61387e+06
2.72228e+06
3.93027e+06
130372
136316
2.31923e+06
3.46752e+06
1.46658e+06
2.08914e+06
2.3507e+06
3910
5130.84
6635.51
8652.57
11301.2
15443.4
103703
20911.3
28462
91443.2
38129.1
48997.5
77612.3
61935.4
111362
137360
164412
191849
218462
238902
203925
248641
243138
224706
149763
122936
145981
143628
139679
139608
139550
139526
139628
139668
140030
140500
141105
142604
146979
146723
146206
144022
132521
131319
131377
133408
140312
140399
140432
140027
140055
139899
139770
140374
140302
140199
133936
139008
139571
140054
135212
136334
137306
138143
145009
6.14793e+06
143066
4.89404e+06
139545
132099
146807
7.43343e+06
3.86945e+06
6.14072e+06
2.10423e+06
3.17196e+06
4065.71
5321.08
6948.28
9025.51
12181.3
16495.9
98394.8
21898.5
30669.5
84305.1
42501.9
52811.8
68255.2
114393
104826
140409
171786
197286
180828
222922
240282
206557
244161
231794
154439
126449
144250
139590
139466
139430
139470
139551
139740
140135
140691
141449
142425
147175
145956
144594
143597
132688
131894
132121
135180
140225
140299
140302
140014
139902
139780
139585
140244
140178
140110
134209
138904
139613
139872
136142
137168
138090
142096
135841
147497
146765
6.80558e+06
8.85478e+06
4.95192e+06
3.26405e+06
4198.94
5508.46
7166.05
9374.95
12789
17109.4
92641.2
24230.4
32920.1
73831.9
45296.6
57926.1
94684.2
116146
110808
145375
177652
154485
204061
183030
227026
239035
216640
236738
163754
129208
145212
139431
139358
139360
139379
139514
139834
147501
140339
141051
141838
143018
146602
145244
144064
133017
132324
133186
138903
140044
140092
140132
139896
139827
139704
139573
139426
140078
140015
139934
139786
134366
138717
139222
139626
135909
136946
137791
139130
147706
7.19177e+06
9.8075e+06
5.53158e+06
4308.38
5633.24
7278.26
9846.53
13388.2
18594.9
78743.4
25768.4
36234.4
62957.1
48006.3
114329
123650
86225.2
99120.9
149993
183613
126469
156874
209297
195503
228977
236306
225070
167617
131560
141926
146467
139297
139250
139327
139629
140046
147339
148028
141559
140723
142505
143639
146441
144939
133241
132793
135389
142214
139774
139896
139911
139726
139389
139531
139229
139859
139794
139670
139575
134428
138465
138952
139314
135610
136656
137502
147635
1.02261e+07
1.03915e+07
102879
4390.31
5725.49
7565.63
10121.9
13909.7
19547.6
68773.8
28039.4
38185.3
50212.6
74529.6
112921
124904
87139.5
155158
192085
99050.4
127698
168781
215249
209191
230016
229699
178578
133614
139659
144574
147122
139160
139185
139396
139819
140469
148386
147447
148230
141327
143269
144938
146331
133147
133889
137508
148113
139506
139602
139623
139442
139136
139266
139056
139585
139505
139435
139286
134110
138147
138615
138935
135187
136171
136977
94314
4441.17
5806.22
7656.09
10351.5
14423.7
20384.6
55758.5
29358.9
39885.6
72590.5
61233.2
101998
117326
85010
165648
200222
74097.6
100094
141111
185180
219331
219194
228367
185360
130242
141578
145463
148144
139058
139242
139644
140291
141691
148861
147690
142977
144514
146282
133649
135063
142098
155442
139133
139237
139266
139142
138913
139004
138934
139235
139159
139053
138935
134003
137609
138500
138085
135661
134750
136399
4460.81
5790.38
7710.63
10700.7
14836.1
21659.3
44591.8
31408.1
66452.7
53013.6
120690
93403.1
109216
71481.9
172706
53041.6
206079
74476.4
110216
159350
199880
221539
222456
192461
123944
133816
142907
146817
148961
139114
139519
140201
142832
141193
149185
147925
144475
146320
134644
137448
146089
162054
138625
138744
138790
138827
138811
138769
139014
138835
138799
138781
138660
138591
134264
136873
138036
137364
135227
134672
135897
83683.4
4450.54
5786.59
7719.8
10837.3
15516.7
22825.4
36938
37432
54002
111538
95763.8
73605.1
58461.3
179796
36393.7
52946.5
211198
83675.4
127303
176322
209878
220754
201055
113215
126616
136920
144009
147913
149540
139444
140192
141300
144580
142776
149506
148292
146505
135552
141338
153939
168796
138231
138268
138302
138582
138671
139381
139001
138503
138123
138452
138391
137641
135060
136727
136244
137355
136709
135342
135172
135731
4409.54
5722.6
7738.4
10870.7
16081.5
25057.6
40538.3
27451.1
43307.9
97355.5
79986.2
62414.9
46007.4
189453
24036.4
36005.1
59908.7
214937
99234.2
149941
191398
215653
206143
98633.7
113407
126892
137201
144961
148585
150227
142889
140187
141331
146729
145214
150222
148619
139771
147229
159844
178712
137846
137764
140769
137873
138661
139316
140079
138551
138176
138018
138274
137153
137217
137675
136159
136543
135831
136728
135910
146583
4339.32
5649.98
7653.9
10893.7
17546.1
27217.9
19177.7
31877.9
81129.9
62458
46033.1
31872.2
196102
15377.8
23513
41518.4
72725.4
213739
115017
168763
200894
209298
9552.05
77811
95003
112354
126139
135899
143394
148181
150514
143820
142087
149618
148403
146448
150786
142960
153107
166592
186714
137443
137618
137717
141699
141334
137918
139075
139979
138915
138464
138122
136757
137004
139260
140960
136129
136504
137455
137085
4239.63
5505.27
7487.11
11877.8
20853.1
13024.2
20994.6
60534.2
45279.2
31325.7
20008.9
202578
15050.1
27092.5
49828.5
89273.3
207477
133885
179937
207701
9273.16
5800.3
59094.3
76131.7
93377.2
110812
124653
134804
142955
148102
150986
147175
145141
143289
145023
150721
149192
151609
148088
158968
177773
194929
137262
137507
138292
137912
141056
143194
138430
139916
139358
138966
136783
137388
140945
144313
137008
137531
139337
139028
4120.29
5368.45
7837.05
8135.75
12944
7870.21
12312.5
44275.5
30578.9
19381.7
11907.1
42633
204383
16626.1
33668.9
65285.6
108005
190134
156091
196007
10095.7
5514.13
3448.07
57054.6
75114.3
92325.5
106895
121232
142614
133131
148174
150793
147204
150103
148167
146522
148156
152108
152175
155709
151212
168701
184682
198835
137642
139366
137960
139706
139058
142586
145339
140070
141274
141247
144177
140168
137666
138406
143248
147603
138853
139131
141653
3974.69
5442.32
5180.91
7589.24
4946.38
7233.43
150092
28824
18973.7
11577
6850.77
27344.3
38935.4
199821
20604.7
43556.6
78134.5
126601
170761
181655
12987.1
6188.84
3279.51
2013.95
53277
70769.3
87562.1
103770
116587
129090
140223
133143
146650
147879
149847
151816
150136
151652
153146
152402
163571
156658
179937
192794
198907
139107
141098
139458
140912
145903
147226
142952
145544
142521
142640
139130
140200
154224
149239
142389
141779
147118
3750.42
3563.67
153110
4678.08
3354.28
4381.55
150262
145641
17684
10764.9
6347.98
4039.08
16830.2
24995.2
36287.6
184392
26983.6
52821.9
99688
143541
157511
16146.9
7386.58
3490.02
1901.66
1160.94
68225.6
49736.1
84829
96895.3
111660
124657
138675
150500
152142
153207
153825
153971
152303
187739
173425
163318
167855
191551
186142
195573
141035
143525
142159
142730
146825
146507
150476
148828
147628
147121
141548
143829
156221
146478
146510
153608
3131.22
2897.8
146490
139684
10232.3
5909.51
3728.66
2670.43
9100.15
14940.8
22987.6
32662.3
168493
37299.8
66400.5
117227
126962
23006.4
9658.04
4425.3
2039.23
1102.28
657.072
45013.9
60752.6
76261.4
89679.6
104510
117921
131572
145582
154694
153541
153457
154763
154929
153433
150454
175808
180321
171286
167538
190682
180022
174287
191566
143931
147183
146514
150649
150726
153463
152087
152698
147443
146011
152413
174123
153125
162041
151621
140586
5331.35
3387.5
2435.64
4978.72
8233.95
13446.8
21230.2
30069.4
146934
48091.6
86139.5
101415
30404.3
14110.5
5782.97
2469.77
1158.86
619.373
366.616
42723.1
54759.5
69327.6
86877.4
99238.2
115803
124815
137190
144511
156222
155710
156783
156176
155627
153562
148799
151303
165402
179047
182248
180888
187498
179058
187318
149037
152563
151998
157110
156113
154218
157305
157029
158807
158766
156219
151826
158438
162301
172503
159654
177466
136601
3103.12
2214.73
2761.72
4432.97
7358.3
11623.4
17855.6
25921.2
115603
120595
56050.4
73946.4
35965.9
18891.5
7264.71
3235.71
1470.33
657.113
336.93
202.217
37300.9
49471
61005
89460.1
75180.4
106599
119046
126665
136008
158309
154676
156192
157761
151104
143302
165335
131361
178791
183029
180435
168560
182817
186136
163829
158802
155440
158433
161197
159055
161269
159436
160200
159787
163659
168768
165089
170140
176988
175402
168075
1979.04
85059
1761.43
2478.94
3918.25
6489.1
10679.2
16321.6
23658.8
99195.8
80121.8
48702.3
53817.7
24619.8
10772
4335.01
1939.04
791.487
346.739
184.318
110.374
31887.8
42556.3
56943.4
67932.4
95350.3
111487
123097
129555
147509
157599
152695
156050
138391
139611
102030
172370
153639
172627
176451
164820
163920
164019
160295
157656
163077
161944
153459
153847
171389
173453
171349
173062
171250
169389
73585.9
1548.15
2171.9
3373.53
5558.31
8619.29
13089.3
19622
69345.7
72000.5
28180.9
34742.6
12841.3
5925.01
2433.33
1034.46
401.383
186.146
99.8734
59.5876
26289.8
36762.6
45675.3
57395.2
82759.6
99482.2
107056
117850
139878
148975
146819
127705
141323
111362
156415
154458
127723
158097
164047
166936
165908
166764
157682
161791
159878
142669
147858
171575
156825
150852
163468
167157
166771
59387.4
1353.45
1892.73
2935.62
4740.73
7371.08
10621.6
15902.4
80646.1
47086.4
55209
18559.4
23179.1
7837.09
3672.56
1381.39
502.705
210.616
102.462
53.3663
31.7559
25243.3
22076.7
29798
38710
46519
95817.8
57120.2
73530.5
84250
101582
128699
134893
111691
127927
97418.2
138973
133111
134092
161678
164347
163287
146698
154868
145043
134575
128242
155036
162440
134810
145177
160005
144183
1167.34
1615
2458.01
3897.66
5770.83
8651.06
11790.7
62715.4
34142.5
10283.4
13279.4
4407.42
1915.33
708.409
278.137
114.387
54.1551
16.7363
28.6468
16387.6
16275.4
21867.7
30408.5
38805.1
80201.9
45365.4
58747.2
64642
90641.7
111011
113130
94835.9
110125
97028.2
61841.9
94646.8
104420
110317
154984
152209
150913
144279
121875
131154
141050
129739
112371
106949
145202
120272
133282
120663
1004.08
1390.09
2083.63
3204.74
4723.29
6781.46
9478.57
34520.1
20005.7
6667.25
7421.58
2555.82
8.70463
873.869
326.919
130.09
59.9352
28.0375
14.9707
9398.17
12974.3
17113.5
22870
28737.8
63885.2
37007.9
45577.7
52603.4
73378.9
92714.7
81402.4
76248.1
92688.7
76403.9
45750
67361.4
86964.7
82226.3
137547
130639
107121
113306
123501
107661
90646.2
90129.9
109745
80919
108270
101663
852.357
1179.22
1752.95
2561.01
3696.66
5343.4
7310.57
23541.7
27798.5
13675.6
3478.02
4501.83
4.4782
1155.4
7.71911
429.693
180.364
70.9901
30.1648
14.4202
5694.2
9312.86
12337.2
16172
22541.5
45915.3
38652
28475.2
32054.9
59041.9
67398.1
57187.4
71090.8
61552.8
43471.3
47262.6
59672.7
115252
105928
87024.1
88861.9
90078.5
90192.4
99390.4
70961.9
62765.4
81631.9
59936.5
81380
714.907
984.612
1436.58
2081.98
2920.71
3953.24
5274.96
13689.1
19302.8
7232.9
1516.41
1937.39
2.28472
3.93698
558.602
7.2768
208.311
80.4429
35.2073
15.2171
2882.06
1.15078
7066.26
9033.38
12069.3
15034.1
36297.7
30310
24891.8
19073.7
40069.6
25922
42098.8
46062.6
52940
47383.6
22243
32567.2
37505.1
90996.3
66619.2
76238.8
68501.5
72294.3
75638.1
54082.1
40162.4
42195.6
55630.1
56056
11067.1
594.618
818.263
1164.22
1674.67
2295.72
3038.78
3958
8614.64
12387.5
10313.3
3039.06
732.635
1121.36
2.02484
3.63979
311.458
7.4277
99.9084
42.8179
18.5571
1151.31
0.576662
1.01166
5118.59
6615.09
8509.23
21504.8
17616.7
14002.4
13697.6
27002.8
18722.2
27413.7
31267.8
35415.8
31321.5
20663.9
28041.8
12696.1
38718.1
54021.3
43913.1
54083.2
41714.9
46734.2
49685.4
39409.5
24094.1
31920.8
32919.5
7427.93
9396.46
488.029
663.752
930.371
1300.14
1646.8
2066.28
2558.68
3666.46
6289.59
4436.89
1449.83
397.645
431.513
1.8805
3.61925
129.246
8.19949
53.5796
22.523
670.624
0.287982
0.886228
0.493332
3504.79
4398.73
4851.31
11052.1
7341.03
8654.54
10589
17023.8
12962.7
20137.5
17582.5
25133.4
22648.3
15470.9
7283.33
13354.5
26643.3
34018.4
25905.2
35428.1
32394.8
31453.6
27475
17976.8
19154.7
11675.4
17262.7
5982.71
398.165
540.567
738.441
982.69
1240.21
1562.67
1856.14
1749.3
3200.29
2155.54
672.772
199.332
248.71
1.86949
4.18355
67.573
10.741
28.4371
250.289
0.842063
0.143887
0.249799
0.433372
2085.87
2489.88
3004.51
4968.13
4053.18
5428.7
6361.76
7589.6
10615.8
11690.6
10208.9
16691.1
13143.3
6466.94
2704.47
7072.07
19492.2
14794.8
19106.7
22197.7
18349
16216.6
12510.3
7370.33
10030.2
10460.9
321.296
434.348
584.891
776.302
956.491
1088.13
1305.37
1046.97
996.379
1461.24
302.306
88.204
112.37
2.0191
4.35723
32.2392
11.3676
138.518
0.940183
0.0725504
0.428846
0.124546
0.221463
1404.88
1741.74
2037.65
2939.83
2189.18
3048.94
4259.02
4777.82
4987.94
6429.09
5613.26
8838.31
10457.3
7356.88
4604.21
3069.76
1225.69
3387.65
7625.95
7569.01
9995.95
9206.66
7259.14
3624
5154.39
3604.58
5284.3
256.851
345.438
464.666
593.922
712.069
806.432
887.701
381.546
688.197
593.573
169.631
41.045
60.2378
2.3026
5.10163
13.9574
62.9633
0.0372994
1.03792
0.400913
0.0639537
0.20758
0.113904
955.019
1043.61
1745.37
1161.27
1304.64
1692.93
3344.38
1980.04
2868.86
3063.7
5669.78
5113.21
2249.4
2879.79
1390.58
789.083
1543.28
1692.11
3655.27
3656.27
4930.67
3633.43
1760.71
2393.57
1709.98
3093.48
203.278
271.88
362.762
467.019
552.582
615.883
632.064
203.935
292.928
249.023
94.5599
27.4479
16.9252
2.73837
6.17258
33.2424
0.0198332
0.0329401
1.19713
0.475258
0.207795
0.055151
0.101615
695.608
732.991
833.991
853.793
785.295
1099.44
1488.1
1716.77
1239.56
1532.83
1329
1083.25
2502.72
894.697
339.155
150.298
1073.76
690.432
2103.15
1656.22
2387.64
1196.23
937.503
903.057
1478.13
541.673
159.228
213.673
284.836
354.487
418.205
458.347
476.97
92.0577
107.958
30.5557
11.0628
7.7088
3.34476
10.4901
1.19052
0.0110785
0.0173747
0.0287599
0.474281
0.22237
0.101098
0.0542272
0.00658605
484.258
453.398
511.16
494.949
600.896
570.574
856.957
747.866
466.194
775.016
862.242
523.816
899.955
392.961
149.852
371.284
73.7909
467.772
463.465
725.454
1102.49
492.154
488.408
445.762
371.696
382.463
122.958
164.308
214.41
276.723
320.039
323.386
325.854
37.9431
46.2128
12.6072
4.99684
3.96049
6.00864
1.4723
0.541753
0.00988616
0.0157277
0.0285091
0.249173
0.119156
0.0507071
0.00601014
0.00418468
315.474
334.828
299.219
332.392
359.624
306.729
274.256
268.864
445.443
301.803
423.635
168.53
59.0311
184.248
29.3071
248.919
190.29
304.391
372.327
261.555
201.55
203.294
129.602
270.937
260.427
227.779
94.0301
126.148
167.062
207.582
231.375
244.815
252.466
15.4818
19.4226
7.28066
10.9236
2.03414
2.52015
0.74395
0.286729
0.00924662
0.0160631
0.0273652
0.135163
0.0595186
0.00598173
0.00394566
0.00281702
240.74
224.27
193.894
175.884
162.107
134.253
173.102
178.685
194.282
186.16
87.7336
67.1872
23.1145
74.5717
12.4948
81.2607
126.159
199.313
136.569
86.4046
82.5997
71.4838
176.01
152.906
70.7644
94.6715
125.435
152.358
174.08
184.584
190.468
9.06891
4.95869
2.35901
4.20542
0.722755
1.10714
0.342109
0.158492
0.00938765
0.0170002
0.0329232
0.0615817
0.00614929
0.0040308
0.00273518
0.00198138
180.79
158.623
141.093
131.923
118.339
106.659
85.3394
85.6957
86.8017
86.1676
85.3198
40.4387
41.0237
33.6131
26.4481
14.4459
29.6631
5.02939
30.8985
35.9293
85.7533
58.171
37.1324
52.5021
70.0749
92.4351
115.823
133.712
139.167
144.068
2.63233
1.03645
1.73704
0.406771
0.502717
0.161745
0.0740019
0.0109725
0.0185139
0.0385752
0.00711805
0.00451441
0.00290196
0.00192775
0.00143939
130.278
125.207
110.98
84.1687
87.8207
63.9102
62.7628
55.8633
40.432
35.8911
24.5146
32.6839
22.9017
25.2037
18.8831
16.3769
5.95146
10.1779
16.4704
2.12775
17.4452
23.4062
8.82953
23.1098
17.1981
38.3225
50.8794
67.3188
83.769
96.7217
103.779
104.212
0.614071
1.19822
0.880878
0.199866
0.304898
0.0992799
0.042385
0.37758
0.0131463
0.0226537
0.0093605
0.00550364
0.00337417
0.00210551
0.00142606
0.00106
98.9747
89.865
78.5981
59.7324
67.1508
46.9019
38.7408
32.0331
26.6395
19.7956
17.5396
16.8814
14.7609
2.57983
4.83877
4.55177
1.07243
9.33176
10.6241
2.98828
3.8691
6.51345
7.59088
9.22646
27.5235
36.7618
48.1973
61.9998
72.6047
76.3016
80.7238
0.436887
0.456165
0.123465
0.158888
0.060745
0.0285205
0.17742
0.0154643
0.011443
0.00713742
0.00405646
0.00249221
0.00157176
0.00104412
0.000788629
74.6777
71.4742
60.5654
45.8126
51.8077
36.0441
31.2879
23.9749
19.4968
15.3437
11.8516
12.9457
6.87669
10.6588
8.92736
1.30151
2.1925
0.660254
0.83851
4.51239
1.90575
2.31007
4.32149
5.06803
19.3494
26.0128
34.2106
43.1974
50.7854
53.302
48.3048
59.3771
0.317939
0.229234
0.0680054
0.102664
0.0398355
0.0220615
0.116797
0.0162155
0.00948887
0.00532758
0.0030181
0.00190098
0.00114292
0.000586095
0.000785267
55.1337
50.7013
44.9407
33.7664
36.6663
26.5532
21.4445
17.2469
12.7979
10.0287
8.5837
5.41741
6.80564
1.12329
0.44066
0.570871
2.82935
1.15021
1.48196
2.94977
3.74304
3.98195
13.2703
17.4201
23.01
29.9402
35.5357
37.759
39.0379
0.15765
0.243918
0.128483
0.0517547
0.0671659
0.0269174
0.0204133
0.0914207
0.0130655
0.00765344
0.00396195
0.00245655
0.00141556
0.000434604
0.000869173
0.000578317
40.2872
37.7084
33.8713
28.013
23.5396
20.5935
16.7842
13.4909
7.87439
10.0644
6.52
5.09929
5.97141
3.53383
0.679487
0.327387
0.43633
1.59853
0.89352
1.22148
2.12593
3.14231
2.69401
18.0759
8.99722
11.9583
16.0223
19.874
24.6616
27.5588
28.8823
0.17495
0.106215
0.0555262
0.0405322
0.0277549
0.017929
0.0686628
0.00979041
0.0147956
0.00540271
0.00332289
0.00182352
0.000319999
0.00105345
0.000432029
0.00063756
28.6359
26.9945
24.3819
21.2963
14.9021
12.1969
9.70791
7.65779
5.78253
4.57282
4.48133
2.72397
0.674029
0.499864
0.238795
0.318562
1.39988
1.04637
1.835
0.597706
0.80796
2.078
13.9117
16.5043
5.89876
7.72439
10.2703
13.0676
16.4505
17.7041
18.7875
0.128627
0.0811789
0.0417767
0.0248953
0.0523813
0.0188025
0.0111585
0.00795513
0.00456923
0.00230275
0.00133881
0.000232691
0.000321347
0.00079786
0.000479021
18.8659
17.6149
18.0285
14.5567
10.5697
9.25051
7.46834
4.31016
5.48578
2.50412
3.31957
3.20938
1.86749
0.433217
0.204043
0.261152
1.07793
1.61676
0.81374
0.52274
1.40558
12.5689
12.1065
3.80859
4.99783
6.66933
8.88772
10.8721
12.4142
12.5633
0.13571
0.0988865
0.0579715
0.0262157
0.0344219
0.014047
0.00904657
0.00635829
0.00314992
0.00182383
0.000168273
0.00103222
0.000230297
0.000362444
0.000582782
0.00439061
12.7131
13.1078
6.45647
10.7655
8.67162
7.26068
5.17382
3.77136
2.24064
2.38731
1.41409
0.332477
0.214328
0.950549
0.400985
0.605923
0.965122
0.13322
0.185192
9.24609
10.1485
6.61969
2.38892
3.1215
4.26588
5.33015
6.52211
7.49693
8.72301
0.0196042
0.0272554
0.0818892
0.058445
0.0414377
0.012634
0.00658146
0.00250235
0.000120347
0.00138452
0.000166126
0.000750683
0.000255174
0.000431479
0.00343896
8.33597
8.15192
4.6895
6.8928
5.15824
3.47298
2.76928
1.73732
1.66952
1.04418
0.251968
0.299817
0.724756
0.455168
0.617812
0.0992475
0.158941
0.149093
8.51154e-05
7.63941
4.51399
1.46409
1.92919
2.49256
3.40977
4.23693
4.45321
5.47705
0.0175929
0.0249687
0.0610584
0.0431272
0.00918867
0.00476374
0.00174988
0.000118347
0.0010034
0.000183706
0.000559275
0.00030813
0.00240819
5.77346
4.50854
4.90049
3.28392
4.06226
3.01495
2.26951
1.80447
1.26169
0.734077
0.956522
0.221233
0.301149
0.462343
0.447697
0.132731
0.0726882
0.0988972
0.05023
8.31932e-05
5.96541e-05
3.28223
0.873279
1.12336
1.46982
1.97866
2.44907
2.84648
2.90222
0.0170477
0.0114327
0.0238433
0.0353739
0.00643391
0.00369844
0.0013593
0.000133427
0.000804511
0.000226366
0.000415455
0.00184945
3.15215
3.28191
3.04363
1.88672
2.90296
2.00919
2.34415
1.55507
1.25029
0.881057
0.54968
0.677841
0.315099
0.219249
0.336423
0.127918
0.0948583
0.0691948
0.0349364
9.31261e-05
5.80823e-05
4.13676e-05
0.513819
0.659358
0.862402
1.14518
1.42523
1.58305
1.7352
0.015834
0.00922076
0.0214376
0.00508374
0.00256788
0.00111186
0.000162575
0.000556502
0.000291612
0.0015337
1.95499
2.0107
1.81028
1.23928
1.22222
1.5899
1.42057
1.03619
0.533322
0.668396
0.408615
0.407662
0.226117
0.112789
0.171355
0.0242931
0.0656944
0.0478187
0.0316385
0.0737068
0.000112151
6.50397e-05
4.05939e-05
2.83637e-05
0.294602
0.382833
0.507744
0.660132
0.769375
1.09542
0.90259
0.0126819
0.0167993
0.00703171
0.0122435
0.00352921
0.00190519
0.00490948
0.000693112
0.000209848
0.000388603
0.000950107
1.02828
1.18989
1.1681
0.64469
0.771483
1.00058
0.960847
0.535111
0.375146
0.435969
0.272531
0.206033
0.160025
0.0951531
0.0186187
0.0455786
0.0227071
0.0554957
0.000134331
7.4813e-05
4.45738e-05
2.77423e-05
1.92207e-05
0.164387
0.212951
0.281788
0.365661
0.423418
0.617081
0.496068
0.00907665
0.00830957
0.00261267
0.00128719
0.00413106
0.000505041
0.000276738
0.00068021
0.600869
0.68977
0.59611
0.465583
0.399474
0.596409
0.572215
0.33559
0.276712
0.26092
0.177101
0.106293
0.136977
0.0724831
0.151794
0.0124958
0.0270363
0.0169242
0.046746
0.0358584
0.0001888
9.3295e-05
5.29453e-05
3.03315e-05
1.89719e-05
1.28431e-05
0.387609
0.266464
0.0903858
0.117408
0.149874
0.20382
0.252623
0.342969
0.299416
0.00805356
0.0057848
0.00198778
0.00096434
0.0027453
0.000338304
0.000511025
0.000229761
0.388411
0.330337
0.343176
0.30699
0.366277
0.225186
0.185227
0.0993461
0.0773679
0.0925853
0.0527716
0.0353482
0.00891863
0.0203816
0.0117493
0.0266675
0.000131532
6.59996e-05
3.60879e-05
2.08368e-05
1.24222e-05
8.52701e-06
0.150006
0.269441
0.274339
0.179271
0.157891
0.0485927
0.0630654
0.0823758
0.0962061
0.123659
0.187071
0.133745
0.00576542
0.00523944
0.00320988
0.00131899
0.000692107
0.00182575
0.00033246
0.000155719
0.000450265
0.200911
0.192857
0.130625
0.178142
0.111557
0.0939828
0.061425
0.069882
0.0335331
0.0214138
0.0124721
0.00838989
0.0125261
8.5865e-05
4.68184e-05
2.35275e-05
1.33219e-05
8.20699e-06
5.59105e-06
0.187669
0.166883
0.110973
0.104531
0.0256702
0.0327334
0.0422317
0.0501472
0.0660213
0.0715781
0.0874234
0.00420127
0.00335118
0.00228985
0.000934134
0.00128617
0.000520482
0.000232165
0.000110916
0.000270054
0.0956999
0.101346
0.0885149
0.0820737
0.0127223
0.0608927
0.0507783
0.0412512
0.0197934
0.0143903
0.00846976
0.00593292
0.00769346
0.00246931
6.05244e-05
2.91299e-05
1.62051e-05
9.03481e-06
5.4255e-06
3.62813e-06
0.0871229
0.0681099
0.0595343
0.0133454
0.0165859
0.0209411
0.0273472
0.0339396
0.0397907
0.0399059
0.00302095
0.00231614
0.00143936
0.000812498
0.000412166
0.000148063
7.93129e-05
0.000191744
0.0436998
0.0523085
0.0534681
0.0405716
0.0516948
0.00823483
0.0345167
0.0294008
0.0195558
0.00997454
0.0048941
0.00516733
0.00398164
0.0014656
0.001816
4.05989e-05
1.98724e-05
1.00214e-05
5.64061e-06
3.45115e-06
2.33498e-06
0.0371918
0.0333026
0.0212022
0.0069121
0.00858225
0.0107535
0.0142159
0.017444
0.0185439
0.0206013
0.000900613
0.00139967
0.000546357
0.000948145
0.000252946
5.22381e-05
9.78996e-05
0.000128609
0.0220196
0.0274828
0.0230257
0.0209525
0.0223042
0.00458692
0.0183019
0.0119931
0.00699561
0.00280341
0.00301839
0.00153975
0.000933943
2.30139e-05
1.22514e-05
6.74267e-06
3.61124e-06
2.24486e-06
1.48385e-06
0.0190399
0.0112869
0.0121977
0.00350321
0.00442108
0.00534951
0.00710568
0.00873201
0.00924713
0.0113985
0.0117723
0.000366697
0.000570127
0.000557549
0.000182475
0.000241781
4.58468e-05
2.97479e-05
6.90436e-05
7.5368e-05
0.0136495
0.0139275
0.0115647
0.00265202
0.0040381
0.00991116
0.00467816
0.00171711
0.00140254
0.000781077
1.66375e-05
7.51794e-06
4.26688e-06
2.37431e-06
1.41762e-06
9.35555e-07
0.0101626
0.0060054
0.0070478
0.00713117
0.00174731
0.00221069
0.00277151
0.00349684
0.00431826
0.00503416
0.00641348
0.00583055
0.000310225
0.000345018
0.000154456
9.7649e-05
1.87707e-05
3.62849e-05
5.40938e-05
0.00689607
0.00584481
0.00156585
0.00237302
0.00391627
0.000644616
0.000997295
0.000803054
0.000440218
0.000224539
9.2814e-06
4.81056e-06
2.70442e-06
1.48311e-06
9.04746e-07
5.83142e-07
0.00325746
0.00305541
0.0048193
0.00329375
0.00417233
0.00388831
0.000864462
0.0010734
0.00139475
0.00173635
0.001733
0.00197469
0.00251614
0.000123314
0.000197488
7.34023e-05
5.88463e-05
0.000144949
1.27461e-05
2.6861e-05
2.91194e-05
0.00346241
0.00246482
0.0010664
0.000591856
0.00142236
0.00161638
0.00106643
0.000397611
0.000483455
0.000245847
0.000137126
6.21916e-06
7.14046e-06
3.20603e-06
1.66315e-06
9.5651e-07
5.60648e-07
3.60054e-07
0.00208014
0.0019445
0.00190816
0.00199675
0.00282342
0.002459
0.000424004
0.000525616
0.000622775
0.00080919
0.000947305
0.000976064
0.00111269
9.16703e-05
9.00437e-05
5.64824e-05
3.65716e-05
8.84521e-05
2.05176e-05
1.39148e-05
8.82892e-06
0.000333157
0.00140015
0.0014815
0.000348875
0.00069554
0.000545154
0.00118417
0.00021364
0.00019369
0.000106807
3.90314e-06
4.83965e-06
1.95181e-06
1.02865e-06
5.65457e-07
3.44716e-07
2.20411e-07
0.000937919
0.00119648
0.00102819
0.00111784
0.00116283
0.00020568
0.000255809
0.000298081
0.000358571
0.000462374
0.000475991
0.000617524
0.000588722
5.60499e-05
3.21756e-05
2.1336e-05
4.80248e-05
1.19742e-05
5.94139e-06
0.000223692
0.000707682
0.000215106
0.000367054
0.000357334
0.000458769
0.000136272
9.25676e-05
5.83322e-05
2.5962e-06
2.79816e-06
1.18635e-06
6.21498e-07
3.58042e-07
2.0946e-07
1.33612e-07
0.000581411
0.000604783
0.000594427
0.000589769
9.95508e-05
0.000124003
0.000151895
0.000184042
0.000204241
0.000228592
0.000297077
0.000324246
0.000338185
3.1076e-05
1.8194e-05
1.40192e-05
2.60386e-05
7.29111e-06
3.40189e-06
0.000122986
0.000283059
0.000200643
0.000228559
0.000328746
8.17178e-05
5.04859e-05
3.17558e-05
1.43104e-06
1.86737e-06
7.73405e-07
3.73152e-07
2.07316e-07
1.26231e-07
8.05996e-08
0.000347627
0.000321673
4.77868e-05
5.81629e-05
6.9755e-05
8.29152e-05
9.70342e-05
0.000123918
0.000120931
0.000129912
0.000135763
1.19196e-05
1.81696e-05
8.86968e-06
1.53247e-05
5.05474e-06
4.12187e-06
2.2879e-06
6.36276e-05
5.40981e-05
0.000104572
0.00014024
0.000172279
0.000115399
0.000163018
0.000128246
4.30193e-05
3.29469e-05
1.79304e-05
2.68278e-05
8.23696e-07
1.12219e-06
4.58481e-07
2.37044e-07
1.22827e-07
7.57322e-08
4.81874e-08
2.28554e-05
2.7789e-05
3.49817e-05
3.89296e-05
4.48005e-05
5.18858e-05
5.7758e-05
7.35519e-05
6.87757e-05
6.50412e-05
9.01188e-06
7.23235e-06
9.32428e-06
2.83425e-06
2.42745e-06
1.13025e-06
3.48757e-05
3.74826e-05
5.80372e-05
4.031e-05
6.45231e-05
7.85518e-05
6.51242e-05
2.02279e-05
9.24665e-06
1.68172e-05
5.32865e-07
6.40232e-07
2.46086e-07
1.30353e-07
7.67965e-08
4.60057e-08
2.84899e-08
1.08835e-05
1.32608e-05
1.60997e-05
2.0482e-05
2.40473e-05
2.84624e-05
2.71879e-05
3.00984e-05
3.7961e-05
4.8564e-06
3.38438e-06
5.76753e-06
7.59838e-07
1.7643e-06
1.33237e-06
1.91224e-05
2.14687e-05
2.28793e-05
2.90475e-05
3.11986e-05
3.06851e-05
1.0634e-05
5.17889e-06
1.03841e-05
9.75396e-06
2.80674e-07
3.77316e-07
3.70614e-07
1.42802e-07
8.27385e-08
4.72697e-08
2.6465e-08
1.67982e-08
1.72041e-05
5.12105e-06
6.24799e-06
7.4696e-06
8.9017e-06
9.47763e-06
9.85331e-06
1.28392e-05
1.38988e-05
1.19839e-05
1.28197e-05
2.77204e-06
1.84227e-06
2.29748e-06
2.68719e-06
7.85918e-07
1.07658e-06
1.05043e-05
1.4608e-05
1.19914e-05
1.46867e-05
5.6649e-06
6.41861e-06
4.99022e-06
2.10002e-06
4.33343e-07
1.79836e-07
2.10898e-07
2.03529e-07
9.16474e-08
4.78892e-08
2.64044e-08
1.54846e-08
9.8147e-09
2.42162e-06
2.97772e-06
3.58811e-06
3.93432e-06
4.43604e-06
5.48112e-06
6.13067e-06
6.69808e-06
5.83319e-06
7.45581e-06
1.65953e-06
1.45041e-06
1.03688e-06
1.27083e-06
4.72888e-07
6.38633e-07
7.28779e-06
7.07129e-06
7.21729e-06
3.48558e-06
3.16769e-06
2.54426e-06
1.2428e-06
2.6177e-07
2.32032e-07
1.05364e-07
1.2116e-07
1.39441e-07
5.80638e-08
2.96373e-08
1.52457e-08
8.99872e-09
5.69355e-09
1.13335e-06
1.39803e-06
1.69682e-06
1.99042e-06
2.26751e-06
2.22866e-06
2.89986e-06
3.18997e-06
3.55288e-06
3.32654e-06
1.00546e-06
7.91573e-07
6.61915e-07
3.73098e-07
3.46543e-06
2.8149e-06
1.75272e-06
1.22872e-06
1.63367e-06
7.4935e-07
2.34698e-07
1.59705e-07
5.88006e-08
7.86247e-08
9.16222e-08
6.01377e-08
3.32158e-08
3.36064e-08
1.59419e-08
9.22512e-09
5.1652e-09
3.27999e-09
5.31466e-07
6.59453e-07
7.5408e-07
9.49129e-07
1.08647e-06
1.05866e-06
1.39523e-06
1.7104e-06
1.22486e-06
1.61859e-06
5.06765e-07
3.06911e-07
3.44338e-07
2.01601e-07
1.28964e-06
8.30335e-07
7.19292e-07
5.58101e-07
3.88282e-07
8.61828e-08
1.21886e-07
3.70005e-08
4.05092e-08
1.931e-08
2.14651e-08
9.67416e-09
4.99904e-09
3.03427e-09
1.87798e-09
2.46622e-07
3.07772e-07
3.68277e-07
4.01921e-07
5.12516e-07
5.70074e-07
6.55804e-07
6.04947e-07
7.91846e-07
6.09769e-07
2.49259e-07
2.63374e-07
1.05802e-07
1.51332e-07
6.40368e-07
4.04949e-07
3.99317e-07
2.86481e-07
2.04337e-07
4.64383e-08
6.36397e-08
5.5041e-08
2.06229e-08
2.27113e-08
9.51645e-09
1.18582e-08
5.07886e-09
2.83003e-09
1.73128e-09
1.07059e-09
4.53877e-07
1.13854e-07
1.34308e-07
1.54111e-07
1.71395e-07
2.1588e-07
2.3976e-07
2.18947e-07
2.31311e-07
2.98349e-07
2.38109e-07
1.23872e-07
1.338e-07
3.82391e-08
5.63068e-08
3.04897e-07
2.30758e-07
1.4468e-07
1.01883e-07
3.11024e-08
3.44293e-08
1.11481e-08
1.4507e-08
5.28364e-09
5.64609e-09
2.83338e-09
1.68404e-09
1.00624e-09
6.05538e-10
5.32358e-08
6.4566e-08
7.58596e-08
7.9262e-08
1.01083e-07
1.13695e-07
1.2368e-07
1.33269e-07
1.42377e-07
1.13824e-07
1.96648e-08
6.23561e-08
6.78209e-08
3.055e-08
1.48303e-07
1.30388e-07
7.11497e-08
4.9414e-08
1.63001e-08
1.39777e-08
5.96186e-09
6.41828e-09
2.92824e-09
3.53953e-09
1.71026e-09
9.44764e-10
5.50883e-10
3.40793e-10
2.45746e-08
2.9912e-08
3.54946e-08
3.74938e-08
4.68833e-08
5.29397e-08
5.85343e-08
6.39821e-08
6.8024e-08
5.46555e-08
8.46564e-09
1.00206e-08
1.84619e-08
3.21287e-08
1.09733e-08
7.19155e-08
7.43231e-08
2.46593e-08
4.46631e-08
3.49504e-08
6.86224e-09
3.38606e-09
3.80347e-09
1.78003e-09
1.90987e-09
1.03049e-09
5.56998e-10
3.06587e-10
1.90917e-10
1.14092e-08
1.39854e-08
1.55994e-08
1.76358e-08
2.25863e-08
2.53422e-08
2.31829e-08
2.48245e-08
2.66564e-08
3.31416e-08
5.30458e-09
4.92087e-09
1.1027e-08
5.50045e-09
1.4729e-08
3.47807e-08
1.72682e-08
2.69767e-08
1.07819e-08
3.64106e-09
2.32564e-09
2.05791e-09
9.90366e-10
1.19962e-09
5.71861e-10
3.08592e-10
1.75992e-10
1.06392e-10
2.19489e-08
5.26973e-09
6.51454e-09
7.73499e-09
8.92956e-09
9.16324e-09
1.03327e-08
1.32394e-08
1.44346e-08
1.5534e-08
1.26758e-08
2.54826e-09
3.07786e-09
3.27684e-09
5.59985e-09
8.68329e-09
1.25023e-08
1.30816e-08
6.36123e-09
1.51197e-09
1.43216e-09
1.32343e-09
6.01334e-10
5.53315e-10
3.13779e-10
1.70414e-10
9.76888e-11
5.92149e-11
7.13792e-09
2.43525e-09
2.93358e-09
3.41534e-09
3.91657e-09
4.39761e-09
4.80719e-09
5.1844e-09
5.87952e-09
6.06852e-09
1.51917e-09
1.7917e-09
1.9737e-09
2.89624e-09
4.1684e-09
6.12659e-09
3.06507e-09
7.71762e-10
8.21934e-10
5.78661e-10
2.9139e-10
2.9998e-10
1.56333e-10
9.39625e-11
5.39767e-11
3.2754e-11
3.31357e-09
1.12951e-09
1.36491e-09
1.70925e-09
2.00598e-09
2.0464e-09
1.93332e-09
2.54574e-09
2.7902e-09
2.94697e-09
8.83393e-10
1.18332e-09
1.43704e-09
2.18015e-09
2.2421e-09
1.86033e-09
3.15175e-10
4.23903e-10
3.9058e-10
1.56199e-10
1.8866e-10
8.56419e-11
5.15159e-11
2.97212e-11
1.80613e-11
1.89601e-09
5.23091e-10
6.33189e-10
7.00717e-10
8.77102e-10
9.85152e-10
9.14172e-10
1.24328e-09
1.37101e-09
1.42838e-09
2.92907e-10
7.13101e-10
4.60484e-10
7.19653e-10
1.04582e-09
1.28165e-09
1.10523e-09
1.78645e-10
1.97762e-10
2.08552e-10
8.60597e-11
9.76826e-11
4.62965e-11
2.8138e-11
1.63089e-11
9.93577e-12
1.08053e-09
2.41373e-10
2.94991e-10
3.24557e-10
4.1073e-10
4.69168e-10
4.55395e-10
5.7914e-10
7.0102e-10
6.46358e-10
1.69334e-10
4.40925e-10
3.57969e-10
2.14311e-10
5.50915e-10
5.29782e-10
7.28998e-10
8.9882e-11
8.96616e-11
8.66605e-11
1.03654e-10
4.51621e-11
5.29993e-11
2.74401e-11
1.62512e-11
9.15969e-12
5.42e-12
5.19755e-10
1.12172e-10
1.3386e-10
1.53756e-10
1.77268e-10
2.29167e-10
2.54984e-10
2.293e-10
3.51139e-10
3.25019e-10
2.37823e-10
1.26412e-10
7.71542e-11
2.53836e-10
1.26841e-10
3.59475e-10
2.51876e-10
4.63087e-11
4.56144e-11
5.73527e-11
5.49591e-11
2.7202e-11
2.77318e-11
1.47328e-11
8.81588e-12
4.98147e-12
2.95468e-12
5.22321e-11
6.43991e-11
7.16303e-11
8.13423e-11
1.07384e-10
1.33167e-10
1.21573e-10
1.18147e-10
1.63913e-10
1.18536e-10
6.11736e-11
1.26338e-10
6.25212e-11
1.71788e-10
3.21229e-11
3.3723e-11
2.6649e-11
2.84975e-11
1.46589e-11
1.73359e-11
8.70784e-12
4.75023e-12
2.60536e-12
1.60616e-12
2.41453e-11
3.01148e-11
3.40866e-11
4.19269e-11
5.00018e-11
5.37084e-11
4.83541e-11
5.58551e-11
6.77152e-11
7.8476e-11
2.0426e-11
3.0576e-11
5.9545e-11
1.27126e-11
1.52239e-11
1.56626e-11
1.5288e-11
1.91423e-11
7.68398e-12
7.70918e-12
4.66231e-12
2.37996e-12
1.40974e-12
8.71331e-13
3.9341e-11
1.11619e-11
1.35219e-11
1.4748e-11
2.06079e-11
2.4107e-11
2.51148e-11
1.96812e-11
2.12926e-11
3.65807e-11
1.48333e-11
2.11545e-11
7.66927e-12
7.36823e-12
1.03271e-11
1.01665e-11
7.60049e-12
4.07451e-12
4.03327e-12
2.24324e-12
1.27848e-12
7.86786e-13
4.7084e-13
2.36699e-11
5.18402e-12
6.29475e-12
6.80463e-12
7.74402e-12
1.00591e-11
1.19802e-11
9.56593e-12
1.17426e-11
1.3232e-11
1.06324e-11
1.41748e-11
5.24659e-12
3.82638e-12
5.27223e-12
3.72908e-12
4.06559e-12
3.33461e-12
4.95603e-12
2.48361e-12
2.50591e-12
1.31658e-12
6.7476e-13
4.20986e-13
2.53495e-13
2.41688e-12
2.95569e-12
3.48191e-12
3.63801e-12
4.12408e-12
5.84913e-12
4.57866e-12
6.30669e-12
4.86244e-12
5.00321e-12
2.6047e-12
2.25288e-12
3.02011e-12
2.94088e-12
2.5478e-12
2.02247e-12
1.98236e-12
1.29932e-12
1.07678e-12
7.0172e-13
3.88256e-13
2.33836e-13
1.36026e-13
1.11767e-12
1.37811e-12
1.65925e-12
2.21234e-12
1.94679e-12
2.27001e-12
2.73075e-12
3.00609e-12
2.80379e-12
1.30433e-12
1.30752e-12
1.72866e-12
1.64127e-12
7.81987e-13
8.49681e-13
1.04077e-12
1.01944e-12
5.83108e-13
6.71913e-13
3.67756e-13
2.06466e-13
1.25257e-13
7.29628e-14
5.1976e-13
6.22186e-13
7.25627e-13
1.24279e-12
1.10454e-12
8.31849e-13
1.05793e-12
1.11914e-12
6.43317e-13
8.55601e-13
7.66658e-13
4.56882e-13
4.22052e-13
5.28886e-13
5.02661e-13
3.54203e-13
3.46495e-13
1.9382e-13
1.18151e-13
6.65422e-14
3.89355e-14
5.91288e-13
2.43623e-13
3.03713e-13
3.67503e-13
5.10479e-13
4.31708e-13
6.43748e-13
5.56188e-13
3.24958e-13
3.52676e-13
3.89034e-13
2.20368e-13
2.19287e-13
2.10801e-13
2.16112e-13
1.85745e-13
2.16173e-13
1.14063e-13
6.22238e-14
3.53578e-14
2.07931e-14
3.35654e-13
3.62152e-13
1.13338e-13
1.43732e-13
1.74563e-13
2.11991e-13
3.16197e-13
1.61999e-13
1.9289e-13
2.18414e-13
1.08786e-13
1.26392e-13
1.06943e-13
1.1016e-13
1.11409e-13
8.96364e-14
5.25733e-14
3.28579e-14
1.79541e-14
1.10861e-14
1.2872e-13
1.90228e-13
1.99169e-13
5.24424e-14
6.46947e-14
7.3042e-14
8.89978e-14
1.20817e-13
7.89397e-14
1.05674e-13
1.06403e-13
6.34062e-14
7.30745e-14
5.49034e-14
5.51071e-14
4.65882e-14
2.7629e-14
4.89154e-14
1.58624e-14
9.92027e-15
5.89851e-15
9.67893e-14
1.04576e-13
2.49051e-14
2.97172e-14
3.42304e-14
4.39188e-14
4.5101e-14
4.83552e-14
3.94016e-14
5.0673e-14
3.70625e-14
3.57312e-14
2.787e-14
1.70803e-14
2.76689e-14
1.43313e-14
2.4272e-14
2.55219e-14
9.06391e-15
5.22294e-15
3.12532e-15
7.43186e-15
5.09254e-14
1.16657e-14
1.37899e-14
1.57705e-14
2.67565e-14
2.0741e-14
2.42111e-14
2.32073e-14
1.95059e-14
2.51384e-14
1.84594e-14
2.16907e-14
1.20353e-14
1.48545e-14
1.39703e-14
1.52907e-14
6.84206e-15
4.72815e-15
2.75693e-15
1.65503e-15
4.3517e-15
5.46324e-15
6.75194e-15
7.47675e-15
1.30779e-14
1.13744e-14
8.60095e-15
1.17368e-14
9.46199e-15
1.26364e-14
1.30247e-14
6.94926e-15
7.31731e-15
7.43014e-15
4.79901e-15
4.05747e-15
2.4881e-15
1.51466e-15
8.74709e-16
2.58569e-15
4.62758e-16
6.4892e-15
2.5252e-15
3.02819e-15
3.51884e-15
5.59937e-15
4.00245e-15
5.54684e-15
6.48247e-15
6.05458e-15
4.09599e-15
3.78542e-15
3.27128e-15
2.88613e-15
2.10024e-15
1.29085e-15
7.576e-16
1.18141e-15
4.00094e-16
2.44644e-16
3.6544e-15
1.18834e-15
1.44921e-15
1.72607e-15
2.04856e-15
2.6545e-15
2.77366e-15
1.83808e-15
3.01109e-15
2.39388e-15
2.20838e-15
1.74944e-15
1.59582e-15
1.29947e-15
6.64095e-16
6.96151e-16
3.55566e-16
2.07858e-16
1.28604e-16
2.09286e-15
5.48263e-16
6.38565e-16
7.29523e-16
9.60442e-16
1.11058e-15
1.01262e-15
1.05533e-15
1.28062e-15
1.19331e-15
7.99723e-16
8.62724e-16
6.61886e-16
3.50271e-16
2.00528e-16
1.14207e-16
6.73004e-17
1.01416e-15
2.59941e-16
3.05192e-16
3.47574e-16
5.37766e-16
4.5344e-16
5.49308e-16
5.13162e-16
5.4556e-16
6.35516e-16
4.39234e-16
4.02716e-16
3.358e-16
1.53664e-16
9.24374e-17
5.94654e-17
3.52952e-17
2.65438e-16
1.21423e-16
1.43362e-16
1.66043e-16
2.2214e-16
2.98294e-16
2.93472e-16
2.72388e-16
3.19732e-16
2.26343e-16
1.35329e-16
1.72337e-16
9.29785e-17
5.28617e-17
3.0723e-17
1.84714e-17
1.61198e-16
1.83596e-16
5.72744e-17
7.13709e-17
7.78873e-17
9.34429e-17
1.1252e-16
1.629e-16
1.35194e-16
7.91066e-17
1.6196e-16
1.0692e-16
8.65274e-17
2.70584e-17
4.79575e-17
6.35585e-17
1.69004e-17
9.64086e-18
1.06218e-16
6.44226e-17
2.69689e-17
3.2863e-17
3.90389e-17
5.3624e-17
7.30246e-17
5.99602e-17
4.77193e-17
5.93585e-17
1.56251e-17
4.39911e-17
2.41748e-17
3.68014e-17
8.21821e-18
5.0333e-18
3.61595e-17
4.31708e-17
1.27583e-17
1.55645e-17
2.06242e-17
1.82975e-17
2.6457e-17
3.02653e-17
2.95201e-17
2.54732e-17
8.11205e-18
1.24294e-17
2.1613e-17
1.77232e-17
4.27828e-18
2.62767e-18
2.02016e-17
1.38629e-17
6.03373e-18
7.43072e-18
9.16269e-18
1.074e-17
1.20728e-17
1.55119e-17
4.14616e-18
1.2804e-17
7.53211e-18
1.11348e-17
8.78242e-18
2.35077e-18
1.8927e-18
1.37043e-18
8.39297e-18
9.11539e-18
2.79273e-18
3.25852e-18
3.77979e-18
5.17683e-18
4.76573e-18
5.40805e-18
3.15167e-18
6.46181e-18
5.43154e-18
4.01842e-18
1.94165e-18
1.13313e-18
1.07313e-18
7.11353e-19
5.25722e-18
1.34996e-18
1.69347e-18
1.81066e-18
2.63955e-18
3.06099e-18
2.58769e-18
2.77157e-18
3.12868e-18
2.03591e-18
1.42367e-18
9.63784e-19
6.22562e-19
5.50008e-19
3.68927e-19
6.33124e-19
8.15279e-19
9.08079e-19
1.223e-18
1.48793e-18
1.51398e-18
8.95199e-19
1.12173e-18
1.01033e-18
8.46972e-19
4.89068e-19
3.22127e-19
3.21552e-19
1.91708e-19
2.99238e-19
3.88365e-19
4.81142e-19
5.94239e-19
5.81118e-19
4.63815e-19
5.3888e-19
4.33995e-19
3.01454e-19
1.7555e-19
1.62444e-19
9.84396e-20
1.41849e-19
1.86992e-19
2.05796e-19
2.43334e-19
2.15516e-19
2.41817e-19
1.8146e-19
2.22468e-19
1.19393e-19
8.35992e-20
8.25675e-20
5.0926e-20
6.60538e-20
8.27971e-20
1.11768e-19
1.00204e-19
9.94509e-20
1.21065e-19
1.01863e-19
6.07692e-20
6.10655e-20
4.21446e-20
3.4939e-20
2.62542e-20
3.22164e-20
4.08356e-20
6.46951e-20
6.06214e-20
5.03719e-20
4.07547e-20
2.91089e-20
3.38136e-20
2.1673e-20
2.09493e-20
1.35152e-20
1.51135e-20
1.77968e-20
3.63765e-20
2.42731e-20
2.45436e-20
1.92168e-20
1.49972e-20
1.12628e-20
1.19523e-20
1.06611e-20
6.95699e-21
7.46468e-21
9.59481e-21
1.54846e-20
1.05049e-20
9.49781e-21
8.09534e-21
6.61694e-21
6.02361e-21
5.20246e-21
3.56273e-21
3.5519e-21
4.72485e-21
5.25983e-21
5.90205e-21
4.07141e-21
4.45372e-21
3.78049e-21
3.06652e-21
2.63213e-21
1.83117e-21
1.73283e-21
2.39875e-21
2.12291e-21
2.43017e-21
2.24006e-21
1.91917e-21
1.70974e-21
1.59169e-21
9.38067e-22
8.11871e-22
9.47735e-22
1.06496e-21
1.2162e-21
1.12851e-21
1.03839e-21
8.61543e-22
7.84649e-22
4.78922e-22
4.13599e-22
4.80412e-22
5.55748e-22
6.33798e-22
5.31504e-22
4.38376e-22
3.23805e-22
2.46238e-22
2.02105e-22
2.3547e-22
2.74953e-22
3.7373e-22
2.66757e-22
1.96432e-22
1.92701e-22
1.26784e-22
1.00691e-22
1.002e-22
1.20325e-22
1.67593e-22
2.17811e-22
1.21354e-22
9.61863e-23
6.5141e-23
5.51222e-23
4.73828e-23
5.65734e-23
5.7233e-23
6.67026e-23
4.56268e-23
3.29681e-23
2.77382e-23
2.35329e-23
3.22243e-23
2.747e-23
2.29751e-23
1.67739e-23
1.39856e-23
1.12433e-23
1.46477e-23
1.39075e-23
1.15193e-23
8.62132e-24
8.04188e-24
5.59966e-24
7.37434e-24
8.63184e-24
5.17623e-24
4.36928e-24
3.39554e-24
2.79524e-24
2.78549e-24
3.85204e-24
1.70637e-24
2.02701e-24
2.21056e-24
1.32243e-24
1.58908e-24
1.04437e-24
9.54168e-25
1.10983e-24
6.63251e-25
5.8258e-25
4.83933e-25
5.59733e-25
3.37256e-25
3.27439e-25
2.23125e-25
2.87748e-25
1.67604e-25
1.11922e-25
1.46352e-25
0
0
0
0
0
0
0
0
0
0
VECTORS velocity float
0
-7.72697e-25  0 
0
-7.72697e-25  0 
0
-7.72697e-25  0 
0
-7.72697e-25  0 
0
-7.72697e-25  0 
0
-7.72697e-25  0 
0
-7.72697e-25  0 
0
-7.72697e-25  0 
0
-7.72697e-25  0 
0
-7.72697e-25  0 
0
-7.72697e-25  0 
0
-7.72697e-25  0 
0
-7.72697e-25  0 
0
-7.72697e-25  0 
0
-7.72697e-25  0 
0
-7.72697e-25  0 
0
-7.72697e-25  0 
0
-7.72697e-25  0 
0
-7.72697e-25  0 
0
-7.72697e-25  0 
0
-7.72697e-25  0 
0
-7.72697e-25  0 
0
-7.72697e-25  0 
-0.14056 0.00390257  0 
-0.131418 0.00451525  0 
-0.117201 0.00466986  0 
-0.052784 0.00576361  0 
-0.070214 0.00557363  0 
-0.101978 0.00506557  0 
-0.0859082 0.00523998  0 
0
-7.72697e-25  0 
0
-7.72697e-25  0 
0
-7.72697e-25  0 
0
-7.72697e-25  0 
0
-7.72697e-25  0 
0
-7.72697e-25  0 
0
-7.72697e-25  0 
-0.0366087 0.0062015  0 
-0.152635 0.0034773  0 
-0.162038 0.00292292  0 
-0.171571 0.00271825  0 
-0.175347 0.00219198  0 
-0.182413 0.00161261  0 
-0.188507 0.00127213  0 
-0.19168 0.000872253  0 
-0.191771 0.000557454  0 
-0.194323 4.70691e-05  0 
-0.19438 -0.000180109  0 
-0.189779 -0.000617246  0 
-0.189115 -0.000920865  0 
-0.187752 -0.00116431  0 
-0.177063 -0.00199353  0 
-0.184082 -0.00144966  0 
-0.181049 -0.00167369  0 
-0.243522 0.0170598  0 
-0.224989 0.0186829  0 
-0.202368 0.0200872  0 
-0.0780032 0.0262436  0 
-0.183444 0.0226293  0 
-0.106246 0.0257139  0 
-0.133828 0.0249966  0 
-0.157936 0.0236201  0 
0
-7.72697e-25  0 
0
-7.72697e-25  0 
5.17684e-25 -4.22693e-25  0 
0
-8.09041e-25  0 
0
-7.72697e-25  0 
-0.0741174 -0.00160121  0 
0
-7.72697e-25  0 
0
-7.72697e-25  0 
0
-7.72697e-25  0 
0
-7.72697e-25  0 
0
-7.72697e-25  0 
-0.16855 -0.00189618  0 
0
-7.72697e-25  0 
0
-7.72697e-25  0 
0
-7.72697e-25  0 
0
-7.72697e-25  0 
-0.162451 -0.00224588  0 
-0.129705 -0.00169221  0 
-0.12224 -0.00161473  0 
-0.0796504 -0.00149655  0 
-0.0865076 -0.00184754  0 
0
-7.72697e-25  0 
-0.0186367 0.00653239  0 
-0.0516954 0.0283682  0 
-0.263022 0.0155443  0 
-0.274483 0.0130769  0 
-0.290427 0.0112855  0 
-0.304635 0.00968759  0 
-0.314718 0.00779933  0 
-0.325245 0.00603729  0 
-0.327101 0.00420044  0 
-0.33398 0.00234583  0 
-0.339051 0.000677358  0 
-0.342526 -0.000937416  0 
-0.337407 -0.00222211  0 
-0.335756 -0.0036575  0 
-0.315571 -0.00819867  0 
-0.334535 -0.00493491  0 
-0.327417 -0.00765173  0 
-0.325042 -0.00608698  0 
-0.319125 0.0337549  0 
-0.0946061 0.0551205  0 
-0.293912 0.0364813  0 
-0.270288 0.0394972  0 
-0.247681 0.043934  0 
-0.124135 0.0512195  0 
-0.217574 0.0461177  0 
-0.157541 0.0500416  0 
-0.1863 0.0479703  0 
-0.0332282 -0.000193589  0 
-0.0338416 -4.74443e-05  0 
-0.0322159 -0.000343838  0 
0
-7.72697e-25  0 
0
-7.72697e-25  0 
0
-7.72697e-25  0 
0
-7.72697e-25  0 
0
-7.72697e-25  0 
0
-7.72697e-25  0 
0
-7.72697e-25  0 
1.07942e-24 0
 0 
0
-7.72697e-25  0 
-0.0464058 -0.0316022  0 
0
-7.72697e-25  0 
0
-7.72697e-25  0 
0
-7.72697e-25  0 
-0.153869 -0.0081018  0 
-0.0689064 -0.00154821  0 
-0.140553 -0.00754449  0 
-0.0625913 -0.00124954  0 
-0.0594626 -0.00165335  0 
0
-7.72697e-25  0 
0
-7.72697e-25  0 
0
-7.72697e-25  0 
0
-7.72697e-25  0 
0
-7.72697e-25  0 
0
-7.72697e-25  0 
-0.0347803 -0.000111788  0 
0
-7.72697e-25  0 
0
-7.72697e-25  0 
0
-7.72697e-25  0 
0
-7.72697e-25  0 
-0.0928634 -0.00177823  0 
-0.0986667 -0.00187015  0 
-0.307637 -0.00916578  0 
-0.284873 -0.00849637  0 
-0.106608 -0.0017392  0 
-0.117018 -0.00169843  0 
-0.110613 -0.00191618  0 
-0.263704 -0.00815974  0 
-0.240533 -0.00770173  0 
-0.227654 -0.00767933  0 
-0.175143 -0.00849014  0 
-0.164393 -0.00803294  0 
-0.228888 -0.0169866  0 
0
-7.72697e-25  0 
0.000849183 0.00639458  0 
-0.0218412 0.0285  0 
-0.0594209 0.0556818  0 
-0.342803 0.030684  0 
-0.357901 0.0263848  0 
-0.377603 0.0230592  0 
-0.392598 0.0197587  0 
-0.408265 0.0164732  0 
-0.417806 0.0124286  0 
-0.429509 0.00918178  0 
-0.436617 0.00588255  0 
-0.444208 0.00284439  0 
-0.442973 -0.000367475  0 
-0.44448 -0.00323608  0 
-0.44623 -0.00607359  0 
-0.427151 -0.0154653  0 
-0.433825 -0.0133398  0 
-0.446359 -0.00902566  0 
-0.444497 -0.0113273  0 
-0.37623 0.0534072  0 
-0.349511 0.057657  0 
-0.105723 0.0876948  0 
-0.136267 0.0822549  0 
-0.320952 0.0617379  0 
-0.295179 0.0656698  0 
-0.269662 0.0723473  0 
-0.172417 0.0807035  0 
-0.236915 0.0753744  0 
-0.207508 0.078561  0 
-0.0589956 -0.00117587  0 
-0.0569731 -0.00103044  0 
-0.0554006 -0.001485  0 
-0.0518663 -0.00197266  0 
-0.0320017 -0.000381409  0 
-0.0282566 -0.000609852  0 
-0.0256566 -0.00102497  0 
0
-7.72697e-25  0 
0
-7.72697e-25  0 
-0.0224168 -0.00107039  0 
0
-7.72697e-25  0 
-0.019019 -0.000928306  0 
0
-7.72697e-25  0 
-0.0584539 0.00665525  0 
0
-7.72697e-25  0 
-0.106155 0.00800319  0 
-0.110115 0.0295115  0 
-0.0848039 0.00774455  0 
1.12803e-24 0
 0 
-0.0393382 -0.0898834  0 
-0.13062 0.0031732  0 
-0.146801 -0.0408181  0 
-0.1187 -0.00208057  0 
-0.114939 -0.106091  0 
-0.218972 -0.0173297  0 
-0.13083 -0.00716995  0 
-0.20072 -0.0161045  0 
-0.11872 -0.00609099  0 
-0.0532065 -0.000971748  0 
-0.0517514 -0.000785297  0 
-0.0471614 -0.000975357  0 
-0.0454797 -0.000720873  0 
-0.0409574 -0.000624822  0 
-0.0814843 -0.00425488  0 
-0.060995 -0.00152633  0 
-0.0353316 -0.000260718  0 
-0.040093 -0.000516251  0 
-0.0373807 -0.00033638  0 
-0.0352435 -0.000229952  0 
-0.185575 -0.00860297  0 
-0.200218 -0.00892005  0 
-0.405506 -0.0163075  0 
-0.38397 -0.0156054  0 
-0.20728 -0.00797752  0 
-0.290759 -0.0175794  0 
-0.217615 -0.00860861  0 
-0.360053 -0.0169938  0 
-0.333684 -0.0160534  0 
-0.316469 -0.0165311  0 
-0.296351 -0.0298303  0 
-0.313502 -0.0305501  0 
-0.257651 -0.0169761  0 
-0.324576 -0.0291563  0 
0.0192345 0.00639133  0 
0
-7.72697e-25  0 
0.00826605 0.0285504  0 
-0.0236626 0.0558407  0 
-0.0679367 0.0882577  0 
-0.395415 0.0464813  0 
-0.418541 0.0419036  0 
-0.436546 0.0369348  0 
-0.455865 0.031999  0 
-0.469933 0.0255934  0 
-0.485388 0.0205292  0 
-0.496123 0.0158264  0 
-0.501202 0.010292  0 
-0.510566 0.00538769  0 
-0.518253 0.000799315  0 
-0.521471 -0.00357609  0 
-0.49994 -0.0222351  0 
-0.525063 -0.00787373  0 
-0.51601 -0.0195814  0 
-0.519749 -0.016145  0 
-0.520045 -0.0119667  0 
-0.118171 0.120763  0 
-0.416281 0.0703955  0 
-0.389242 0.0760099  0 
-0.367051 0.08465  0 
-0.147711 0.11418  0 
-0.178436 0.111522  0 
-0.341845 0.0898851  0 
-0.31031 0.0945105  0 
-0.28443 0.102727  0 
-0.215018 0.1093  0 
-0.25036 0.106335  0 
-0.07881 -0.00363109  0 
-0.0735963 -0.00347137  0 
-0.0701331 -0.00414386  0 
-0.050741 -0.00311668  0 
-0.0461171 -0.00348553  0 
-0.0404328 -0.00404344  0 
0
-7.72697e-25  0 
-0.0180205 0.000332991  0 
-0.0156662 0.000324909  0 
-0.034672 5.02379e-05  0 
-0.0364558 -0.0046276  0 
-0.0325909 -0.000914258  0 
1.13257e-24 0
 0 
1.13257e-24 0
 0 
-0.0868972 0.0259956  0 
-0.0414756 0.00573364  0 
-0.162769 0.0188804  0 
-0.128222 0.0503349  0 
-0.146697 0.0285833  0 
-0.0268856 -0.186491  0 
-0.167212 -0.0121154  0 
-0.121096 -0.0963852  0 
1.13257e-24 0
 0 
-0.273237 -0.0279869  0 
-0.191119 -0.0155394  0 
-0.169616 -0.012668  0 
-0.105017 -0.00559392  0 
-0.0883178 -0.00440316  0 
-0.095117 -0.00492122  0 
-0.0823645 -0.00383054  0 
-0.0769988 -0.00324949  0 
-0.108655 -0.00933945  0 
-0.0886539 -0.00453468  0 
-0.0620846 -0.00163989  0 
-0.0725711 -0.0027955  0 
-0.0668522 -0.00207186  0 
-0.282182 -0.0189771  0 
-0.375058 -0.028674  0 
-0.481886 -0.0243439  0 
-0.502597 -0.0300054  0 
-0.310219 -0.017479  0 
-0.41585 -0.023923  0 
-0.408689 -0.0269045  0 
-0.352312 -0.0433313  0 
-0.369948 -0.0442061  0 
-0.388376 -0.0439114  0 
-0.352773 -0.0301638  0 
-0.40501 -0.0431263  0 
-0.119144 -0.0133714  0 
0.0364976 0.0284531  0 
0.0389687 0.00670947  0 
0
-7.72697e-25  0 
0.00842495 0.0565186  0 
-0.0352736 0.0894369  0 
-0.0795096 0.121189  0 
-0.441497 0.0643721  0 
-0.46473 0.0580589  0 
-0.482796 0.0517629  0 
-0.497025 0.0433188  0 
-0.515048 0.0367697  0 
-0.530884 0.0300383  0 
-0.545236 0.0233537  0 
-0.551975 0.016104  0 
-0.560056 0.00989368  0 
-0.568598 0.00361999  0 
-0.569886 -0.00263764  0 
-0.555479 -0.0290124  0 
-0.575023 -0.0248551  0 
-0.574614 -0.00892329  0 
-0.576977 -0.019817  0 
-0.577466 -0.0145664  0 
-0.121654 0.147327  0 
-0.159918 0.146485  0 
-0.455424 0.0889813  0 
-0.429397 0.0962433  0 
-0.408339 0.106626  0 
-0.379054 0.113083  0 
-0.189582 0.143691  0 
-0.226485 0.141355  0 
-0.354127 0.119224  0 
-0.322011 0.124461  0 
-0.296726 0.134091  0 
-0.262225 0.138152  0 
-0.0945437 -0.00807521  0 
-0.0864939 -0.00739828  0 
-0.0773895 -0.00735633  0 
-0.0624561 -0.00728875  0 
-0.0572569 -0.00776554  0 
-0.0483206 0.0119686  0 
-0.036965 0.00314382  0 
-0.0553686 0.00760895  0 
-0.0661069 -0.00869849  0 
-0.0497628 -0.000326658  0 
-0.0501051 -0.00448632  0 
0.00133173 -0.241309  0 
-0.00844877 -0.223794  0 
-0.0828691 0.0317753  0 
-0.0986692 0.0409533  0 
-0.124629 0.0637186  0 
-0.166235 0.0257991  0 
-0.149292 0.0654508  0 
-0.0707306 -0.175687  0 
-0.141602 -0.017359  0 
-0.0121175 -0.26578  0 
0.00288526 -0.224321  0 
1.13257e-24 0
 0 
-0.325128 -0.0414236  0 
-0.245758 -0.0267746  0 
-0.223619 -0.0247625  0 
-0.162776 -0.0139836  0 
-0.125673 -0.00993134  0 
-0.149558 -0.012803  0 
-0.135686 -0.010726  0 
-0.116388 -0.00878796  0 
-0.108173 -0.00745181  0 
-0.138128 -0.0178088  0 
-0.117402 -0.0108141  0 
-0.0909537 -0.005308  0 
-0.101189 -0.00687362  0 
-0.491391 -0.0546744  0 
-0.455265 -0.0392131  0 
-0.445732 -0.0415406  0 
-0.565111 -0.034714  0 
-0.556493 -0.0398838  0 
-0.49335 -0.032706  0 
-0.524483 -0.050257  0 
-0.475025 -0.0384893  0 
-0.49848 -0.0369447  0 
-0.400397 -0.0589243  0 
-0.419913 -0.0585809  0 
-0.438616 -0.0580249  0 
-0.456004 -0.0581425  0 
-0.476633 -0.056334  0 
-0.541942 -0.0659774  0 
-0.151305 -0.0244508  0 
-0.134181 -0.0202429  0 
0.0445118 0.0557737  0 
0.0659174 0.0299615  0 
0.0578753 0.00649036  0 
0
-7.72697e-25  0 
0.00333074 0.0888844  0 
-0.0477133 0.122274  0 
-0.0937132 0.154364  0 
-0.479677 0.0813497  0 
-0.533138 0.0555149  0 
-0.4981 0.073826  0 
-0.517414 0.0631505  0 
-0.550472 0.0473802  0 
-0.561243 0.0377993  0 
-0.575302 0.0295697  0 
-0.587552 0.0217109  0 
-0.595721 0.0143277  0 
-0.604902 0.0063819  0 
-0.611446 -0.0392894  0 
-0.611812 -0.00142829  0 
-0.605159 -0.0306821  0 
-0.611239 -0.022999  0 
-0.612731 -0.00910565  0 
-0.614976 -0.0158403  0 
-0.135138 0.179806  0 
-0.173169 0.179351  0 
-0.210302 0.177674  0 
-0.465296 0.114658  0 
-0.484928 0.106354  0 
-0.438887 0.122865  0 
-0.410571 0.130489  0 
-0.388743 0.142419  0 
-0.238135 0.174145  0 
-0.273702 0.170631  0 
-0.357637 0.14912  0 
-0.332243 0.155133  0 
-0.298628 0.160169  0 
-0.108478 -0.0139821  0 
-0.0946076 -0.0123226  0 
-0.0916704 -0.0134949  0 
-0.0848035 -0.0131737  0 
-0.0786434 -0.0122019  0 
-0.0863489 0.036563  0 
-0.0622732 0.016119  0 
-0.0676151 0.00834346  0 
-0.0776764 -0.00743239  0 
-0.0669754 -0.000655822  0 
-0.0393101 -0.218084  0 
-0.108199 0.0569287  0 
-0.134698 0.0760588  0 
-0.124431 0.0791024  0 
-0.13143 0.0531497  0 
-0.133864 0.00896765  0 
-0.0900182 -0.0877239  0 
-0.0986356 0.0478039  0 
-0.0219975 -0.233374  0 
-0.000520103 -0.286008  0 
0.00309816 -0.223382  0 
1.13257e-24 0
 0 
-0.370247 -0.0564422  0 
-0.286024 -0.0392525  0 
-0.35087 -0.055031  0 
-0.160352 -0.017999  0 
-0.260832 -0.0351623  0 
-0.173368 -0.0194692  0 
-0.187932 -0.0209331  0 
-0.136563 -0.013698  0 
-0.151292 -0.0165108  0 
-0.43128 -0.07314  0 
-0.149429 -0.0204315  0 
-0.170526 -0.0291911  0 
-0.156828 -0.0199574  0 
-0.517989 -0.0546097  0 
-0.575316 -0.0591962  0 
-0.636402 -0.0434083  0 
-0.60105 -0.0459865  0 
-0.567434 -0.0449173  0 
-0.553513 -0.0498848  0 
-0.477926 -0.0740919  0 
-0.503316 -0.0885054  0 
-0.503912 -0.0740731  0 
-0.512215 -0.0704222  0 
-0.574218 -0.0783068  0 
-0.590027 -0.0746845  0 
-0.190112 -0.0400364  0 
-0.168092 -0.0336793  0 
-0.148489 -0.02852  0 
0.0422048 0.0875645  0 
0.0815108 0.0571469  0 
0.0960531 0.0293897  0 
0.0761673 0.00645746  0 
0
-7.72697e-25  0 
-0.00822158 0.121246  0 
-0.0634158 0.15536  0 
-0.109593 0.187249  0 
-0.507998 0.0972486  0 
-0.561605 0.0662808  0 
-0.543772 0.0758712  0 
-0.524025 0.0853421  0 
-0.578065 0.0566275  0 
-0.588403 0.0456573  0 
-0.599007 0.0369476  0 
-0.610703 0.0275717  0 
-0.617071 0.0175472  0 
-0.628922 0.00864151  0 
-0.639219 -0.0353682  0 
-0.632642 -0.000677697  0 
-0.640463 -0.027044  0 
-0.635055 -0.017816  0 
-0.636668 -0.0084909  0 
-0.163026 0.219671  0 
-0.18657 0.211273  0 
-0.213174 0.208743  0 
-0.249162 0.206463  0 
-0.472564 0.141626  0 
-0.514662 0.122052  0 
-0.496936 0.131467  0 
-0.446338 0.151223  0 
-0.426092 0.164614  0 
-0.396897 0.172978  0 
-0.284395 0.203147  0 
-0.318411 0.198545  0 
-0.365896 0.180331  0 
-0.341592 0.186731  0 
-0.141383 -0.0291811  0 
-0.117256 -0.0199335  0 
-0.109794 -0.0190263  0 
-0.102807 -0.0186832  0 
-0.089582 -0.0111738  0 
-0.0957104 -0.0157488  0 
-0.101519 0.0443421  0 
-0.0866001 0.0245793  0 
-0.0914205 0.00851138  0 
-0.0927676 -0.0032245  0 
-0.0655186 -0.0676876  0 
-0.118458 0.0816898  0 
-0.117764 0.0869246  0 
-0.108134 0.0362259  0 
-0.109323 0.0517785  0 
-0.113347 0.0707374  0 
-0.0372944 -0.13363  0 
-0.00982948 -0.25187  0 
0.00405119 -0.297455  0 
0.00331398 -0.220412  0 
1.13257e-24 0
 0 
-0.408276 -0.0732421  0 
-0.328172 -0.0536725  0 
-0.388079 -0.0715404  0 
-0.213805 -0.0309288  0 
-0.249812 -0.0358712  0 
-0.307969 -0.0515947  0 
-0.231782 -0.0337256  0 
-0.181779 -0.0263747  0 
-0.246143 -0.0433698  0 
-0.461686 -0.0893432  0 
-0.528019 -0.104659  0 
-0.18721 -0.0322933  0 
-0.209426 -0.0436516  0 
-0.202503 -0.0354106  0 
-0.655192 -0.0410438  0 
-0.604844 -0.0706685  0 
-0.615133 -0.0641734  0 
-0.653001 -0.0504581  0 
-0.630798 -0.0506952  0 
-0.625813 -0.0587615  0 
-0.534205 -0.0904345  0 
-0.556504 -0.105072  0 
-0.580468 -0.0974077  0 
-0.56588 -0.0833801  0 
-0.610095 -0.0881865  0 
-0.62546 -0.083115  0 
-0.229724 -0.0562861  0 
-0.208371 -0.0515561  0 
-0.183391 -0.0439909  0 
-0.174008 -0.0431089  0 
0.0316311 0.119243  0 
0.0806681 0.0891163  0 
0.113877 0.0563484  0 
0.125549 0.0277281  0 
0.0965233 0.00648916  0 
0
-7.72697e-25  0 
-0.0147234 0.151915  0 
-0.0710233 0.186036  0 
-0.12605 0.218697  0 
-0.178843 0.250537  0 
-0.53495 0.107227  0 
-0.580647 0.0736319  0 
-0.568405 0.0864865  0 
-0.554299 0.0962872  0 
-0.595704 0.0627071  0 
-0.606304 0.053197  0 
-0.618266 0.0423308  0 
-0.538693 0.13095  0 
-0.628825 0.0314269  0 
-0.637777 0.0209102  0 
-0.64286 0.00989386  0 
-0.653768 -0.0303211  0 
-0.647867 0.000976046  0 
-0.654849 -0.0208148  0 
-0.651034 -0.00981145  0 
-0.199829 0.24186  0 
-0.235224 0.240982  0 
-0.215059 0.275382  0 
-0.270052 0.238897  0 
-0.294372 0.234849  0 
-0.47759 0.169213  0 
-0.495676 0.159326  0 
-0.518228 0.147569  0 
-0.451704 0.179752  0 
-0.432219 0.194481  0 
-0.403255 0.203403  0 
-0.32779 0.230328  0 
-0.349666 0.217762  0 
-0.372735 0.211186  0 
-0.135097 -0.0285156  0 
-0.121855 -0.0246165  0 
-0.114799 -0.0211608  0 
-0.106817 -0.0148039  0 
-0.103783 0.0239154  0 
-0.105384 0.00677821  0 
-0.108357 -0.00655762  0 
-0.112559 0.0421785  0 
-0.0777339 0.0196678  0 
-0.116227 0.087739  0 
-0.105307 0.0727702  0 
-0.114159 0.073228  0 
-0.054414 -0.0377241  0 
-0.0250808 -0.155739  0 
-0.00275836 -0.266031  0 
0.00490623 -0.298449  0 
0.00228218 -0.216715  0 
1.13257e-24 0
 0 
-0.514283 -0.108242  0 
-0.447695 -0.0919173  0 
-0.418679 -0.0880038  0 
-0.363918 -0.0701393  0 
-0.267455 -0.0467817  0 
-0.333844 -0.0644368  0 
-0.266296 -0.0548814  0 
-0.299199 -0.0615876  0 
-0.495888 -0.108357  0 
-0.564801 -0.119212  0 
-0.551193 -0.12192  0 
-0.247515 -0.0608966  0 
-0.226318 -0.0473537  0 
-0.29043 -0.0694277  0 
-0.294227 -0.0825979  0 
-0.665114 -0.0430346  0 
-0.662558 -0.0339705  0 
-0.594283 -0.129101  0 
-0.663975 -0.0527366  0 
-0.633729 -0.0751053  0 
-0.642701 -0.0675204  0 
-0.65367 -0.0619435  0 
-0.606633 -0.126312  0 
-0.601815 -0.112384  0 
-0.609534 -0.105032  0 
-0.625027 -0.101439  0 
-0.634618 -0.0945471  0 
-0.643635 -0.0869136  0 
-0.277318 -0.0793108  0 
-0.247288 -0.0696808  0 
-0.174645 -0.045925  0 
-0.249768 -0.0775929  0 
-0.208188 -0.0588841  0 
0.0157689 0.151284  0 
0.0615562 0.12285  0 
0.113624 0.0878611  0 
0.145323 0.05526  0 
0.155656 0.0284322  0 
0.114173 0.00631949  0 
0
-7.72697e-25  0 
-0.0316839 0.183361  0 
-0.149061 0.249706  0 
-0.0886385 0.216778  0 
-0.195133 0.279852  0 
-0.557856 0.118703  0 
-0.598436 0.0813179  0 
-0.583753 0.0935969  0 
-0.571357 0.108052  0 
-0.61174 0.068961  0 
-0.620998 0.0584408  0 
-0.631603 0.0463281  0 
-0.534639 0.157144  0 
-0.553531 0.14372  0 
-0.638821 0.0336248  0 
-0.646701 0.0218411  0 
-0.652049 0.0120352  0 
-0.663733 -0.0221377  0 
-0.657097 0.000294984  0 
-0.660317 -0.0121393  0 
-0.236111 0.270122  0 
-0.270118 0.26886  0 
-0.246976 0.298415  0 
-0.303577 0.266045  0 
-0.324203 0.253955  0 
-0.480105 0.196704  0 
-0.50318 0.184364  0 
-0.519273 0.173596  0 
-0.462094 0.206937  0 
-0.427563 0.218435  0 
-0.408409 0.233542  0 
-0.356411 0.248438  0 
-0.387269 0.241317  0 
-0.362399 0.279192  0 
-0.410797 0.259928  0 
-0.14891 -0.0356828  0 
-0.134249 -0.029177  0 
-0.126442 -0.0211899  0 
-0.114595 0.0209401  0 
-0.127738 -0.0145813  0 
-0.119491 0.00279578  0 
-0.11714 0.0481456  0 
-0.0896276 0.0618882  0 
-0.106703 0.083451  0 
-0.11897 0.0505417  0 
-0.11047 0.0753739  0 
-0.0712794 0.0252167  0 
-0.0453149 -0.0628528  0 
-0.0169672 -0.178998  0 
-0.000971992 -0.289344  0 
0.00362804 -0.300471  0 
1.13257e-24 0
 0 
0.000659114 -0.216889  0 
-0.531537 -0.124899  0 
-0.472734 -0.109171  0 
-0.404351 -0.0895835  0 
-0.363033 -0.0805444  0 
-0.326889 -0.0773924  0 
-0.348023 -0.080791  0 
-0.51474 -0.125477  0 
-0.577031 -0.134807  0 
-0.56351 -0.137445  0 
-0.311191 -0.0846204  0 
-0.338243 -0.0897279  0 
-0.340237 -0.105635  0 
-0.66896 -0.0491363  0 
-0.668765 -0.0382862  0 
-0.667706 -0.0277364  0 
-0.598888 -0.144178  0 
-0.621173 -0.13203  0 
-0.61399 -0.140624  0 
-0.669025 -0.0576378  0 
-0.664785 -0.0606037  0 
-0.65537 -0.0796641  0 
-0.657086 -0.0711831  0 
-0.62366 -0.121388  0 
-0.630969 -0.113329  0 
-0.656594 -0.0894763  0 
-0.641855 -0.106271  0 
-0.652266 -0.0996344  0 
-0.186097 -0.0540398  0 
-0.353855 -0.122293  0 
-0.292972 -0.0945366  0 
-0.210481 -0.0649222  0 
-0.292879 -0.102675  0 
-0.237553 -0.0762103  0 
-0.00332213 0.182139  0 
0.0526174 0.152751  0 
0.10151 0.118786  0 
0.145747 0.0857566  0 
0.181551 0.054789  0 
0.183547 0.0261687  0 
0.129062 0.005726  0 
0
-7.72697e-25  0 
-0.0622663 0.215958  0 
-0.119797 0.248745  0 
-0.194174 0.296414  0 
-0.239701 0.324631  0 
-0.570541 0.129931  0 
-0.607593 0.0892905  0 
-0.597601 0.100754  0 
-0.586085 0.116057  0 
-0.619151 0.0756599  0 
-0.628267 0.0616125  0 
-0.637269 0.0481773  0 
-0.537366 0.179072  0 
-0.550616 0.167103  0 
-0.566842 0.152154  0 
-0.645174 0.0352909  0 
-0.650691 0.0246818  0 
-0.65667 0.0107851  0 
-0.665142 -0.0137741  0 
-0.661582 -0.00266934  0 
-0.264402 0.325408  0 
-0.279945 0.298249  0 
-0.305239 0.291861  0 
-0.289168 0.325516  0 
-0.343635 0.292551  0 
-0.480187 0.223918  0 
-0.502414 0.210832  0 
-0.517602 0.19929  0 
-0.456798 0.237406  0 
-0.438595 0.25356  0 
-0.386139 0.302718  0 
-0.392694 0.272126  0 
-0.43066 0.277175  0 
-0.161465 -0.0416018  0 
-0.147108 -0.0249019  0 
-0.145765 -0.0311324  0 
-0.132674 0.00859131  0 
-0.144249 -0.0120621  0 
-0.128228 0.0273244  0 
-0.12434 0.0367719  0 
-0.100546 0.0716213  0 
-0.112171 0.0582164  0 
-0.11462 0.04243  0 
-0.0801538 0.0378352  0 
-0.0578512 -0.0225637  0 
-0.0383948 -0.0899947  0 
-0.0137448 -0.220621  0 
-0.00209933 -0.29899  0 
0.00107349 -0.306362  0 
1.13257e-24 0
 0 
2.6591e-05 -0.20737  0 
-0.544484 -0.141175  0 
-0.482717 -0.123738  0 
-0.428696 -0.106819  0 
-0.39707 -0.101038  0 
-0.406034 -0.114022  0 
-0.528846 -0.142601  0 
-0.569792 -0.153567  0 
-0.589019 -0.151803  0 
-0.357119 -0.106038  0 
-0.389933 -0.114918  0 
-0.382725 -0.127758  0 
-0.39356 -0.144665  0 
-0.668217 -0.0483373  0 
-0.66781 -0.0329317  0 
-0.664236 -0.0226629  0 
-0.612565 -0.154609  0 
-0.631544 -0.139127  0 
-0.626686 -0.152561  0 
-0.666475 -0.0617627  0 
-0.667519 -0.0712312  0 
-0.663823 -0.0792288  0 
-0.661418 -0.0894443  0 
-0.63816 -0.122385  0 
-0.640374 -0.130538  0 
-0.656969 -0.101362  0 
-0.651081 -0.110173  0 
-0.220625 -0.0744051  0 
-0.195609 -0.0608645  0 
-0.350184 -0.131533  0 
-0.248363 -0.0877979  0 
-0.354372 -0.146557  0 
-0.30074 -0.116675  0 
-0.0241702 0.211177  0 
0.0203645 0.186025  0 
0.0825431 0.149851  0 
0.141199 0.113176  0 
0.182928 0.0844984  0 
0.215587 0.0507969  0 
0.208245 0.0247255  0 
-0.179141 0.302166  0 
0.144307 0.00498594  0 
0
-7.72697e-25  0 
-0.0836678 0.2448  0 
-0.139343 0.275944  0 
-0.226323 0.330281  0 
-0.268097 0.348142  0 
-0.579141 0.13522  0 
-0.61318 0.0933337  0 
-0.604798 0.105422  0 
-0.592542 0.120193  0 
-0.623099 0.0786048  0 
-0.6314 0.0639398  0 
-0.63905 0.0495401  0 
-0.529633 0.208194  0 
-0.544645 0.190822  0 
-0.558599 0.173467  0 
-0.573037 0.157602  0 
-0.644544 0.0381791  0 
-0.651441 0.0227809  0 
-0.657375 0.00805782  0 
-0.662079 -0.00625846  0 
-0.656351 -0.00909798  0 
-0.297758 0.350964  0 
-0.319698 0.324473  0 
-0.337111 0.313041  0 
-0.319482 0.346553  0 
-0.371225 0.336491  0 
-0.493683 0.240859  0 
-0.521672 0.232611  0 
-0.513474 0.225701  0 
-0.463616 0.263271  0 
-0.47555 0.279061  0 
-0.398414 0.329522  0 
-0.43092 0.305409  0 
-0.454274 0.293493  0 
-0.169982 -0.0398156  0 
-0.172184 -0.0456377  0 
-0.146955 -0.0047958  0 
-0.164177 -0.0257248  0 
-0.137485 0.0125442  0 
-0.13724 0.0117932  0 
-0.096618 0.0515403  0 
-0.119601 0.0237035  0 
-0.0771534 0.0175492  0 
-0.0548608 -0.0486939  0 
-0.0325061 -0.138244  0 
-0.0152882 -0.237255  0 
-0.00493129 -0.310304  0 
1.13257e-24 0
 0 
-0.00159822 -0.31057  0 
-0.000269537 -0.211837  0 
-0.566399 -0.167424  0 
-0.49631 -0.1412  0 
-0.437614 -0.121199  0 
-0.450304 -0.138434  0 
-0.535873 -0.159141  0 
-0.604466 -0.168429  0 
-0.610071 -0.172454  0 
-0.588546 -0.167029  0 
-0.399151 -0.160872  0 
-0.429701 -0.147639  0 
-0.460489 -0.155882  0 
-0.435468 -0.163984  0 
-0.449485 -0.186561  0 
-0.663619 -0.0506025  0 
-0.660748 -0.066068  0 
-0.662552 -0.0372159  0 
-0.657092 -0.0249367  0 
-0.653793 -0.0440547  0 
-0.619229 -0.165939  0 
-0.634848 -0.143094  0 
-0.626266 -0.155411  0 
-0.664385 -0.0764168  0 
-0.656983 -0.101561  0 
-0.661657 -0.0878866  0 
-0.648634 -0.121065  0 
-0.641731 -0.132629  0 
-0.653037 -0.112052  0 
-0.20219 -0.0662064  0 
-0.255655 -0.0987971  0 
-0.227744 -0.082587  0 
-0.388275 -0.169628  0 
-0.289358 -0.121928  0 
-0.320929 -0.137998  0 
-0.356945 -0.160213  0 
-0.147662 0.296961  0 
-0.0472267 0.238517  0 
0.00518338 0.209741  0 
0.0596209 0.178922  0 
0.112022 0.145839  0 
0.169221 0.113448  0 
0.219858 0.0781361  0 
0.244028 0.0472138  0 
0.231746 0.0211157  0 
-0.197405 0.324989  0 
0.156135 0.00423988  0 
0
-7.72697e-25  0 
-0.0923559 0.267007  0 
-0.241324 0.351555  0 
-0.290062 0.37246  0 
-0.317174 0.376787  0 
-0.584616 0.140099  0 
-0.613368 0.0949176  0 
-0.60347 0.111181  0 
-0.593425 0.127338  0 
-0.619821 0.0793997  0 
-0.628584 0.0641484  0 
-0.633963 0.0522773  0 
-0.535856 0.214376  0 
-0.549518 0.196812  0 
-0.561674 0.177916  0 
-0.573013 0.160165  0 
-0.558917 0.1804  0 
-0.640854 0.0361722  0 
-0.647009 0.0206387  0 
-0.652282 0.00548022  0 
-0.643882 0.000734341  0 
-0.648045 -0.0146597  0 
-0.389267 0.358424  0 
-0.346737 0.366447  0 
-0.355443 0.34954  0 
-0.524781 0.237423  0 
-0.510841 0.255877  0 
-0.495471 0.263983  0 
-0.482249 0.293193  0 
-0.467202 0.307267  0 
-0.436463 0.338516  0 
-0.426553 0.359389  0 
-0.450841 0.32008  0 
-0.183868 -0.0487254  0 
-0.19333 -0.0583666  0 
-0.183021 -0.0484493  0 
-0.161297 -0.0214994  0 
-0.153862 -0.018706  0 
-0.0998456 0.0209415  0 
-0.125692 -0.003017  0 
-0.0789097 -0.0134189  0 
-0.0546614 -0.0720426  0 
-0.0345214 -0.160975  0 
-0.0201726 -0.25716  0 
1.13257e-24 0
 0 
-0.00898041 -0.322224  0 
-0.000768333 -0.214586  0 
-0.00364496 -0.318255  0 
-0.579947 -0.181038  0 
-0.564442 -0.183059  0 
-0.505352 -0.158323  0 
-0.488363 -0.159493  0 
-0.491791 -0.173816  0 
-0.531565 -0.172867  0 
-0.608396 -0.179313  0 
-0.601088 -0.182636  0 
-0.589938 -0.187446  0 
-0.43564 -0.195724  0 
-0.476156 -0.177933  0 
-0.462482 -0.205524  0 
-0.476621 -0.194409  0 
-0.655843 -0.0580365  0 
-0.650499 -0.0699072  0 
-0.64703 -0.0274439  0 
-0.641123 -0.0468135  0 
-0.614672 -0.168947  0 
-0.634884 -0.134078  0 
-0.620227 -0.15794  0 
-0.631276 -0.145489  0 
-0.651552 -0.110161  0 
-0.655864 -0.0851295  0 
-0.654424 -0.0977556  0 
-0.643752 -0.121797  0 
-0.6434 -0.0820912  0 
-0.232163 -0.089171  0 
-0.291517 -0.13288  0 
-0.260982 -0.108177  0 
-0.41832 -0.19716  0 
-0.388225 -0.183942  0 
-0.322655 -0.150988  0 
-0.369963 -0.183214  0 
-0.122473 0.291098  0 
-0.168366 0.317382  0 
-0.0311575 0.241624  0 
0.0336288 0.205973  0 
0.0989528 0.169464  0 
0.146526 0.142092  0 
0.19863 0.108073  0 
0.249483 0.0726496  0 
0.273657 0.0414166  0 
0.257479 0.0199484  0 
-0.214948 0.343751  0 
0.173114 0.00342656  0 
0
-7.72697e-25  0 
-0.0972673 0.284728  0 
-0.254342 0.367763  0 
-0.350257 0.389484  0 
-0.337363 0.397823  0 
-0.287247 0.386203  0 
-0.31207 0.393775  0 
-0.60553 0.0956757  0 
-0.582146 0.145087  0 
-0.59816 0.112374  0 
-0.589967 0.129546  0 
-0.626646 0.0494857  0 
-0.614925 0.0794856  0 
-0.596614 0.0947575  0 
-0.619763 0.0668401  0 
-0.536978 0.218691  0 
-0.547683 0.199794  0 
-0.567625 0.161609  0 
-0.548649 0.185786  0 
-0.634171 0.0337782  0 
-0.620727 0.0429127  0 
-0.63657 0.0179297  0 
-0.627748 0.000351691  0 
-0.632837 -0.0157612  0 
-0.39889 0.382098  0 
-0.375746 0.387959  0 
-0.523613 0.239789  0 
-0.51268 0.26  0 
-0.500868 0.279713  0 
-0.421598 0.383451  0 
-0.439523 0.370587  0 
-0.487817 0.3001  0 
-0.473345 0.318523  0 
-0.455073 0.354274  0 
-0.452844 0.342064  0 
-0.206288 -0.0711071  0 
-0.201436 -0.0718131  0 
-0.232229 -0.0943195  0 
-0.177675 -0.0478139  0 
-0.166714 -0.0478491  0 
-0.134063 -0.0346551  0 
-0.103674 -0.00829306  0 
-0.0817939 -0.0428578  0 
-0.0560251 -0.112554  0 
-0.0396468 -0.186762  0 
-0.023843 -0.277282  0 
1.13257e-24 0
 0 
-0.000935964 -0.220675  0 
-0.0122126 -0.335552  0 
-0.00620724 -0.328973  0 
-0.603128 -0.179145  0 
-0.574048 -0.196237  0 
-0.560193 -0.198543  0 
-0.504028 -0.192582  0 
-0.516983 -0.178563  0 
-0.536951 -0.191046  0 
-0.598655 -0.19001  0 
-0.598574 -0.187632  0 
-0.580213 -0.201914  0 
-0.589732 -0.20055  0 
-0.457131 -0.221051  0 
-0.504287 -0.207519  0 
-0.483459 -0.22211  0 
-0.630131 -0.0652007  0 
-0.630713 -0.0291271  0 
-0.625309 -0.0496739  0 
-0.607145 -0.170366  0 
-0.625819 -0.133412  0 
-0.609245 -0.15887  0 
-0.621866 -0.147552  0 
-0.636751 -0.108373  0 
-0.636038 -0.0946583  0 
-0.626973 -0.120222  0 
-0.619417 -0.0946102  0 
-0.623059 -0.0775465  0 
-0.30506 -0.151554  0 
-0.274455 -0.129884  0 
-0.333607 -0.177298  0 
-0.447386 -0.235791  0 
-0.395915 -0.206565  0 
-0.422295 -0.224469  0 
-0.364559 -0.196709  0 
-0.387365 -0.219601  0 
-0.146138 0.310771  0 
-0.189353 0.333854  0 
-0.12392 0.302208  0 
0.00528413 0.230342  0 
-0.0450636 0.259392  0 
0.0717201 0.19437  0 
0.123303 0.164899  0 
0.17444 0.134868  0 
0.244404 0.0940497  0 
0.282288 0.0640005  0 
0.301064 0.0384357  0 
0.275864 0.0160511  0 
-0.220671 0.353001  0 
0.18222 0.00290306  0 
0
-7.72697e-25  0 
-0.0753494 0.277682  0 
-0.267627 0.382  0 
-0.294086 0.400128  0 
-0.375987 0.410586  0 
-0.363878 0.420213  0 
-0.334466 0.412435  0 
-0.317095 0.410742  0 
-0.589303 0.112154  0 
-0.582861 0.129874  0 
-0.566136 0.147606  0 
-0.576326 0.110484  0 
-0.582406 0.0942965  0 
-0.603718 0.0614139  0 
-0.593626 0.0776662  0 
-0.531772 0.219798  0 
-0.530785 0.198227  0 
-0.555558 0.166301  0 
-0.613899 0.0358326  0 
-0.617497 0.0189766  0 
-0.607374 -0.000367268  0 
-0.614066 -0.0171011  0 
-0.416051 0.406466  0 
-0.397806 0.405696  0 
-0.517768 0.240048  0 
-0.506494 0.260761  0 
-0.497887 0.281889  0 
-0.487212 0.30272  0 
-0.432378 0.393506  0 
-0.443438 0.380387  0 
-0.45263 0.364722  0 
-0.476139 0.323545  0 
-0.466227 0.339486  0 
-0.505315 0.237936  0 
-0.229042 -0.0982757  0 
-0.220413 -0.101192  0 
-0.258202 -0.123264  0 
-0.194722 -0.085568  0 
-0.156116 -0.063649  0 
-0.112945 -0.0481702  0 
-0.0805827 -0.0899244  0 
-0.0589019 -0.151988  0 
-0.0451093 -0.21543  0 
-0.0282361 -0.297816  0 
1.13257e-24 0
 0 
-0.00173243 -0.219567  0 
-0.00646636 -0.333216  0 
-0.0154984 -0.352182  0 
-0.592405 -0.183245  0 
-0.586115 -0.195503  0 
-0.5651 -0.211023  0 
-0.526239 -0.22275  0 
-0.545782 -0.205367  0 
-0.554134 -0.217468  0 
-0.527342 -0.204811  0 
-0.58144 -0.206308  0 
-0.569202 -0.216136  0 
-0.578681 -0.210787  0 
-0.462925 -0.251978  0 
-0.487006 -0.238351  0 
-0.510795 -0.235777  0 
-0.611732 -0.0650923  0 
-0.611017 -0.0309425  0 
-0.606723 -0.0497062  0 
-0.595526 -0.170337  0 
-0.578885 -0.175665  0 
-0.594444 -0.156  0 
-0.613713 -0.131563  0 
-0.607936 -0.146513  0 
-0.622129 -0.108744  0 
-0.61058 -0.118715  0 
-0.600776 -0.0971611  0 
-0.598643 -0.128686  0 
-0.594088 -0.083537  0 
-0.591143 -0.067828  0 
-0.340451 -0.195959  0 
-0.299334 -0.160489  0 
-0.445127 -0.256101  0 
-0.423407 -0.246319  0 
-0.391248 -0.238125  0 
-0.364355 -0.221584  0 
-0.170645 0.325752  0 
-0.353413 0.429105  0 
-0.152026 0.315326  0 
-0.00587767 0.241696  0 
0.0918196 0.18866  0 
0.0416186 0.216327  0 
0.156854 0.153577  0 
0.222412 0.116615  0 
0.270616 0.0858584  0 
0.307665 0.0589805  0 
0.325591 0.0309394  0 
-0.199407 0.339387  0 
0.289978 0.0117221  0 
-0.264074 0.379809  0 
-0.237958 0.361249  0 
0.186935 0.00213084  0 
0
-7.72697e-25  0 
-0.0417361 0.257456  0 
-0.0915415 0.280536  0 
-0.290688 0.402392  0 
-0.320681 0.424064  0 
-0.386142 0.429057  0 
-0.372729 0.448872  0 
-0.343028 0.434334  0 
-0.584148 0.0537075  0 
-0.571699 0.129088  0 
-0.55067 0.155394  0 
-0.557649 0.112771  0 
-0.565362 0.0930734  0 
-0.57551 0.0727577  0 
-0.518223 0.218015  0 
-0.513475 0.201886  0 
-0.524448 0.182376  0 
-0.587431 0.0369569  0 
-0.558335 0.0507452  0 
-0.593901 0.0194283  0 
-0.588413 -0.00129156  0 
-0.579436 -0.0190933  0 
-0.423893 0.415185  0 
-0.410228 0.427982  0 
-0.497225 0.259228  0 
-0.484885 0.256143  0 
-0.491072 0.281315  0 
-0.482178 0.303012  0 
-0.472708 0.324241  0 
-0.435184 0.398212  0 
-0.443595 0.378711  0 
-0.46293 0.345526  0 
-0.488065 0.237586  0 
-0.250188 -0.129321  0 
-0.224252 -0.122906  0 
-0.27518 -0.158714  0 
-0.1909 -0.106925  0 
-0.139187 -0.0832371  0 
-0.170244 -0.111309  0 
-0.109387 -0.0855998  0 
-0.0858713 -0.123467  0 
-0.0660205 -0.185239  0 
1.13257e-24 0
 0 
-0.0456407 -0.257716  0 
-0.0287006 -0.329745  0 
-0.00119811 -0.226894  0 
-0.0075665 -0.344514  0 
-0.016281 -0.367957  0 
-0.573366 -0.195768  0 
-0.570323 -0.208449  0 
-0.55746 -0.22629  0 
-0.529026 -0.243455  0 
-0.541787 -0.228747  0 
-0.570847 -0.217772  0 
-0.564733 -0.225291  0 
-0.48199 -0.25707  0 
-0.460454 -0.267565  0 
-0.498534 -0.250529  0 
-0.514677 -0.258102  0 
-0.587642 -0.0518704  0 
-0.583757 -0.0356365  0 
-0.556938 -0.194272  0 
-0.579077 -0.164727  0 
-0.560567 -0.180444  0 
-0.578167 -0.153341  0 
-0.59023 -0.144189  0 
-0.590765 -0.111157  0 
-0.580566 -0.0992521  0 
-0.579246 -0.131544  0 
-0.572443 -0.0843008  0 
-0.570398 -0.0676171  0 
-0.328182 -0.206025  0 
-0.349028 -0.231854  0 
-0.408406 -0.259533  0 
-0.443631 -0.281948  0 
-0.380657 -0.261836  0 
-0.402495 -0.275511  0 
-0.465742 0.322783  0 
-0.137991 0.303318  0 
-0.126619 0.2872  0 
-0.178202 0.323447  0 
0.0530391 0.210955  0 
0.0151622 0.226918  0 
0.110742 0.180789  0 
0.193499 0.135923  0 
0.24711 0.105867  0 
0.303603 0.0713548  0 
0.336181 0.0474331  0 
0.345882 0.0225869  0 
-0.21072 0.33671  0 
0.300281 0.00728011  0 
-0.260662 0.373547  0 
-0.245451 0.356286  0 
0.188714 0.000806859  0 
0
-7.72697e-25  0 
-0.0634222 0.256101  0 
-0.28546 0.395541  0 
-0.303009 0.41606  0 
-0.337337 0.442081  0 
-0.322424 0.433949  0 
-0.39062 0.446875  0 
-0.376541 0.463957  0 
-0.361999 0.455073  0 
-0.558241 0.0695745  0 
-0.543856 0.144136  0 
-0.52769 0.161641  0 
-0.533513 0.128071  0 
-0.540003 0.10792  0 
-0.546322 0.0883476  0 
-0.491126 0.219208  0 
-0.493329 0.19721  0 
-0.49537 0.175598  0 
-0.536554 0.0618388  0 
-0.564118 0.0327162  0 
-0.543305 0.04274  0 
-0.569417 0.015099  0 
-0.566532 -0.000190798  0 
-0.55608 -0.017785  0 
-0.422979 0.417813  0 
-0.414154 0.434697  0 
-0.404141 0.450262  0 
-0.466145 0.250145  0 
-0.464348 0.273452  0 
-0.481021 0.27895  0 
-0.470843 0.300097  0 
-0.454995 0.344479  0 
-0.433991 0.386038  0 
-0.444219 0.365623  0 
-0.467958 0.231506  0 
-0.261755 -0.16549  0 
-0.221697 -0.138916  0 
-0.298632 -0.205524  0 
-0.20572 -0.155196  0 
-0.178277 -0.15024  0 
-0.146519 -0.121271  0 
-0.0925923 -0.151272  0 
-0.120759 -0.138991  0 
1.13257e-24 0
 0 
-0.0719466 -0.219825  0 
-0.00121187 -0.234755  0 
-0.0497784 -0.287412  0 
-0.0323775 -0.352671  0 
-0.00737982 -0.357701  0 
-0.018157 -0.387819  0 
-0.555405 -0.208564  0 
-0.553234 -0.222025  0 
-0.525339 -0.255624  0 
-0.547395 -0.240359  0 
-0.543587 -0.241289  0 
-0.547674 -0.233908  0 
-0.543059 -0.242034  0 
-0.454928 -0.296711  0 
-0.489056 -0.267577  0 
-0.473213 -0.28266  0 
-0.498439 -0.272739  0 
-0.508452 -0.270448  0 
-0.53975 -0.207508  0 
-0.564398 -0.0512074  0 
-0.557836 -0.0342578  0 
-0.533955 -0.0293292  0 
-0.540625 -0.192414  0 
-0.555983 -0.163811  0 
-0.540469 -0.176821  0 
-0.55823 -0.133995  0 
-0.559968 -0.14985  0 
-0.553021 -0.101547  0 
-0.556173 -0.117992  0 
-0.54951 -0.0849446  0 
-0.545721 -0.0682751  0 
-0.332552 -0.241706  0 
-0.35859 -0.261722  0 
-0.414236 -0.292647  0 
-0.430397 -0.307528  0 
-0.440069 -0.315394  0 
-0.384036 -0.288154  0 
-0.44865 0.332395  0 
-0.350415 0.457973  0 
-0.101124 0.259052  0 
-0.160184 0.288894  0 
-0.181121 0.315443  0 
-0.00987517 0.220656  0 
0.0879279 0.189087  0 
0.0473323 0.19991  0 
0.211677 0.125077  0 
0.145809 0.160384  0 
0.280802 0.0877698  0 
0.322528 0.0632012  0 
0.356374 0.0378854  0 
0.360937 0.0156906  0 
-0.227761 0.324428  0 
0.307921 0.00354841  0 
-0.271158 0.374782  0 
-0.259675 0.352687  0 
0.197097 -0.000293316  0 
0
-7.72697e-25  0 
-0.0542331 0.224576  0 
-0.289397 0.396291  0 
-0.312705 0.431845  0 
-0.340462 0.458787  0 
-0.39168 0.460005  0 
-0.376489 0.478586  0 
-0.362814 0.477448  0 
-0.529521 0.0813675  0 
-0.508652 0.143559  0 
-0.515517 0.122289  0 
-0.522565 0.101498  0 
-0.46943 0.213092  0 
-0.470343 0.19095  0 
-0.482756 0.158759  0 
-0.513205 0.0756479  0 
-0.51604 0.037787  0 
-0.510547 0.0566332  0 
-0.536329 0.0188247  0 
-0.543642 0.000830021  0 
-0.531782 -0.0164943  0 
-0.4185 0.404408  0 
-0.405885 0.445196  0 
-0.41415 0.425354  0 
-0.393395 0.466879  0 
-0.445336 0.252025  0 
-0.44474 0.27609  0 
-0.454526 0.294381  0 
-0.442024 0.315074  0 
-0.430554 0.34992  0 
-0.428255 0.373996  0 
-0.445605 0.228509  0 
-0.274988 -0.200618  0 
-0.237047 -0.187643  0 
-0.30831 -0.238953  0 
-0.283649 -0.230241  0 
-0.212793 -0.193826  0 
-0.176088 -0.191203  0 
-0.159208 -0.209463  0 
-0.11737 -0.174376  0 
-0.0995546 -0.209308  0 
1.13257e-24 0
 0 
-0.000920568 -0.241683  0 
-0.0755581 -0.2545  0 
-0.00770209 -0.373189  0 
-0.0524044 -0.315574  0 
-0.0331443 -0.376139  0 
-0.017151 -0.404203  0 
-0.537684 -0.221873  0 
-0.53421 -0.235474  0 
-0.524575 -0.259659  0 
-0.531259 -0.253764  0 
-0.529166 -0.247857  0 
-0.463726 -0.30274  0 
-0.480295 -0.287174  0 
-0.489734 -0.285148  0 
-0.506074 -0.274172  0 
-0.519876 -0.204681  0 
-0.519301 -0.22029  0 
-0.526833 -0.0452948  0 
-0.509748 -0.0242803  0 
-0.534816 -0.127809  0 
-0.519416 -0.188499  0 
-0.517977 -0.171935  0 
-0.533343 -0.15865  0 
-0.537392 -0.14434  0 
-0.502381 -0.198794  0 
-0.519384 -0.0594456  0 
-0.527929 -0.0939488  0 
-0.521529 -0.107141  0 
-0.523821 -0.0767862  0 
-0.362263 -0.2994  0 
-0.34027 -0.283023  0 
-0.403797 -0.307826  0 
-0.408898 -0.320653  0 
-0.418279 -0.329656  0 
-0.427136 -0.328817  0 
-0.44936 -0.31431  0 
-0.371608 -0.317649  0 
-0.139374 0.257606  0 
-0.199043 0.300434  0 
0.0188459 0.187035  0 
0.0791835 0.170223  0 
0.121535 0.163569  0 
0.227931 0.112178  0 
0.294874 0.0769284  0 
0.342282 0.0508747  0 
0.377087 0.0247368  0 
0.371675 0.00706308  0 
-0.226421 0.292183  0 
-0.247271 0.316571  0 
0.308687 -0.00106144  0 
-0.277942 0.371255  0 
-0.269708 0.344754  0 
0.193177 -0.000718758  0 
0
-7.72697e-25  0 
-0.0278454 0.186896  0 
-0.0832175 0.202565  0 
-0.302948 0.41885  0 
-0.289981 0.392029  0 
1.13257e-24 0
 0 
-0.317574 0.443873  0 
-0.335361 0.466193  0 
-0.355319 0.487548  0 
-0.383395 0.479952  0 
-0.367293 0.4912  0 
-0.505507 0.0955477  0 
-0.490284 0.137021  0 
-0.493908 0.116166  0 
-0.445528 0.205786  0 
-0.45738 0.173565  0 
-0.46334 0.151034  0 
-0.478072 0.0885755  0 
-0.483435 0.0687039  0 
-0.49411 0.0304743  0 
-0.488766 0.0493996  0 
-0.508283 0.00932757  0 
-0.504698 -0.00631719  0 
-0.410448 0.390483  0 
-0.401718 0.421115  0 
-0.39637 0.452611  0 
-0.386954 0.468715  0 
-0.377375 0.482673  0 
-0.42699 0.245798  0 
-0.421155 0.281914  0 
-0.421857 0.306895  0 
-0.421934 0.331848  0 
-0.403141 0.373337  0 
-0.412814 0.352695  0 
-0.426331 0.222257  0 
-0.258691 -0.220535  0 
-0.246 -0.235884  0 
-0.303819 -0.275565  0 
-0.219495 -0.242075  0 
-0.181067 -0.240716  0 
-0.151258 -0.24345  0 
-0.0971475 -0.252768  0 
-0.122507 -0.22277  0 
-0.000980602 -0.248208  0 
-0.00634142 -0.378038  0 
-0.0776741 -0.29123  0 
-0.0160067 -0.423276  0 
-0.0497448 -0.352888  0 
-0.0340546 -0.400315  0 
-0.105029 -0.291033  0 
-0.517486 -0.235227  0 
-0.514378 -0.249291  0 
-0.506344 -0.270646  0 
-0.509621 -0.262114  0 
-0.486709 -0.288607  0 
-0.471964 -0.299724  0 
-0.492559 -0.282534  0 
-0.502126 -0.215749  0 
-0.500771 -0.232203  0 
-0.450505 -0.313496  0 
-0.474137 -0.0187868  0 
-0.499315 -0.0356661  0 
-0.479443 -0.209888  0 
-0.516682 -0.136897  0 
-0.509623 -0.120709  0 
-0.501758 -0.181433  0 
-0.500337 -0.1638  0 
-0.498479 -0.146161  0 
-0.477954 -0.192416  0 
-0.482277 -0.0557337  0 
-0.486081 -0.0739818  0 
-0.492948 -0.110172  0 
-0.48972 -0.092158  0 
-0.348614 -0.321109  0 
-0.328418 -0.305747  0 
-0.388286 -0.326945  0 
-0.404113 -0.343336  0 
-0.395508 -0.34377  0 
-0.423202 -0.332637  0 
-0.359907 -0.338987  0 
-0.148053 0.235984  0 
-0.186508 0.269472  0 
-0.383046 0.457907  0 
0.186255 0.122463  0 
0.0468458 0.150919  0 
0.139306 0.12948  0 
0.25767 0.0874196  0 
0.313883 0.0616234  0 
0.372465 0.0279218  0 
0.393006 0.0107772  0 
0.377335 -0.00116189  0 
-0.127195 0.193036  0 
-0.217784 0.259149  0 
-0.249906 0.278345  0 
-0.263059 0.303253  0 
0.317894 -0.00462753  0 
-0.277072 0.348844  0 
-0.274128 0.318411  0 
0.189989 -0.00155281  0 
0
-7.72697e-25  0 
-0.00237615 0.145766  0 
-0.0592448 0.158878  0 
-0.310324 0.4444  0 
-0.285322 0.384919  0 
-0.297296 0.416001  0 
-0.000440727 -0.253465  0 
1.13257e-24 0
 0 
-0.327441 0.470476  0 
-0.343393 0.488271  0 
-0.358242 0.49883  0 
-0.370727 0.492606  0 
-0.472694 0.108873  0 
-0.467521 0.129832  0 
-0.432363 0.1881  0 
-0.437794 0.165062  0 
-0.440032 0.142249  0 
-0.443392 -0.00869489  0 
-0.455405 0.0997819  0 
-0.452525 0.0783357  0 
-0.461613 0.0610042  0 
-0.480549 0.020186  0 
-0.461249 0.0383913  0 
-0.469888 -2.18923e-05  0 
-0.439319 0.0103648  0 
-0.393816 0.393851  0 
-0.389167 0.415809  0 
-0.374494 0.409046  0 
-0.384606 0.437243  0 
-0.3655 0.480826  0 
-0.362707 0.495481  0 
-0.407751 0.239276  0 
-0.409235 0.263494  0 
-0.399503 0.283358  0 
-0.400569 0.322349  0 
-0.381856 0.363521  0 
-0.391361 0.34279  0 
-0.406459 0.215938  0 
-0.407258 0.196283  0 
-0.382545 0.230035  0 
-0.264757 -0.266683  0 
-0.238304 -0.273691  0 
-0.303937 -0.316665  0 
-0.210378 -0.280459  0 
-0.180769 -0.277632  0 
-0.125213 -0.266042  0 
-0.00549837 -0.397207  0 
-0.015581 -0.441448  0 
-0.0779057 -0.327439  0 
-0.030489 -0.425849  0 
-0.050063 -0.382809  0 
-0.125231 -0.308622  0 
-0.0973596 -0.330689  0 
-0.498305 -0.247944  0 
-0.480012 -0.247206  0 
-0.494372 -0.262744  0 
-0.489058 -0.276558  0 
-0.44341 -0.314059  0 
-0.472064 -0.297225  0 
-0.47551 -0.289368  0 
-0.481496 -0.230576  0 
-0.456439 -0.221168  0 
-0.460647 -0.24573  0 
-0.427749 -0.326859  0 
-0.451371 -0.0461151  0 
-0.462734 -0.0324541  0 
-0.45409 -0.20349  0 
-0.483149 -0.133212  0 
-0.467546 -0.120135  0 
-0.472201 -0.171963  0 
-0.472866 -0.154888  0 
-0.453133 -0.190304  0 
-0.455169 -0.0646259  0 
-0.463422 -0.0856384  0 
-0.466638 -0.102475  0 
-0.332109 -0.344583  0 
-0.36721 -0.351883  0 
-0.373937 -0.359956  0 
-0.400002 -0.347159  0 
-0.381815 -0.358708  0 
-0.398244 -0.344241  0 
-0.342285 -0.365349  0 
-0.186319 0.226175  0 
-0.365444 0.461623  0 
-0.2437 0.24365  0 
-0.104876 0.145063  0 
0.0729404 0.111033  0 
0.215166 0.0942475  0 
0.12251 0.11567  0 
0.285679 0.0613258  0 
0.338299 0.0398076  0 
0.385388 0.0147401  0 
0.402906 0.00100259  0 
0.385664 -0.00920075  0 
-0.168629 0.179197  0 
-0.222599 0.210574  0 
-0.268674 0.242639  0 
-0.275272 0.285144  0 
0.314193 -0.00846295  0 
-0.27656 0.357663  0 
-0.27579 0.335596  0 
-0.272233 0.297338  0 
0.18093 -0.00284152  0 
0
-7.72697e-25  0 
0.0607919 0.0865331  0 
-0.0153486 0.120663  0 
-0.0676257 0.109163  0 
-0.317749 0.482522  0 
-0.299722 0.441727  0 
-0.277497 0.387059  0 
-0.00417643 -0.399955  0 
-0.000586945 -0.250436  0 
1.13257e-24 0
 0 
-0.331785 0.501952  0 
-0.342402 0.510566  0 
-0.35746 0.50425  0 
-0.444027 0.120334  0 
-0.415074 0.132362  0 
-0.408184 0.177193  0 
-0.411545 0.154408  0 
-0.420707 -0.0165985  0 
-0.413697 0.00135724  0 
-0.427803 0.0917485  0 
-0.426775 0.0692798  0 
-0.414868 0.0228079  0 
-0.434609 0.0505765  0 
-0.450236 0.0242849  0 
-0.372572 0.383623  0 
-0.366196 0.429122  0 
-0.352407 0.410502  0 
-0.357897 0.448214  0 
-0.34634 0.506649  0 
-0.348101 0.465475  0 
-0.347813 0.49335  0 
-0.372514 0.248872  0 
-0.379565 0.323788  0 
-0.374603 0.273108  0 
-0.377178 0.298228  0 
-0.35826 0.352196  0 
-0.382837 0.20813  0 
-0.387572 0.189597  0 
-0.359882 0.212432  0 
-0.35937 0.231183  0 
-0.264338 -0.308763  0 
-0.286798 -0.331124  0 
-0.23582 -0.307815  0 
-0.296413 -0.351904  0 
-0.207005 -0.323148  0 
-0.170207 -0.315766  0 
-0.14923 -0.330695  0 
-0.0131762 -0.457713  0 
-0.0288908 -0.449115  0 
-0.0712305 -0.36609  0 
-0.048089 -0.409482  0 
-0.121764 -0.34735  0 
-0.0941635 -0.362617  0 
-0.471649 -0.263757  0 
-0.468032 -0.279361  0 
-0.423388 -0.320818  0 
-0.445924 -0.305651  0 
-0.457226 -0.292375  0 
-0.44728 -0.236542  0 
-0.433119 -0.223192  0 
-0.43986 -0.261122  0 
-0.400454 -0.33605  0 
-0.425 -0.0552434  0 
-0.425691 -0.0350347  0 
-0.429605 -0.204044  0 
-0.415724 -0.188573  0 
-0.448833 -0.149017  0 
-0.447391 -0.131776  0 
-0.44386 -0.113025  0 
-0.447257 -0.163811  0 
-0.422138 -0.172958  0 
-0.425807 -0.0804496  0 
-0.441022 -0.0975724  0 
-0.310565 -0.37143  0 
-0.349185 -0.373997  0 
-0.35699 -0.373612  0 
-0.381151 -0.357106  0 
-0.356725 -0.372638  0 
-0.377139 -0.351592  0 
-0.320081 -0.384223  0 
-0.14316 0.136347  0 
0.240899 0.0627558  0 
0.125064 0.0720674  0 
0.179176 0.0753985  0 
0.304586 0.0388884  0 
0.358411 0.0170732  0 
0.391316 0.00129014  0 
0.409215 -0.0126946  0 
0.384237 -0.0152838  0 
-0.2034 0.14037  0 
-0.117995 0.0946524  0 
-0.27092 0.195684  0 
-0.248263 0.170993  0 
-0.279825 0.216618  0 
-0.278068 0.257117  0 
0.302632 -0.0112808  0 
-0.265947 0.33998  0 
-0.265469 0.289857  0 
0.180115 -0.0035007  0 
0
-7.72697e-25  0 
0.107354 0.0488309  0 
0.00546127 0.0755248  0 
-0.0481964 0.0618895  0 
-0.311629 0.494691  0 
-0.30235 0.472258  0 
-0.284749 0.435963  0 
-0.266852 0.390747  0 
-0.320408 0.51091  0 
-0.0106758 -0.475102  0 
-0.00207959 -0.408534  0 
0.000140919 -0.245921  0 
1.13257e-24 0
 0 
-0.329197 0.51854  0 
-0.335075 0.516182  0 
-0.39418 0.10096  0 
-0.404645 0.116404  0 
-0.387115 0.143944  0 
-0.38402 0.166219  0 
-0.398659 -0.0245898  0 
-0.392324 -0.00265596  0 
-0.392302 0.0141842  0 
-0.381126 0.0308775  0 
-0.397888 0.0803215  0 
-0.401666 0.0601266  0 
-0.408089 0.0413484  0 
-0.371685 0.0822158  0 
-0.349014 0.37183  0 
-0.341279 0.392871  0 
-0.336128 0.448701  0 
-0.332769 0.423757  0 
-0.32915 0.504579  0 
-0.32838 0.478429  0 
-0.349375 0.26247  0 
-0.3551 0.325897  0 
-0.351991 0.28714  0 
-0.33662 0.353565  0 
-0.367948 0.182847  0 
-0.344696 0.195853  0 
-0.337476 0.216589  0 
-0.336323 0.245066  0 
-0.259026 -0.339785  0 
-0.269345 -0.361954  0 
-0.230038 -0.347874  0 
-0.285964 -0.376513  0 
-0.193235 -0.349853  0 
-0.213732 -0.372639  0 
-0.171751 -0.361657  0 
-0.143433 -0.368587  0 
-0.0254042 -0.471384  0 
-0.0423066 -0.439918  0 
-0.0639064 -0.398752  0 
-0.115623 -0.378621  0 
-0.0886156 -0.396597  0 
-0.406058 -0.218221  0 
-0.400628 -0.323603  0 
-0.444216 -0.279744  0 
-0.43425 -0.294006  0 
-0.423661 -0.308141  0 
-0.410124 -0.244674  0 
-0.418648 -0.276661  0 
-0.41418 -0.263944  0 
-0.399208 -0.309861  0 
-0.378514 -0.33845  0 
-0.403604 -0.0671722  0 
-0.395861 -0.0458728  0 
-0.399227 -0.200378  0 
-0.398451 -0.177334  0 
-0.425049 -0.142927  0 
-0.421378 -0.12381  0 
-0.419002 -0.109722  0 
-0.402938 -0.154302  0 
-0.405747 -0.0913615  0 
-0.372526 -0.0912278  0 
-0.370881 -0.0729242  0 
-0.296778 -0.392057  0 
-0.329872 -0.386897  0 
-0.331814 -0.389344  0 
-0.360191 -0.365608  0 
-0.335475 -0.381677  0 
-0.326394 -0.390831  0 
-0.354041 -0.356216  0 
-0.303522 -0.401357  0 
0.0252117 0.0309736  0 
-0.315759 0.461287  0 
0.375522 -0.00568883  0 
0.258666 0.0379832  0 
0.201509 0.0409852  0 
0.320499 0.0164935  0 
0.403217 -0.0164795  0 
0.410801 -0.0228328  0 
0.375224 -0.0222075  0 
-0.238666 0.119056  0 
-0.187322 0.0876525  0 
-0.126968 0.0564704  0 
-0.28241 0.170427  0 
-0.268884 0.111548  0 
-0.270993 0.233616  0 
-0.281075 0.203  0 
0.287766 -0.0137331  0 
-0.252472 0.312996  0 
-0.249981 0.264515  0 
0.167929 -0.00327215  0 
0
-7.72697e-25  0 
0.158746 0.0166286  0 
0.0888986 0.0234722  0 
-0.0306396 0.014975  0 
-0.29713 0.507434  0 
-0.28452 0.4706  0 
-0.259943 0.413189  0 
-0.243932 0.347388  0 
-0.292299 0.522494  0 
-0.305522 0.52784  0 
-0.0217085 -0.492273  0 
-0.00748244 -0.487569  0 
-0.000140104 -0.414912  0 
0.00118065 -0.246218  0 
1.13257e-24 0
 0 
-0.315929 0.524467  0 
-0.309439 0.514702  0 
-0.368498 0.101568  0 
-0.380666 0.118455  0 
-0.362392 0.139116  0 
-0.36028 0.155507  0 
-0.367403 -0.0363812  0 
-0.369477 -0.0215805  0 
-0.371503 -0.00681975  0 
-0.356911 0.0215184  0 
-0.363841 0.0455496  0 
-0.374751 0.0632935  0 
-0.346601 0.0815096  0 
-0.320884 0.406626  0 
-0.315756 0.367639  0 
-0.302885 0.444871  0 
-0.31107 0.425327  0 
-0.308212 0.490618  0 
-0.332804 0.327078  0 
-0.326305 0.276207  0 
-0.329355 0.301274  0 
-0.31113 0.340979  0 
-0.337612 0.178966  0 
-0.315989 0.20255  0 
-0.313573 0.259069  0 
-0.313266 0.230635  0 
-0.258137 -0.387377  0 
-0.24155 -0.371847  0 
-0.266801 -0.409644  0 
-0.211826 -0.39991  0 
-0.191001 -0.39136  0 
-0.156475 -0.392837  0 
-0.129631 -0.399753  0 
-0.0406592 -0.46247  0 
-0.0596652 -0.428877  0 
-0.0774479 -0.425968  0 
-0.103188 -0.410033  0 
-0.38282 -0.212346  0 
-0.382676 -0.238833  0 
-0.376094 -0.324269  0 
-0.409413 -0.293647  0 
-0.391492 -0.258155  0 
-0.392372 -0.276727  0 
-0.376387 -0.305143  0 
-0.352917 -0.340428  0 
-0.369131 -0.0545927  0 
-0.344515 -0.03602  0 
-0.381201 -0.165889  0 
-0.372858 -0.191714  0 
-0.398837 -0.135024  0 
-0.397384 -0.11666  0 
-0.376638 -0.146612  0 
-0.374059 -0.109547  0 
-0.348988 -0.091097  0 
-0.340048 -0.0727572  0 
-0.276978 -0.414978  0 
-0.306206 -0.404541  0 
-0.301601 -0.406569  0 
-0.30476 -0.399714  0 
-0.335251 -0.370425  0 
-0.320362 -0.385553  0 
-0.332034 -0.355351  0 
-0.275701 -0.421442  0 
-0.103191 0.0156811  0 
0.0683193 -0.00331224  0 
0.0473855 -0.0307166  0 
-0.294494 0.463798  0 
-0.279222 0.433495  0 
-0.208123 0.0554885  0 
0.377169 -0.0208461  0 
0.221599 0.00661504  0 
0.338009 -0.01007  0 
0.274236 0.0131044  0 
0.406265 -0.0332689  0 
0.405486 -0.0327523  0 
0.37287 -0.0289158  0 
-0.262757 0.0567853  0 
-0.149768 0.0249924  0 
-0.288332 0.135303  0 
-0.287083 0.0814983  0 
-0.256136 0.203042  0 
-0.276642 0.139004  0 
0.284054 -0.017537  0 
-0.232138 0.292202  0 
-0.226697 0.236904  0 
0.153891 -0.00403156  0 
0
-7.72697e-25  0 
0.205664 -0.0163318  0 
0.144816 -0.0275482  0 
-0.0803284 -0.0217832  0 
-0.0107486 -0.0481732  0 
-0.221128 0.331389  0 
-0.279002 0.499857  0 
-0.263569 0.465257  0 
-0.244102 0.419276  0 
-0.274053 0.519042  0 
-0.283626 0.532835  0 
-0.287175 0.532795  0 
-0.03249 -0.488748  0 
-0.0151029 -0.510728  0 
-0.00319171 -0.494682  0 
0.00165958 -0.410512  0 
0.00140442 -0.251259  0 
1.13257e-24 0
 0 
-0.288874 0.519385  0 
-0.286822 0.501822  0 
-0.336297 0.0993288  0 
-0.339709 0.123265  0 
-0.337149 0.144887  0 
-0.321558 0.160006  0 
-0.349104 -0.0230432  0 
-0.346019 0.0057317  0 
-0.336733 -0.00743495  0 
-0.315282 0.101316  0 
-0.321437 0.0181998  0 
-0.330419 0.0316026  0 
-0.322219 0.0795443  0 
-0.326942 0.0515384  0 
-0.336617 0.0664479  0 
-0.295203 0.39348  0 
-0.289757 0.354601  0 
-0.284997 0.412059  0 
-0.273257 0.476085  0 
-0.291517 0.264571  0 
-0.295587 0.309692  0 
-0.291731 0.284541  0 
-0.274247 0.323269  0 
-0.306665 0.175273  0 
-0.292169 0.190617  0 
-0.290886 0.216825  0 
-0.291444 0.244884  0 
-0.235885 -0.414225  0 
-0.244882 -0.42786  0 
-0.208556 -0.424321  0 
-0.172131 -0.418872  0 
-0.146664 -0.41988  0 
-0.120246 -0.426592  0 
-0.0565907 -0.45301  0 
-0.0945439 -0.435071  0 
-0.359968 -0.206217  0 
-0.357333 -0.227545  0 
-0.358917 -0.248517  0 
-0.350609 -0.323442  0 
-0.369418 -0.290548  0 
-0.363738 -0.26939  0 
-0.346709 -0.304697  0 
-0.330857 -0.337608  0 
-0.331051 -0.0543267  0 
-0.322341 -0.0359047  0 
-0.354903 -0.158434  0 
-0.344001 -0.174334  0 
-0.337675 -0.190988  0 
-0.36729 -0.128039  0 
-0.347866 -0.141598  0 
-0.351739 -0.115354  0 
-0.318608 -0.0796426  0 
-0.330314 -0.104421  0 
-0.311541 -0.0641587  0 
-0.24996 -0.435443  0 
-0.276661 -0.422321  0 
-0.280024 -0.41641  0 
-0.283629 -0.40473  0 
-0.292861 -0.389173  0 
-0.316484 -0.372195  0 
-0.308025 -0.354674  0 
-0.256128 -0.434813  0 
0.0617026 -0.0697071  0 
0.121668 -0.0533768  0 
-0.268388 0.451054  0 
-0.252743 0.419863  0 
-0.196539 0.00296749  0 
0.377467 -0.0369101  0 
0.292668 -0.0173473  0 
0.278295 -0.0369236  0 
0.405417 -0.0442556  0 
0.395305 -0.0414673  0 
0.349222 -0.0319253  0 
-0.277929 0.00473345  0 
-0.237513 -0.0232409  0 
-0.132968 -0.0421812  0 
-0.28817 0.101951  0 
-0.2923 0.0344517  0 
-0.231317 0.171837  0 
-0.253862 0.106164  0 
0.263212 -0.0174578  0 
-0.202165 0.252531  0 
-0.195443 0.193383  0 
0.142948 -0.00365861  0 
0
-7.72697e-25  0 
0.223002 -0.0659717  0 
-0.0675957 -0.0673531  0 
0.0306569 -0.094398  0 
-0.190235 0.327234  0 
-0.21859 0.408093  0 
-0.255461 0.497713  0 
-0.239176 0.459682  0 
-0.249234 0.525107  0 
-0.266446 0.532617  0 
-0.264536 0.539711  0 
-0.266114 0.528697  0 
-0.0462869 -0.480708  0 
-0.0262078 -0.508536  0 
-0.00982689 -0.525501  0 
0.000649038 -0.503399  0 
0.0045223 -0.411548  0 
0.00152129 -0.242483  0 
1.13257e-24 0
 0 
-0.264149 0.493723  0 
-0.254791 0.510067  0 
-0.302284 0.154871  0 
-0.316399 0.116638  0 
-0.314074 0.134279  0 
-0.295002 0.103208  0 
-0.313562 -0.0173588  0 
-0.310741 0.00217225  0 
-0.293068 0.08036  0 
-0.298509 0.0178363  0 
-0.304427 0.0418547  0 
-0.301266 0.0619557  0 
-0.263728 0.341893  0 
-0.268113 0.368447  0 
-0.247463 0.39294  0 
-0.246891 0.473401  0 
-0.269821 0.252927  0 
-0.261602 0.270941  0 
-0.248779 0.31133  0 
-0.270295 0.297889  0 
-0.275053 0.176043  0 
-0.269321 0.203678  0 
-0.269991 0.231414  0 
-0.217925 -0.439818  0 
-0.227428 -0.445282  0 
-0.184524 -0.440079  0 
-0.19603 -0.451679  0 
-0.15974 -0.442606  0 
-0.132478 -0.452592  0 
-0.10425 -0.451946  0 
-0.0802538 -0.461478  0 
-0.332306 -0.215831  0 
-0.316211 -0.20427  0 
-0.335786 -0.264287  0 
-0.331824 -0.237316  0 
-0.323858 -0.321276  0 
-0.32813 -0.285006  0 
-0.320024 -0.305671  0 
-0.301137 -0.338315  0 
-0.304571 -0.0488533  0 
-0.296252 -0.0303315  0 
-0.325598 -0.150761  0 
-0.310921 -0.177033  0 
-0.320171 -0.136673  0 
-0.329754 -0.121281  0 
-0.307673 -0.108641  0 
-0.297891 -0.0868596  0 
-0.287043 -0.0620307  0 
-0.226379 -0.45285  0 
-0.255458 -0.432861  0 
-0.259323 -0.422123  0 
-0.26185 -0.405854  0 
-0.276163 -0.387313  0 
-0.292977 -0.37172  0 
-0.278891 -0.36032  0 
-0.235734 -0.446607  0 
0.0959083 -0.0927905  0 
0.159937 -0.0786313  0 
-0.241432 0.437668  0 
-0.233703 0.405406  0 
-0.184838 -0.0488172  0 
0.374422 -0.0534269  0 
0.333225 -0.0445513  0 
0.289447 -0.0650003  0 
0.398222 -0.0573988  0 
0.38287 -0.0513038  0 
0.333625 -0.034475  0 
-0.291893 -0.0247219  0 
-0.279248 -0.0446583  0 
-0.230313 -0.0743847  0 
-0.0991603 -0.0944588  0 
-0.271048 0.0677882  0 
-0.276455 0.00503667  0 
-0.197358 0.14073  0 
-0.216159 0.0871795  0 
0.247129 -0.0179934  0 
-0.170899 0.258467  0 
-0.161075 0.167853  0 
0.128447 -0.00389832  0 
0
-7.72697e-25  0 
0.214635 -0.0895351  0 
0.265979 -0.0976104  0 
0.0826488 -0.119861  0 
0.0247397 -0.123415  0 
-0.0299196 -0.127339  0 
-0.161473 0.310346  0 
-0.191208 0.39613  0 
-0.209913 0.4631  0 
-0.230439 0.513353  0 
-0.234963 0.539277  0 
-0.239794 0.544695  0 
-0.241314 0.540909  0 
-0.240702 0.523078  0 
-0.05924 -0.482291  0 
-0.0384894 -0.50218  0 
-0.0189552 -0.527872  0 
-0.00312757 -0.537284  0 
0.0048766 -0.502612  0 
0.00617356 -0.411131  0 
0.00235125 -0.236989  0 
1.13257e-24 0
 0 
-0.23779 0.491149  0 
-0.228249 0.507982  0 
-0.283343 0.149762  0 
-0.292031 0.124083  0 
-0.270845 0.11396  0 
-0.273065 0.0957349  0 
-0.288379 -0.00790199  0 
-0.280785 0.00981591  0 
-0.272311 0.0703277  0 
-0.275429 0.0286072  0 
-0.274631 0.0436959  0 
-0.223461 0.476519  0 
-0.240047 0.330967  0 
-0.231451 0.350584  0 
-0.21504 0.39118  0 
-0.220395 0.368787  0 
-0.208717 0.44641  0 
-0.246905 0.255809  0 
-0.22694 0.314219  0 
-0.237784 0.274507  0 
-0.231318 0.294456  0 
-0.248867 0.170583  0 
-0.262943 0.155016  0 
-0.248154 0.190877  0 
-0.245956 0.220307  0 
-0.201918 -0.461505  0 
-0.201063 -0.466523  0 
-0.165211 -0.458835  0 
-0.176216 -0.472824  0 
-0.144096 -0.467978  0 
-0.115883 -0.471118  0 
-0.0918648 -0.476947  0 
-0.0715099 -0.486741  0 
-0.290382 -0.197132  0 
-0.305332 -0.225677  0 
-0.30948 -0.264945  0 
-0.307541 -0.245352  0 
-0.296869 -0.318004  0 
-0.290417 -0.275593  0 
-0.297597 -0.292198  0 
-0.274608 -0.335603  0 
-0.287221 -0.168368  0 
-0.279154 -0.0435198  0 
-0.271477 -0.0217085  0 
-0.299799 -0.14993  0 
-0.293612 -0.131945  0 
-0.277669 -0.0943429  0 
-0.285606 -0.113155  0 
-0.26992 -0.0755784  0 
-0.262206 -0.0569345  0 
-0.257695 -0.349077  0 
-0.210446 -0.462263  0 
-0.233667 -0.440643  0 
-0.237754 -0.425695  0 
-0.23872 -0.408731  0 
-0.252234 -0.369654  0 
-0.258969 -0.38463  0 
-0.219036 -0.453813  0 
0.16862 -0.106918  0 
-0.222065 0.423475  0 
-0.155823 -0.116976  0 
0.369842 -0.0710328  0 
0.341493 -0.084963  0 
0.387272 -0.0670672  0 
0.36848 -0.0541734  0 
0.308375 -0.0344975  0 
-0.275878 -0.045387  0 
-0.287872 -0.0716988  0 
-0.26598 -0.103153  0 
-0.221395 -0.138244  0 
-0.0909387 -0.146551  0 
-0.235808 0.0254787  0 
-0.238552 -0.0100173  0 
-0.159046 0.124846  0 
-0.1709 0.0597898  0 
0.223997 -0.0170209  0 
-0.139171 0.237348  0 
-0.128884 0.159776  0 
0.121406 -0.00362926  0 
0
-7.72697e-25  0 
0.321075 -0.100539  0 
0.235449 -0.114693  0 
0.293642 -0.113549  0 
0.136195 -0.127352  0 
0.0668011 -0.14338  0 
-0.0238046 -0.159451  0 
-0.131722 0.291836  0 
-0.154975 0.364596  0 
-0.18371 0.444  0 
-0.202006 0.508651  0 
-0.208228 0.54066  0 
-0.220551 0.546969  0 
-0.215552 0.548658  0 
-0.216159 0.533673  0 
-0.204366 0.512322  0 
-0.0468817 -0.502513  0 
-0.0268477 -0.524166  0 
-0.00963791 -0.544987  0 
0.00305479 -0.546809  0 
0.00934508 -0.511021  0 
0.00802035 -0.39941  0 
0.00247039 -0.230425  0 
1.13257e-24 0
 0 
-0.200359 0.489119  0 
-0.250036 0.133736  0 
-0.249675 0.103756  0 
-0.252365 0.0828906  0 
-0.263517 0.00168673  0 
-0.254379 0.0185031  0 
-0.252088 0.0567342  0 
-0.253181 0.0393754  0 
-0.186195 0.459798  0 
-0.20575 0.327945  0 
-0.203085 0.409458  0 
-0.188864 0.378267  0 
-0.184897 0.351879  0 
-0.180908 0.423474  0 
-0.224813 0.258916  0 
-0.225452 0.240823  0 
-0.204541 0.298149  0 
-0.214511 0.278407  0 
-0.227582 0.1785  0 
-0.230032 0.153729  0 
-0.22446 0.2084  0 
-0.210414 0.141995  0 
-0.176106 -0.479583  0 
-0.185434 -0.476989  0 
-0.147441 -0.480906  0 
-0.152242 -0.49077  0 
-0.123693 -0.487667  0 
-0.10227 -0.490216  0 
-0.0806772 -0.499681  0 
-0.0586042 -0.506994  0 
-0.26268 -0.189918  0 
-0.268975 -0.211144  0 
-0.279024 -0.23602  0 
-0.281912 -0.25999  0 
-0.270145 -0.31402  0 
-0.27151 -0.286464  0 
-0.25432 -0.326725  0 
-0.264358 -0.159865  0 
-0.254685 -0.035668  0 
-0.247296 -0.012962  0 
-0.270656 -0.135961  0 
-0.264622 -0.120739  0 
-0.256593 -0.100384  0 
-0.245126 -0.0707474  0 
-0.238 -0.0498575  0 
-0.254149 -0.144162  0 
-0.226447 -0.350841  0 
-0.191588 -0.470847  0 
-0.211163 -0.446464  0 
-0.215641 -0.424333  0 
-0.215226 -0.408391  0 
-0.221528 -0.38018  0 
-0.201787 -0.459387  0 
-0.167573 -0.156849  0 
0.289506 -0.0341838  0 
0.371894 -0.0726415  0 
0.362328 -0.0866802  0 
0.344635 -0.0545398  0 
-0.240846 -0.0661384  0 
-0.273664 -0.0975182  0 
-0.277799 -0.138057  0 
-0.257809 -0.163711  0 
-0.214982 -0.182989  0 
-0.0668873 -0.182325  0 
-0.133412 -0.208237  0 
-0.173621 0.016468  0 
-0.181017 -0.0316814  0 
-0.117144 0.0894551  0 
-0.123803 0.046957  0 
0.217244 -0.0176739  0 
-0.111382 0.206463  0 
-0.0936394 0.138086  0 
0.10831 -0.0030127  0 
0
-7.72697e-25  0 
0.341734 -0.0943011  0 
0.261241 -0.125873  0 
0.20595 -0.13823  0 
0.302964 -0.111875  0 
0.136473 -0.147531  0 
0.0433393 -0.165016  0 
-0.00141189 -0.184082  0 
-0.106537 0.286971  0 
-0.125384 0.348461  0 
-0.15304 0.431827  0 
-0.168221 0.493028  0 
-0.179767 0.540574  0 
-0.193176 0.550864  0 
-0.19072 0.554121  0 
-0.190561 0.543466  0 
-0.17972 0.524293  0 
-0.167337 0.498889  0 
-0.0358995 -0.521817  0 
-0.0178019 -0.540374  0 
-0.00218882 -0.556975  0 
0.00965208 -0.556488  0 
0.0136699 -0.510151  0 
0.0109375 -0.39168  0 
0.00316058 -0.217008  0 
1.13257e-24 0
 0 
-0.172453 0.476969  0 
-0.229823 0.122827  0 
-0.228869 0.093511  0 
-0.230026 0.0699186  0 
-0.239532 0.0112587  0 
-0.237216 0.0315175  0 
-0.231093 0.0504325  0 
-0.159029 0.446805  0 
-0.182609 0.314955  0 
-0.176479 0.396443  0 
-0.163094 0.342961  0 
-0.163333 0.366024  0 
-0.154388 0.410608  0 
-0.198273 0.257109  0 
-0.203424 0.228512  0 
-0.18557 0.281843  0 
-0.198668 0.126415  0 
-0.20925 0.194132  0 
-0.2076 0.166474  0 
-0.197243 0.212595  0 
-0.187739 0.154571  0 
-0.157356 -0.492742  0 
-0.165706 -0.487262  0 
-0.131142 -0.496825  0 
-0.134252 -0.504316  0 
-0.106396 -0.506485  0 
-0.0429629 -0.524736  0 
-0.0842594 -0.511477  0 
-0.0630408 -0.516522  0 
-0.234329 -0.176063  0 
-0.253363 -0.246756  0 
-0.240004 -0.196988  0 
-0.248012 -0.22562  0 
-0.245858 -0.26638  0 
-0.243371 -0.30943  0 
-0.238117 -0.286335  0 
-0.221802 -0.327797  0 
-0.229867 -0.160434  0 
-0.210282 -0.176105  0 
-0.231077 -0.0277686  0 
-0.223916 -0.0045778  0 
-0.244133 -0.128552  0 
-0.235929 -0.106675  0 
-0.227906 -0.0849545  0 
-0.221319 -0.064306  0 
-0.214839 -0.0428088  0 
-0.220288 -0.143035  0 
-0.185357 -0.181217  0 
-0.201377 -0.355651  0 
-0.171667 -0.4764  0 
-0.184646 -0.379673  0 
-0.192521 -0.446791  0 
-0.192656 -0.42305  0 
-0.191786 -0.406669  0 
-0.171607 -0.463256  0 
-0.179397 -0.19749  0 
0.192963 -0.145946  0 
0.325506 -0.0544792  0 
0.271074 -0.0341771  0 
0.352488 -0.0751014  0 
-0.172602 -0.0583499  0 
-0.226804 -0.102197  0 
-0.255224 -0.145548  0 
-0.194931 -0.238356  0 
-0.265061 -0.180441  0 
-0.245518 -0.213016  0 
-0.0898701 -0.21003  0 
-0.142975 -0.241677  0 
-0.128636 -0.00193975  0 
-0.120566 -0.0301381  0 
-0.0791239 0.0711842  0 
-0.0757115 0.020241  0 
0.195397 -0.0151504  0 
-0.0814179 0.186194  0 
-0.0632728 0.118584  0 
0.0999521 -0.00241652  0 
-0.163515 0.298391  0 
0
-7.72697e-25  0 
0.322457 -0.093634  0 
0.287498 -0.111667  0 
0.250921 -0.128372  0 
0.13335 -0.158892  0 
0.0580575 -0.182462  0 
-0.00901212 -0.201367  0 
-0.0752393 0.240441  0 
-0.100563 0.34382  0 
-0.119645 0.425676  0 
-0.141956 0.476245  0 
-0.150614 0.538189  0 
-0.158039 0.555979  0 
-0.163231 0.560508  0 
-0.1642 0.552907  0 
-0.154455 0.536038  0 
-0.151631 0.514832  0 
-0.148286 0.490668  0 
-0.0247571 -0.537144  0 
-0.00692153 -0.555745  0 
0.00719983 -0.568012  0 
0.0163536 -0.55783  0 
0.0176143 -0.499676  0 
0.0120449 -0.380907  0 
0.00266825 -0.207373  0 
1.13257e-24 0
 0 
-0.135806 0.461061  0 
-0.213657 0.109919  0 
-0.208464 0.0832081  0 
-0.20943 0.0615584  0 
-0.21616 0.0208687  0 
-0.210327 0.0398952  0 
-0.123228 0.421682  0 
-0.146833 0.316024  0 
-0.141614 0.380162  0 
-0.13824 0.347373  0 
-0.119729 0.385743  0 
-0.179984 0.114095  0 
-0.185443 0.231248  0 
-0.182692 0.248707  0 
-0.162169 0.268851  0 
-0.167877 0.142583  0 
-0.18331 0.185939  0 
-0.177876 0.206318  0 
-0.162885 0.174924  0 
-0.142417 -0.501093  0 
-0.147654 -0.492408  0 
-0.111857 -0.513271  0 
-0.117854 -0.51497  0 
-0.0303933 -0.538247  0 
-0.0927965 -0.517974  0 
-0.0495235 -0.530218  0 
-0.0713649 -0.523148  0 
-0.215932 -0.197211  0 
-0.192568 -0.197571  0 
-0.227134 -0.240563  0 
-0.221568 -0.218683  0 
-0.220068 -0.266875  0 
-0.213556 -0.290227  0 
-0.217811 -0.309019  0 
-0.19579 -0.323187  0 
-0.204619 -0.155177  0 
-0.205142 -0.0103795  0 
-0.209971 -0.0266207  0 
-0.21747 -0.118426  0 
-0.210713 -0.09946  0 
-0.204621 -0.078993  0 
-0.203445 -0.0596675  0 
-0.192485 -0.0368027  0 
-0.199084 -0.13467  0 
-0.168141 -0.190966  0 
-0.178156 -0.164998  0 
-0.176045 -0.352911  0 
-0.151115 -0.479518  0 
-0.159726 -0.371685  0 
-0.167879 -0.404008  0 
-0.170267 -0.447663  0 
-0.169665 -0.427076  0 
-0.150032 -0.46444  0 
0.182367 -0.145729  0 
0.312739 -0.0571089  0 
0.243985 -0.0288143  0 
0.313636 -0.0728066  0 
-0.206933 -0.273568  0 
-0.108946 -0.0538443  0 
-0.148351 -0.0824502  0 
-0.200325 -0.127488  0 
-0.233813 -0.179473  0 
-0.229562 -0.258801  0 
-0.241797 -0.223637  0 
-0.0839439 -0.234903  0 
-0.153012 -0.26966  0 
-0.0763038 -0.00693854  0 
-0.0638775 -0.0256305  0 
-0.0475122 0.056407  0 
-0.0402158 0.0138745  0 
0.175396 -0.0119797  0 
-0.0516888 0.153645  0 
-0.0358617 0.0920178  0 
0.0931551 -0.00223291  0 
-0.144262 0.280632  0 
0
-7.72697e-25  0 
0.299268 -0.0924573  0 
0.258357 -0.11614  0 
0.124384 -0.164109  0 
0.0448651 -0.18664  0 
-0.0187953 -0.21525  0 
-0.0486478 0.223623  0 
-0.0719018 0.319941  0 
-0.0885687 0.383534  0 
-0.110708 0.46403  0 
-0.125592 0.526926  0 
-0.129084 0.557146  0 
-0.135078 0.566141  0 
-0.129696 0.561983  0 
-0.128533 0.549781  0 
-0.126541 0.534019  0 
-0.123885 0.50443  0 
-0.11389 0.484968  0 
-0.0126328 -0.551224  0 
0.00285098 -0.565998  0 
0.0158427 -0.575344  0 
0.0234295 -0.55723  0 
0.022181 -0.49308  0 
0.0148693 -0.366201  0 
0.00293212 -0.20033  0 
1.13257e-24 0
 0 
-0.104119 0.464754  0 
-0.108706 0.440225  0 
-0.184108 0.0933448  0 
-0.188114 0.0727436  0 
-0.185562 0.00959498  0 
-0.190256 0.0516608  0 
-0.192595 0.0307569  0 
-0.0975333 0.401342  0 
-0.120997 0.324398  0 
-0.127892 0.298012  0 
-0.0969051 0.370651  0 
-0.11352 0.352089  0 
-0.151474 0.106262  0 
-0.148134 0.130624  0 
-0.158561 0.211788  0 
-0.155412 0.231846  0 
-0.14167 0.255253  0 
-0.151527 0.159366  0 
-0.138186 0.183481  0 
-0.151111 0.19605  0 
-0.12548 -0.507367  0 
-0.128457 -0.496005  0 
-0.0964503 -0.525019  0 
-0.104131 -0.52068  0 
-0.0188594 -0.549793  0 
-0.0392211 -0.541962  0 
-0.0781866 -0.531062  0 
-0.0600082 -0.53602  0 
-0.196939 -0.218014  0 
-0.172493 -0.213706  0 
-0.203373 -0.244678  0 
-0.194926 -0.267523  0 
-0.188004 -0.285752  0 
-0.191954 -0.304434  0 
-0.170456 -0.318382  0 
-0.169144 -0.143613  0 
-0.1606 -0.15922  0 
-0.178242 -0.0115263  0 
-0.170719 -0.0327221  0 
-0.193499 -0.114225  0 
-0.187912 -0.0939083  0 
-0.182277 -0.0735862  0 
-0.176543 -0.0532204  0 
-0.172794 -0.121735  0 
-0.14749 -0.198646  0 
-0.151985 -0.175096  0 
-0.134845 -0.368828  0 
-0.149498 -0.338354  0 
-0.130155 -0.480838  0 
-0.143425 -0.39063  0 
-0.14583 -0.416276  0 
-0.147681 -0.440575  0 
-0.127994 -0.464388  0 
-0.101616 0.494824  0 
0.194189 -0.128153  0 
0.285185 -0.0495534  0 
0.227502 -0.0248005  0 
0.291757 -0.0684588  0 
-0.0793981 -0.0551936  0 
-0.196854 -0.301194  0 
-0.209932 -0.273298  0 
-0.0482169 -0.0309053  0 
-0.121702 -0.0930114  0 
-0.161178 -0.141141  0 
-0.187242 -0.188924  0 
-0.20975 -0.241013  0 
-0.102363 -0.266721  0 
-0.170429 -0.308444  0 
-0.036573 -0.00604152  0 
-0.0260357 -0.0154409  0 
-0.02459 0.0441626  0 
-0.0167599 0.00976208  0 
0.163609 -0.00910826  0 
-0.0319318 0.146861  0 
-0.0183423 0.0739846  0 
0.091225 -0.00178389  0 
-0.118118 0.274536  0 
0
-7.72697e-25  0 
0.273915 -0.0876467  0 
0.235846 -0.104756  0 
0.1137 -0.146651  0 
0.0345578 -0.180987  0 
-0.057835 -0.238784  0 
-0.027902 0.193963  0 
-0.0457917 0.290016  0 
-0.0608167 0.361394  0 
-0.0814002 0.465425  0 
-0.0910095 0.522926  0 
-0.0997052 0.553857  0 
-0.103805 0.567952  0 
-0.109262 0.570098  0 
-0.101496 0.562396  0 
-0.100961 0.541159  0 
-0.0911808 0.516183  0 
-0.0885873 0.483092  0 
-0.00156862 -0.560881  0 
0.013453 -0.574865  0 
0.0260694 -0.580498  0 
0.0313647 -0.568387  0 
0.0310161 -0.519881  0 
0.0290449 -0.464458  0 
0.0104621 -0.255869  0 
1.13257e-24 0
 0 
-0.0106588 -0.556522  0 
-0.0779211 0.452827  0 
-0.0749733 0.425398  0 
-0.165262 0.0808636  0 
-0.167315 0.0617993  0 
-0.169064 0.0195233  0 
-0.169413 0.0406579  0 
-0.142528 0.0889921  0 
-0.0741851 0.386183  0 
-0.0629293 0.404585  0 
-0.0951545 0.33312  0 
-0.0981782 0.295969  0 
-0.0788045 0.350973  0 
-0.128216 0.118497  0 
-0.132378 0.147801  0 
-0.139467 0.217421  0 
-0.127842 0.238863  0 
-0.125304 0.170973  0 
-0.128213 0.20344  0 
-0.103342 -0.51391  0 
-0.109842 -0.494096  0 
-0.0835455 -0.53182  0 
-0.0825699 -0.528315  0 
-0.0233002 -0.55229  0 
-0.0469946 -0.545403  0 
-0.0623952 -0.540513  0 
-0.151219 -0.222286  0 
-0.177959 -0.239471  0 
-0.16084 -0.269447  0 
-0.154426 -0.303944  0 
-0.152261 -0.129428  0 
-0.13974 -0.152902  0 
-0.153531 -0.0401381  0 
-0.149047 0.00515676  0 
-0.150052 -0.0173708  0 
-0.165312 -0.102896  0 
-0.161523 -0.0820274  0 
-0.151459 -0.0622143  0 
-0.142839 -0.112078  0 
-0.129065 -0.229465  0 
-0.124011 -0.200458  0 
-0.125504 -0.176433  0 
-0.1196 -0.384701  0 
-0.125898 -0.346542  0 
-0.134189 -0.323349  0 
-0.107903 -0.480127  0 
-0.122352 -0.411443  0 
-0.125006 -0.44595  0 
-0.105433 -0.462676  0 
0.166995 -0.110802  0 
0.25757 -0.040494  0 
0.21156 -0.0201859  0 
0.264177 -0.0540939  0 
-0.0524773 -0.0485673  0 
-0.0296616 -0.0257107  0 
-0.164261 -0.254641  0 
-0.171075 -0.290859  0 
-0.157223 -0.21763  0 
-0.0151112 -0.0130375  0 
-0.0760423 -0.0787004  0 
-0.105631 -0.118439  0 
-0.135669 -0.170352  0 
-0.131162 -0.298096  0 
-0.164844 -0.309719  0 
-0.0115929 -0.00256247  0 
-0.00669824 -0.00648141  0 
-0.0107514 0.0358146  0 
-0.00527654 0.00684952  0 
0.15968 -0.00684229  0 
-0.0164915 0.116635  0 
-0.00793572 0.0595795  0 
0.0855025 -0.00017993  0 
-0.107115 0.238704  0 
-0.104069 0.25899  0 
0
-7.72697e-25  0 
0.246812 -0.0689326  0 
0.196053 -0.0756926  0 
0.137759 -0.101918  0 
0.0803863 -0.138626  0 
-0.00940411 -0.195806  0 
-0.0942856 -0.269293  0 
-0.0116439 0.16056  0 
-0.0223621 0.243751  0 
-0.0377718 0.343172  0 
-0.0529693 0.423896  0 
-0.0622134 0.509577  0 
-0.0752378 0.544165  0 
-0.076549 0.571005  0 
-0.081536 0.576391  0 
-0.0755969 0.568947  0 
-0.0748426 0.553628  0 
-0.0661651 0.53082  0 
-0.0642546 0.498893  0 
-0.0620076 0.471567  0 
-0.0144601 -0.557643  0 
0.00530781 -0.564992  0 
0.0195291 -0.576856  0 
0.0367464 -0.587934  0 
0.0410076 -0.550898  0 
0.0313915 -0.443015  0 
0.0076192 -0.238  0 
1.13257e-24 0
 0 
0.00143432 -0.562358  0 
-0.0596736 0.44414  0 
-0.0516009 0.423177  0 
-0.144534 0.069749  0 
-0.146454 0.050627  0 
-0.152691 0.0295691  0 
-0.128483 0.0173102  0 
-0.108283 0.0928736  0 
-0.123293 0.0759325  0 
-0.0961342 0.112717  0 
-0.04367 0.402654  0 
-0.0508845 0.375728  0 
-0.0781903 0.317868  0 
-0.0791285 0.289062  0 
-0.058164 0.339927  0 
-0.101695 0.141649  0 
-0.113531 0.156391  0 
-0.111004 0.217752  0 
-0.0918135 0.181331  0 
-0.101375 0.199485  0 
-0.0881013 -0.493443  0 
-0.0899899 -0.50683  0 
-0.06201 -0.541251  0 
-0.0631754 -0.531132  0 
-0.0296027 -0.553404  0 
-0.0457008 -0.54801  0 
-0.0135057 -0.557792  0 
-0.145975 -0.254389  0 
-0.137872 -0.276645  0 
-0.1302 -0.297766  0 
-0.122276 -0.247921  0 
-0.127332 -0.135128  0 
-0.117587 -0.161522  0 
-0.136375 -0.0476914  0 
-0.133901 -0.0261638  0 
-0.131268 -0.00447185  0 
-0.140853 -0.0906005  0 
-0.130047 -0.0666927  0 
-0.121238 -0.113856  0 
-0.10096 -0.202321  0 
-0.104579 -0.224354  0 
-0.0962438 -0.183277  0 
-0.091496 -0.164444  0 
-0.0957363 -0.378288  0 
-0.0987623 -0.405743  0 
-0.101478 -0.34309  0 
-0.110263 -0.317397  0 
-0.0894941 -0.428988  0 
-0.0855687 -0.478128  0 
-0.102042 -0.443392  0 
-0.0765602 -0.413804  0 
0.241391 -0.0436251  0 
0.23465 -0.0260362  0 
-0.0192174 -0.0276303  0 
-0.0806229 -0.144784  0 
-0.0105532 -0.0137339  0 
-0.00505672 -0.00626586  0 
-0.0913656 -0.171977  0 
-0.101992 -0.204447  0 
-0.0627038 -0.107259  0 
-0.00193747 -0.00267427  0 
-0.0319195 -0.0477641  0 
-0.0470006 -0.0762553  0 
-0.146504 -0.304974  0 
-0.111863 -0.233686  0 
-0.00235025 -0.00194335  0 
-0.000685405 -0.00192525  0 
-0.00296204 0.0206432  0 
-0.00111496 0.00282932  0 
0.148404 -0.00115132  0 
0.192916 -0.00603004  0 
-0.00523305 0.0886057  0 
-0.00155908 0.0391237  0 
0.0856304 0.000689928  0 
-0.0864338 0.238538  0 
-0.0742574 0.259195  0 
0
-7.72697e-25  0 
-0.130955 -0.296661  0 
0.22115 -0.0311375  0 
0.186731 -0.0439386  0 
0.130425 -0.0728171  0 
0.0262032 -0.142741  0 
-0.0719206 -0.237159  0 
-0.00127433 0.121144  0 
-0.00626916 0.213237  0 
-0.0155657 0.306013  0 
-0.0245877 0.399488  0 
-0.0345095 0.488466  0 
-0.0468926 0.534262  0 
-0.0498605 0.571649  0 
-0.0532893 0.5808  0 
-0.048548 0.577946  0 
-0.0425583 0.564791  0 
-0.0475592 0.546395  0 
-0.029119 0.458004  0 
-0.0394577 0.521518  0 
-0.0378454 0.48809  0 
-6.59703e-05 -0.56187  0 
0.016386 -0.569283  0 
0.0296 -0.579111  0 
0.042021 -0.586596  0 
0.0483999 -0.586481  0 
0.0489843 -0.54433  0 
0.0340832 -0.42226  0 
0.00797687 -0.21661  0 
1.13257e-24 0
 0 
0.0147491 -0.566073  0 
-0.0287691 0.425827  0 
-0.124474 0.057564  0 
-0.125507 0.0392276  0 
-0.109039 0.00444536  0 
-0.104046 0.0273729  0 
-0.0872986 0.0931363  0 
-0.0907783 0.0683138  0 
-0.080825 0.130157  0 
-0.0733824 0.111747  0 
-0.0143686 0.392124  0 
-0.0285392 0.36398  0 
-0.0602531 0.28234  0 
-0.0463227 0.305671  0 
-0.0323234 0.329594  0 
-0.0783174 0.157257  0 
-0.0734508 0.177196  0 
-0.0814767 0.216143  0 
-0.0716404 0.198261  0 
-0.0691397 -0.496298  0 
-0.0704632 -0.510411  0 
-0.0440241 -0.543362  0 
-0.0512299 -0.525944  0 
-0.027631 -0.552617  0 
-0.000848392 -0.558207  0 
-0.113489 -0.272032  0 
-0.0954782 -0.302727  0 
-0.0868604 -0.252375  0 
-0.104125 -0.132621  0 
-0.0863343 -0.147279  0 
-0.11853 -0.0408704  0 
-0.113868 -0.0182478  0 
-0.102285 -0.0499395  0 
-0.115027 -0.0925795  0 
-0.108748 -0.0713234  0 
-0.0964368 -0.11278  0 
-0.0890421 -0.00669586  0 
-0.0749195 -0.234768  0 
-0.0780765 -0.204177  0 
-0.0736652 -0.179476  0 
-0.0690243 -0.155104  0 
-0.0746765 -0.353675  0 
-0.0736846 -0.386586  0 
-0.07499 -0.323459  0 
-0.0629353 -0.474479  0 
-0.0687327 -0.452114  0 
-0.0550614 -0.421157  0 
0.224053 -0.0218158  0 
-1.20424e-24 5.47381e-25  0 
-1.20424e-24 5.47381e-25  0 
-1.20424e-24 5.47381e-25  0 
-1.20424e-24 5.47381e-25  0 
-1.20424e-24 5.47381e-25  0 
-1.20424e-24 5.47381e-25  0 
-1.20424e-24 5.47381e-25  0 
-1.20424e-24 5.47381e-25  0 
-1.20424e-24 5.47381e-25  0 
-1.20424e-24 5.47381e-25  0 
-1.20424e-24 5.47381e-25  0 
0.152732 -0.0276757  0 
-1.20424e-24 5.47381e-25  0 
-0.112968 -0.235047  0 
-0.000712313 -0.00199789  0 
-1.20424e-24 5.47381e-25  0 
-0.000795838 0.00906052  0 
-0.00084111 -0.00136112  0 
0.205688 -0.00256789  0 
0.146312 0.00280391  0 
0.184656 0.00418949  0 
0.00103962 0.0566168  0 
0.000339421 0.0200602  0 
0.0878173 0.00129959  0 
-0.0554738 0.239266  0 
-0.0441556 0.260731  0 
0
-7.72697e-25  0 
-0.10959 -0.236262  0 
-0.116734 -0.277662  0 
0.185527 0.00263556  0 
0.0583746 -0.0905622  0 
-0.0588892 -0.20972  0 
0.00537862 0.0843139  0 
0.00587014 0.167603  0 
0.00346464 0.263904  0 
-0.00473035 0.355183  0 
-0.00906122 0.459201  0 
-0.015982 0.521153  0 
-0.0221842 0.56476  0 
-0.0258247 0.582499  0 
-0.0211244 0.585446  0 
-0.0222991 0.576601  0 
-0.0218799 0.559663  0 
-0.0146764 0.536837  0 
-0.0058329 0.468134  0 
-0.00722951 0.502917  0 
0.0122547 -0.562526  0 
0.028943 -0.571787  0 
0.0416959 -0.579788  0 
0.0520532 -0.586474  0 
0.0613096 -0.584423  0 
0.0552104 -0.529217  0 
0.0353418 -0.393283  0 
0.00847713 -0.195878  0 
1.13257e-24 0
 0 
0.0245842 -0.565786  0 
-0.00020065 0.421137  0 
0.0123054 0.406898  0 
-0.0974557 0.0478069  0 
-0.082287 0.0151505  0 
-0.0697477 0.0549387  0 
-0.0664385 0.0800018  0 
-0.0584207 0.143944  0 
-0.0552758 0.121808  0 
-0.0522758 0.0930734  0 
-0.00850069 0.345115  0 
0.00512331 0.372301  0 
-0.0327812 0.282353  0 
-0.0148994 0.324564  0 
-0.021409 0.304284  0 
-0.0549655 0.172963  0 
-0.0514473 0.191941  0 
-0.0479612 0.211016  0 
-0.050369 -0.498426  0 
-0.0419569 -0.515742  0 
-0.0329085 -0.539715  0 
-0.014333 -0.537633  0 
-0.00607961 -0.550789  0 
0.0169951 -0.557687  0 
-0.0666283 -0.301577  0 
-0.0827475 -0.285228  0 
-0.0648581 -0.262825  0 
-0.058202 -0.245441  0 
-0.0811123 -0.130017  0 
-0.0826834 -0.0334875  0 
-0.0825754 -0.0576512  0 
-0.0717534 -0.111686  0 
-0.0822557 -0.0817772  0 
-0.0603224 0.00273547  0 
-0.062937 -0.0203463  0 
-0.0515017 -0.228262  0 
-0.0540721 -0.19811  0 
-0.0490563 -0.172827  0 
-0.0510556 -0.150529  0 
-0.0517561 -0.392817  0 
-0.049453 -0.341103  0 
-0.0483026 -0.364328  0 
-0.050526 -0.31827  0 
-0.0401818 -0.470157  0 
-0.0444669 -0.449605  0 
-0.0329048 -0.431633  0 
-0.02998 -0.403824  0 
0.115129 -0.0350667  0 
-1.20424e-24 5.47381e-25  0 
-1.20424e-24 5.47381e-25  0 
0.194729 0.0100596  0 
-1.20424e-24 5.47381e-25  0 
-0.000589136 0.000919254  0 
0.18177 0.016196  0 
0.145234 0.0100507  0 
0.00293265 0.0311834  0 
0.000497692 0.00512275  0 
0.100712 0.00405852  0 
-0.0289902 0.21966  0 
-0.0316886 0.238689  0 
-0.0146152 0.254089  0 
0.187043 0.022251  0 
0
-7.72697e-25  0 
-1.20424e-24 5.47381e-25  0 
-0.107353 -0.238841  0 
-0.103801 -0.254896  0 
0.169607 0.0218595  0 
0.0779629 -0.0537745  0 
-0.000147148 -0.134019  0 
0.00707966 0.0495562  0 
0.0123402 0.118897  0 
0.0144198 0.200678  0 
0.0147245 0.31984  0 
0.0107794 0.415639  0 
0.00847976 0.495902  0 
0.00485578 0.546628  0 
0.00506339 0.581556  0 
0.0045625 0.588674  0 
0.00995018 0.546981  0 
0.0087649 0.585389  0 
0.00411476 0.572107  0 
0.0143173 0.450966  0 
0.0107457 0.521499  0 
0.0174682 0.486037  0 
0.0323487 -0.563294  0 
0.0393737 -0.570633  0 
0.0536323 -0.577994  0 
0.0668794 -0.586163  0 
0.0710122 -0.576574  0 
0.0615884 -0.511008  0 
0.0374932 -0.364986  0 
0.00868866 -0.174055  0 
1.13257e-24 0
 0 
0.0458627 -0.567094  0 
0.0328487 0.429194  0 
0.0302079 0.397065  0 
-0.0437274 0.0149896  0 
-0.0640151 0.0349785  0 
-0.0358649 0.0715178  0 
-0.0451079 0.0561236  0 
-0.036098 0.1578  0 
-0.0371925 0.131983  0 
-0.038089 0.10621  0 
-0.0201769 0.176563  0 
0.0133033 0.331969  0 
0.0264718 0.359525  0 
-0.0104894 0.278505  0 
0.000109206 0.298722  0 
-0.028596 0.197226  0 
-0.0306298 -0.50356  0 
-0.0225659 -0.522443  0 
-0.0019975 -0.52879  0 
0.0155333 -0.542326  0 
0.0310275 -0.55256  0 
-0.0465236 -0.291902  0 
-0.0407258 -0.258188  0 
-0.0343157 -0.239693  0 
-0.0492423 -0.127115  0 
-0.0653636 -0.0432896  0 
-0.065652 -0.0702811  0 
-0.0523846 -0.10493  0 
-0.0436644 -0.0344529  0 
-0.0381018 -0.0100028  0 
-0.0278701 -0.22158  0 
-0.0294741 -0.191859  0 
-0.0262363 -0.14321  0 
-0.0279613 -0.167412  0 
-0.0267262 -0.37547  0 
-0.02833 -0.331869  0 
-0.0275711 -0.353498  0 
-0.0251795 -0.308867  0 
-0.00829468 -0.483696  0 
-0.0168975 -0.464688  0 
-0.00966878 -0.426673  0 
-0.00665065 -0.398263  0 
-1.20424e-24 5.47381e-25  0 
0.179994 0.0234235  0 
0.150734 0.0151642  0 
0.00268634 0.0113366  0 
-1.20424e-24 5.47381e-25  0 
0.11031 0.00642044  0 
-0.0100774 0.228329  0 
0.012853 0.243596  0 
0.0162048 0.264319  0 
0.184172 0.0306439  0 
0
-7.72697e-25  0 
0.180825 0.0219561  0 
-1.20424e-24 5.47381e-25  0 
-0.111051 -0.240754  0 
-0.071483 -0.219342  0 
0.125501 -0.0116819  0 
0.0286951 -0.104258  0 
0.00541073 0.0189071  0 
0.0129549 0.0716452  0 
0.0205699 0.145498  0 
0.0267304 0.260555  0 
0.0303672 0.368036  0 
0.0299279 0.45872  0 
0.0287318 0.51872  0 
0.026099 0.570784  0 
0.0298346 0.587806  0 
0.0409149 0.536967  0 
0.0291172 0.59168  0 
0.0348264 0.561594  0 
0.0343241 0.582257  0 
0.0378842 0.468778  0 
0.0412841 0.504179  0 
0.050019 -0.560515  0 
0.0566337 -0.570411  0 
0.0705396 -0.577194  0 
0.0815736 -0.583576  0 
0.0826105 -0.563832  0 
0.0657265 -0.479507  0 
0.0386784 -0.332703  0 
1.13257e-24 0
 0 
0.00867653 -0.15243  0 
0.0614441 -0.563813  0 
0.0575965 0.451642  0 
0.049125 0.353227  0 
0.0478631 0.38754  0 
0.0530701 0.417542  0 
-0.0231205 0.00622364  0 
-0.0271256 0.0273485  0 
-0.0161853 0.0936812  0 
-0.0115698 0.0729074  0 
-0.0234554 0.0526145  0 
-0.0170562 0.142428  0 
0.00359354 0.101653  0 
-0.0167003 0.118051  0 
0.000987905 0.162662  0 
0.00452721 0.183199  0 
0.0241617 0.313535  0 
0.0376965 0.330339  0 
0.0196132 0.285245  0 
0.0081471 0.203702  0 
0.00146468 -0.508634  0 
0.0196084 -0.524841  0 
0.0368832 -0.538729  0 
0.0541182 -0.553257  0 
-0.0220004 -0.286407  0 
-0.0119784 -0.265951  0 
-0.0136467 -0.234901  0 
-0.033001 -0.0981038  0 
-0.0243891 -0.119166  0 
-0.0490701 -0.0586805  0 
-0.045263 -0.0804263  0 
-0.0214116 -0.0483003  0 
-0.0153955 -0.0231983  0 
-0.00400956 -0.214787  0 
-0.00489438 -0.185522  0 
0.00627603 -0.140194  0 
-0.00684706 -0.161919  0 
0.0114645 -0.491253  0 
-0.0031263 -0.369543  0 
-0.00383564 -0.327909  0 
-0.000855031 -0.349471  0 
-0.00139636 -0.307575  0 
0.00400602 -0.443205  0 
0.00782325 -0.468063  0 
0.0134759 -0.421352  0 
0.0156286 -0.400326  0 
0.172339 0.0221476  0 
-1.20424e-24 5.47381e-25  0 
0.122376 0.00600509  0 
0.0276209 0.230519  0 
0.0357254 0.258994  0 
0.185821 0.0232878  0 
0
-7.72697e-25  0 
0.0768415 0.434788  0 
0.14635 -0.0150447  0 
0.188897 -0.0141113  0 
-1.20424e-24 5.47381e-25  0 
-0.0978608 -0.221403  0 
-0.0442193 -0.199763  0 
0.0731866 -0.0852384  0 
-1.20424e-24 5.47381e-25  0 
0.00897154 0.0287648  0 
0.0196354 0.0908113  0 
0.030939 0.185911  0 
0.0414502 0.304706  0 
0.0447734 0.40661  0 
0.0487044 0.492866  0 
0.0490047 0.553781  0 
0.0602954 0.529225  0 
0.0527055 0.583593  0 
0.0537081 0.59398  0 
0.0597769 0.553971  0 
0.0583589 0.590667  0 
0.0590386 0.57452  0 
0.0652061 0.491875  0 
0.0687734 -0.556486  0 
0.074714 -0.567996  0 
0.0877628 -0.575633  0 
0.0956231 -0.577976  0 
0.0913257 -0.547686  0 
0.0717701 -0.457209  0 
0.0396448 -0.300666  0 
1.13257e-24 0
 0 
0.0087744 -0.129897  0 
0.0808327 -0.560188  0 
0.0815929 0.46981  0 
0.0641862 0.341082  0 
0.0687637 0.36305  0 
0.0721986 0.401111  0 
-0.00203241 -0.00878573  0 
-0.00516377 0.0130304  0 
-0.00156381 0.0384804  0 
0.00587058 0.0809983  0 
0.00961141 0.0593467  0 
0.0258635 0.0886652  0 
0.0232944 0.109637  0 
0.00666871 0.141405  0 
0.00506917 0.12154  0 
0.0209773 0.155567  0 
0.0300164 0.191243  0 
0.0353303 0.169806  0 
0.0438448 0.299871  0 
0.0595899 0.319512  0 
0.0521913 0.278695  0 
0.0425081 0.217433  0 
0.0290127 -0.508538  0 
0.04555 -0.523559  0 
0.0584164 -0.533781  0 
0.0748726 -0.542274  0 
0.00265932 -0.280769  0 
0.006766 -0.254607  0 
0.0109007 -0.228935  0 
-0.0117305 -0.092391  0 
0.0120927 -0.117712  0 
-0.0130933 -0.0693467  0 
0.00860152 -0.0597427  0 
-0.00109277 -0.0361288  0 
0.0197692 -0.207932  0 
0.0195977 -0.179109  0 
0.0294083 -0.131308  0 
0.0261664 -0.156  0 
0.032858 -0.484009  0 
0.0193971 -0.370912  0 
0.0230627 -0.341747  0 
0.0232577 -0.302117  0 
0.0356136 -0.464665  0 
0.0281292 -0.439456  0 
0.0366696 -0.415749  0 
0.039453 -0.39282  0 
0.136097 0.00481658  0 
0.0549927 0.243746  0 
0.15156 -0.0099884  0 
0.163945 0.00143817  0 
0
-7.72697e-25  0 
0.10387 0.442122  0 
0.0962547 0.417767  0 
0.138206 -0.0567286  0 
0.178209 -0.02256  0 
-1.20424e-24 5.47381e-25  0 
-0.0745072 -0.20149  0 
0.0165733 -0.157798  0 
-1.20424e-24 5.47381e-25  0 
0.0139429 0.0409711  0 
0.0286557 0.119658  0 
0.0450971 0.230698  0 
0.055432 0.34368  0 
0.0647555 0.453991  0 
0.0771279 0.519011  0 
0.0688394 0.525899  0 
0.0741144 0.570758  0 
0.0888289 0.544365  0 
0.0792998 0.591507  0 
0.0777096 0.595236  0 
0.0834063 0.568131  0 
0.082835 0.587467  0 
0.0947207 0.50023  0 
0.0882454 -0.550516  0 
0.0937281 -0.565386  0 
0.104543 -0.573122  0 
0.107811 -0.569229  0 
0.101266 -0.528072  0 
1.13257e-24 0
 0 
0.0743563 -0.421153  0 
0.0392256 -0.263217  0 
0.00817064 -0.108569  0 
0.0974218 -0.557306  0 
0.11161 0.46687  0 
0.0849577 0.343674  0 
0.0882726 0.373059  0 
0.0191705 -0.0239228  0 
0.0169836 -0.00158729  0 
0.0207885 0.023934  0 
0.0312382 0.0454297  0 
0.0285774 0.067747  0 
0.0450778 0.0823882  0 
0.0478144 0.110865  0 
0.0445154 0.133765  0 
0.0563397 0.155994  0 
0.0567086 0.195363  0 
0.090707 0.312035  0 
0.0779012 0.293471  0 
0.0838093 0.27209  0 
0.0773627 0.223665  0 
0.0463498 -0.497403  0 
0.0669334 -0.516155  0 
0.080892 -0.527366  0 
0.0959789 -0.537356  0 
0.0316463 -0.279414  0 
0.0356915 -0.252708  0 
0.0357583 -0.222857  0 
0.0180047 -0.0951477  0 
0.0397294 -0.109961  0 
0.0241715 -0.0726541  0 
0.0302558 -0.0499943  0 
0.0440643 -0.200896  0 
0.0448154 -0.172421  0 
0.0467253 -0.145135  0 
0.0548475 -0.475876  0 
0.0434708 -0.363207  0 
0.0472031 -0.334028  0 
0.0483758 -0.296527  0 
0.0582002 -0.454158  0 
0.0595448 -0.432203  0 
0.060762 -0.409698  0 
0.0640269 -0.384911  0 
0.0788827 0.243943  0 
0
-7.72697e-25  0 
0.0759533 0.203513  0 
0
-7.72697e-25  0 
0.115355 0.400956  0 
0.120507 0.434937  0 
0.103519 0.330926  0 
0
-7.72697e-25  0 
0.105253 -0.0807934  0 
0.0745328 -0.0108572  0 
-1.20424e-24 5.47381e-25  0 
-0.0263165 -0.144262  0 
-1.20424e-24 5.47381e-25  0 
0.0191111 0.054102  0 
0.039498 0.150885  0 
0.0590805 0.267305  0 
0.0741511 0.390535  0 
0.0839058 0.484214  0 
0.107695 0.529499  0 
0.0917048 0.542023  0 
0.0961314 0.581698  0 
0.111318 0.555766  0 
0.102347 0.595239  0 
0.104898 0.593608  0 
0.110391 0.579441  0 
0.118988 0.490456  0 
0.126131 0.513409  0 
0.105219 -0.547226  0 
0.111987 -0.562863  0 
0.119351 -0.568351  0 
1.13257e-24 0
 0 
0.12303 -0.555243  0 
0.10747 -0.49532  0 
0.00801494 -0.0878713  0 
0.0755396 -0.381226  0 
0.0390317 -0.230208  0 
0.117797 -0.552378  0 
0.134361 0.454155  0 
0.110113 0.368623  0 
0.0392302 -0.0163286  0 
0.048896 0.0121782  0 
0.0529446 0.0313857  0 
0.0513786 0.054355  0 
0.0643281 0.0760247  0 
0.068544 0.0953292  0 
0.0664902 0.119031  0 
0.0775526 0.141998  0 
0.0746415 0.165357  0 
0.0890219 0.187798  0 
0.104289 0.296965  0 
0.10433 0.257713  0 
0.0976581 0.231149  0 
0.0951266 0.211678  0 
0.0722631 -0.492969  0 
0.0874482 -0.506718  0 
0.103622 -0.520176  0 
0.11354 -0.534304  0 
0.0525104 -0.269291  0 
0.0576749 -0.2387  0 
0.0610569 -0.2166  0 
0.0617084 -0.114554  0 
0.0576433 -0.0892557  0 
0.05378 -0.063959  0 
0.0619884 -0.0315311  0 
0.0686322 -0.193707  0 
0.0701731 -0.165668  0 
0.065823 -0.139931  0 
0.0773925 -0.467133  0 
0.0681533 -0.355167  0 
0.0704262 -0.315389  0 
0.0736539 -0.290854  0 
0.0782389 -0.430481  0 
0.0850466 -0.403473  0 
0.0894473 -0.373741  0 
0.134432 0.384281  0 
0.139851 0.417388  0 
0.124388 0.307465  0 
0.125298 0.336704  0 
0.0451486 -0.0121927  0 
0
-7.72697e-25  0 
0.00160993 -0.0499441  0 
-1.19524e-24 5.43293e-25  0 
-1.20424e-24 5.47381e-25  0 
0.0256223 0.0705981  0 
0.0507019 0.179275  0 
0.0739485 0.30287  0 
0.0931182 0.424671  0 
0.104288 0.504025  0 
0.129403 0.538921  0 
0.114985 0.562302  0 
0.118123 0.587099  0 
0.133254 0.569964  0 
0.124761 0.595345  0 
0.127735 0.588181  0 
0.155062 0.53076  0 
0.161932 0.480269  0 
0.144197 0.497002  0 
0.129755 -0.541377  0 
0.128237 -0.55904  0 
1.13257e-24 0
 0 
0.138677 -0.559876  0 
0.00749284 -0.0675901  0 
0.133837 -0.535667  0 
0.114826 -0.465896  0 
0.037776 -0.195642  0 
0.0773867 -0.344202  0 
0.139699 -0.547941  0 
0.156875 0.441241  0 
0.144522 0.360183  0 
0.0707725 -0.0033289  0 
0.0750157 0.0170019  0 
0.0744814 0.0406598  0 
0.085051 0.0589574  0 
0.0894476 0.0796384  0 
0.0886505 0.104021  0 
0.136971 0.290452  0 
0.0988295 0.127768  0 
0.0975848 0.151837  0 
0.102251 0.17203  0 
0.115465 0.195255  0 
0.12247 0.266608  0 
0.117909 0.238536  0 
0.119921 0.214809  0 
0.0946947 -0.484084  0 
0.110833 -0.498983  0 
0.12749 -0.514836  0 
0.139619 -0.528275  0 
0.0778211 -0.263475  0 
0.0846593 -0.238998  0 
0.0864489 -0.210308  0 
0.0905852 -0.116796  0 
0.0793561 -0.090778  0 
0.0841479 -0.070869  0 
0.0849469 -0.0469124  0 
0.0891912 -0.021047  0 
0.0933094 -0.186463  0 
0.0955985 -0.158824  0 
0.0973072 -0.136569  0 
0.111316 -0.121855  0 
0.100222 -0.457904  0 
0.0930139 -0.347235  0 
0.0966051 -0.318149  0 
0.0993494 -0.285112  0 
0.103405 -0.42542  0 
0.109412 -0.397061  0 
0.11365 -0.368822  0 
0.159177 0.39986  0 
0.14434 0.318087  0 
0.0103333 -0.00963589  0 
0
-7.72697e-25  0 
-1.12571e-24 5.11688e-25  0 
-1.20424e-24 5.47381e-25  0 
0.0326965 0.0866023  0 
0.061601 0.203613  0 
0.0906303 0.342245  0 
0.111047 0.452878  0 
0.12455 0.528453  0 
0.155829 0.558914  0 
0.135282 0.571143  0 
0.142325 0.590914  0 
0.153271 0.57984  0 
0.149571 0.591702  0 
0.181551 0.480062  0 
0.180554 0.453941  0 
0.170745 0.542927  0 
0.176193 0.516817  0 
0.146775 -0.536579  0 
0.148102 -0.552763  0 
1.13257e-24 0
 0 
0.00665223 -0.0495656  0 
0.152668 -0.54988  0 
0.0353015 -0.158695  0 
0.146089 -0.513951  0 
0.118328 -0.432507  0 
0.0754062 -0.299088  0 
0.158232 -0.541333  0 
0.179605 0.427925  0 
0.178908 0.381987  0 
0.166043 0.344671  0 
0.0974735 0.00231961  0 
0.0980046 0.0266818  0 
0.111373 0.0631348  0 
0.11616 0.090911  0 
0.120897 0.112951  0 
0.149739 0.273443  0 
0.163665 0.299474  0 
0.125682 0.159732  0 
0.120888 0.137917  0 
0.136038 0.178573  0 
0.140728 0.199915  0 
0.145081 0.252745  0 
0.140184 0.224626  0 
0.117426 -0.474813  0 
0.135734 -0.493972  0 
0.149379 -0.512199  0 
0.156915 -0.523515  0 
0.105421 -0.259149  0 
0.108489 -0.228376  0 
0.112454 -0.203823  0 
0.101006 -0.0923156  0 
0.112514 -0.0397263  0 
0.108013 -0.0623679  0 
0.120019 -0.0124679  0 
0.118679 -0.179002  0 
0.121844 -0.151721  0 
0.129776 -0.133166  0 
0.128931 -0.103528  0 
0.123328 -0.448408  0 
0.11806 -0.339174  0 
0.122034 -0.310068  0 
0.1256 -0.279222  0 
0.128792 -0.42015  0 
0.1339 -0.390482  0 
0.138703 -0.360665  0 
0.164792 0.321967  0 
0
-8.23235e-25  0 
-5.32589e-25 -1.94801e-25  0 
0.196645 0.502344  0 
-1.20424e-24 5.47381e-25  0 
0.0400061 0.103366  0 
0.0764892 0.241105  0 
0.107336 0.372679  0 
0.130152 0.476535  0 
0.144841 0.54219  0 
0.17226 0.569249  0 
0.155749 0.578136  0 
0.162721 0.589375  0 
0.167894 0.587397  0 
0.191038 0.555724  0 
0.202639 0.477658  0 
0.197379 0.444845  0 
0.198949 0.532813  0 
0.16876 -0.529145  0 
0.166471 -0.545936  0 
1.13257e-24 0
 0 
0.00599481 -0.0328867  0 
0.0320342 -0.123927  0 
0.169765 -0.532726  0 
0.0730311 -0.258159  0 
0.153694 -0.488703  0 
0.118383 -0.389046  0 
0.180615 -0.53533  0 
0.202203 0.414397  0 
0.203448 0.386811  0 
0.19264 0.359615  0 
0.193374 0.332956  0 
0.12173 0.0125209  0 
0.133515 0.0464639  0 
0.135019 0.0724037  0 
0.143453 0.0977411  0 
0.144398 0.123828  0 
0.187958 0.302727  0 
0.173095 0.260925  0 
0.183277 0.280546  0 
0.149796 0.147037  0 
0.162511 0.184171  0 
0.167669 0.212619  0 
0.168194 0.23831  0 
0.136089 -0.473799  0 
0.158572 -0.492788  0 
0.167048 -0.507934  0 
0.183087 -0.515559  0 
0.129923 -0.251389  0 
0.134606 -0.223072  0 
0.138892 -0.197254  0 
0.131698 -0.0783961  0 
0.143093 -0.0275799  0 
0.138307 -0.0514272  0 
0.145963 -0.00198818  0 
0.143801 -0.169871  0 
0.14838 -0.144565  0 
0.150128 -0.122156  0 
0.155742 -0.0946047  0 
0.142173 -0.448031  0 
0.143256 -0.331064  0 
0.147676 -0.301933  0 
0.152054 -0.273305  0 
0.147644 -0.420229  0 
0.161934 -0.386354  0 
0.167114 -0.356661  0 
0.212735 0.514112  0 
-1.20424e-24 5.47381e-25  0 
0.0485439 0.123008  0 
0.0895417 0.267912  0 
0.123873 0.398618  0 
0.14619 0.493961  0 
0.16317 0.550483  0 
0.187666 0.578548  0 
0.174398 0.578878  0 
0.184627 0.58503  0 
0.21037 0.550857  0 
0.207008 0.566108  0 
0.225071 0.493322  0 
0.220768 0.459415  0 
0.227411 0.524105  0 
0.192172 -0.523036  0 
0.183562 -0.535628  0 
1.13257e-24 0
 0 
0.00490524 -0.01881  0 
0.0287989 -0.0939803  0 
0.0685102 -0.212219  0 
0.182094 -0.516201  0 
0.117172 -0.34835  0 
0.15767 -0.452837  0 
0.19735 -0.528314  0 
0.234392 0.414893  0 
0.223974 0.370968  0 
0.219018 0.345856  0 
0.213831 0.315186  0 
0.155829 0.0297094  0 
0.158656 0.0562357  0 
0.166185 0.0824009  0 
0.168526 0.109205  0 
0.179342 0.143374  0 
0.208623 0.28531  0 
0.196999 0.248025  0 
0.184478 0.168213  0 
0.186852 0.19497  0 
0.191949 0.223376  0 
0.166957 -0.470325  0 
0.176671 -0.489366  0 
0.194499 -0.500303  0 
0.203895 -0.509651  0 
0.156461 -0.245256  0 
0.160936 -0.217722  0 
0.165526 -0.190642  0 
0.160589 -0.0684663  0 
0.173031 -0.0133194  0 
0.166547 -0.0429494  0 
0.178344 0.0128344  0 
0.170245 -0.1639  0 
0.175075 -0.137381  0 
0.180021 -0.111069  0 
0.185115 -0.0847513  0 
0.174698 -0.445788  0 
0.172009 -0.327033  0 
0.175341 -0.271666  0 
0.17677 -0.297848  0 
0.184097 -0.388297  0 
0.18162 -0.418625  0 
0.189605 -0.359251  0 
-1.20424e-24 5.47381e-25  0 
0.0554951 0.137666  0 
0.10227 0.292475  0 
0.140408 0.425325  0 
0.163466 0.50648  0 
0.182261 0.556937  0 
0.203928 0.578364  0 
0.194707 0.57631  0 
0.225629 0.551705  0 
0.217573 0.567865  0 
0.238875 0.441012  0 
0.240956 0.502349  0 
0.238354 0.470504  0 
0.244797 0.534603  0 
0.214623 -0.514362  0 
1.13257e-24 0
 0 
0.202383 -0.522708  0 
0.00391662 -0.00697238  0 
0.0243772 -0.0646293  0 
0.0627344 -0.172402  0 
0.113076 -0.297816  0 
0.191202 -0.494416  0 
0.162252 -0.416652  0 
0.218292 -0.51776  0 
0.257162 0.422303  0 
0.252528 0.392752  0 
0.244807 0.354771  0 
0.239789 0.327142  0 
0.232823 0.295814  0 
0.182557 0.0399434  0 
0.18915 0.0669209  0 
0.193139 0.0943383  0 
0.206721 0.152076  0 
0.198799 0.120815  0 
0.22956 0.267618  0 
0.221138 0.234612  0 
0.210676 0.179635  0 
0.21593 0.208052  0 
0.190492 -0.469399  0 
0.200946 -0.481794  0 
0.211887 -0.494924  0 
0.227081 -0.500744  0 
0.186048 -0.240874  0 
0.190687 -0.213079  0 
0.195526 -0.185712  0 
0.190272 -0.0584811  0 
0.201157 -0.0041528  0 
0.195609 -0.0316529  0 
0.206752 0.0235084  0 
0.222849 -0.000349035  0 
0.200247 -0.121696  0 
0.200374 -0.158646  0 
0.210496 -0.105108  0 
0.21569 -0.0784355  0 
0.192969 -0.443922  0 
0.199169 -0.33238  0 
0.198763 -0.269924  0 
0.204329 -0.303613  0 
0.206548 -0.390004  0 
0.206679 -0.420438  0 
0.212221 -0.361554  0 
0.254042 0.510126  0 
-1.20424e-24 5.47381e-25  0 
0.0643397 0.156468  0 
0.114656 0.314157  0 
0.154725 0.441824  0 
0.179642 0.51766  0 
0.199243 0.558526  0 
0.211785 0.574707  0 
0.226322 0.565963  0 
0.241608 0.553702  0 
0.259029 0.453494  0 
0.2617 0.485498  0 
0.265763 0.516793  0 
0.260077 0.535912  0 
0.231961 -0.507643  0 
1.13257e-24 0
 0 
0.00313064 0.0023664  0 
0.216012 -0.508768  0 
0.0201767 -0.0411859  0 
0.0551902 -0.129754  0 
0.107136 -0.252746  0 
0.15828 -0.369911  0 
0.199991 -0.460942  0 
0.236223 -0.506402  0 
0.279526 0.435933  0 
0.275626 0.403294  0 
0.270982 0.370477  0 
0.265928 0.338366  0 
0.260902 0.308129  0 
0.255835 0.2787  0 
0.212382 0.0513005  0 
0.218018 0.0793016  0 
0.223699 0.107443  0 
0.234789 0.164039  0 
0.229259 0.135739  0 
0.250767 0.249756  0 
0.245532 0.221013  0 
0.240218 0.192439  0 
0.210669 -0.46107  0 
0.222969 -0.477777  0 
0.239435 -0.485735  0 
0.244544 -0.494567  0 
0.210964 -0.230447  0 
0.223793 -0.19227  0 
0.228752 -0.165271  0 
0.220983 -0.0517808  0 
0.22656 -0.0240653  0 
0.237826 0.0319085  0 
0.244708 0.0035035  0 
0.220513 -0.132395  0 
0.249048 -0.13923  0 
0.249365 -0.0589655  0 
0.234582 -0.0954401  0 
0.23118 -0.248034  0 
0.219126 -0.437505  0 
0.229278 -0.449359  0 
0.226352 -0.337355  0 
0.22672 -0.275977  0 
0.23185 -0.309102  0 
0.234068 -0.384295  0 
0.233914 -0.414416  0 
0.240509 -0.356323  0 
-1.20424e-24 5.47381e-25  0 
0.0716987 0.171758  0 
0.12795 0.336691  0 
0.167978 0.453126  0 
0.195735 0.523017  0 
0.214765 0.558556  0 
0.241283 0.555976  0 
0.229188 0.552662  0 
0.256025 0.544324  0 
0.281931 0.467355  0 
0.281993 0.495084  0 
0.278095 0.516741  0 
0.270192 0.530005  0 
0.251799 -0.499018  0 
1.13257e-24 0
 0 
0.00229195 0.00969126  0 
0.0163477 -0.0213603  0 
0.226338 -0.48563  0 
0.0467855 -0.0952775  0 
0.09824 -0.208815  0 
0.154318 -0.325319  0 
0.202625 -0.429024  0 
0.253811 -0.490356  0 
0.301744 0.448234  0 
0.304233 0.416407  0 
0.301886 0.384063  0 
0.298542 0.351489  0 
0.289067 0.320194  0 
0.284609 0.290022  0 
0.287064 0.260225  0 
0.254584 0.116785  0 
0.243433 0.0600436  0 
0.249046 0.0883659  0 
0.265275 0.174016  0 
0.26958 0.145054  0 
0.282946 0.231128  0 
0.270297 0.202625  0 
0.238253 -0.459095  0 
0.244508 -0.472757  0 
0.256886 -0.480014  0 
0.265096 -0.487264  0 
0.235635 -0.220346  0 
0.252237 -0.198862  0 
0.271497 0.0519354  0 
0.259819 -0.163482  0 
0.254828 -0.0313885  0 
0.273042 -0.00414009  0 
0.277988 0.0236849  0 
0.271862 -0.0555846  0 
0.25368 -0.1126  0 
0.273722 -0.126194  0 
0.258329 -0.0859512  0 
0.24925 -0.262253  0 
0.261263 -0.243189  0 
0.248634 -0.438319  0 
0.246258 -0.327991  0 
0.251578 -0.299558  0 
0.259606 -0.386409  0 
0.258129 -0.414287  0 
0.266743 -0.359553  0 
0.302081 0.299265  0 
-1.20424e-24 5.47381e-25  0 
0.080053 0.18844  0 
0.137906 0.35056  0 
0.179918 0.460295  0 
0.211061 0.531081  0 
0.24287 0.540087  0 
0.226028 0.528311  0 
0.257213 0.532253  0 
0.3003 0.476131  0 
0.296466 0.496935  0 
0.286043 0.51066  0 
0.270109 0.514028  0 
0.267754 -0.489917  0 
1.13257e-24 0
 0 
0.00143132 0.0147709  0 
0.0124589 -0.0051063  0 
0.0393574 -0.0650804  0 
0.235998 -0.453913  0 
0.0815422 -0.153569  0 
0.14472 -0.280436  0 
0.199371 -0.381225  0 
0.264637 -0.468878  0 
1.13257e-24 0
 0 
0.319745 0.458164  0 
0.323694 0.431957  0 
0.321283 0.402811  0 
0.319755 0.371432  0 
0.322008 0.339203  0 
0.318888 0.308049  0 
0.315922 0.27856  0 
0.305579 0.250005  0 
0.282226 0.108185  0 
0.276978 0.0800692  0 
0.296953 0.192766  0 
0.301159 0.164067  0 
0.296889 0.135899  0 
0.301495 0.221382  0 
0.255507 -0.454512  0 
0.268752 -0.463666  0 
0.274011 -0.47374  0 
0.288131 -0.477019  0 
0.266042 -0.215424  0 
0.270652 -0.187904  0 
0.288452 -0.166717  0 
0.299659 0.0437503  0 
0.310136 0.0198429  0 
0.293754 -0.139901  0 
0.283663 -0.0282134  0 
0.296823 -0.00395151  0 
0.294451 -0.0523403  0 
0.289574 -0.0797281  0 
0.284769 -0.106602  0 
0.267122 -0.27633  0 
0.289536 -0.24919  0 
0.284577 -0.406532  0 
0.274208 -0.429894  0 
0.273123 -0.332224  0 
0.288569 -0.308942  0 
0.284443 -0.387443  0 
0.292203 -0.361658  0 
-1.20424e-24 5.47381e-25  0 
0.085396 0.199621  0 
0.147843 0.361223  0 
0.198254 0.481672  0 
0.239045 0.521805  0 
0.214101 0.487655  0 
0.24938 0.507419  0 
0.311393 0.47873  0 
0.297422 0.493018  0 
0.279032 0.496121  0 
0.255409 0.486971  0 
0.286895 -0.471377  0 
0.000853133 0.0183006  0 
0.0087994 0.00785227  0 
0.0300106 -0.0359933  0 
0.0718704 -0.119847  0 
0.237395 -0.42396  0 
0.1245 -0.218061  0 
0.188106 -0.331329  0 
0.270884 -0.446593  0 
0.000418729 0.0200459  0 
1.13257e-24 0
 0 
0.323233 0.46006  0 
0.333909 0.440956  0 
0.339675 0.416317  0 
0.345286 0.381038  0 
0.345628 0.350366  0 
0.340048 0.326909  0 
0.337409 0.296392  0 
0.334541 0.267438  0 
0.337165 0.230125  0 
0.31878 0.121694  0 
0.318512 0.0880924  0 
0.313947 0.0599464  0 
0.34218 0.0510069  0 
0.32345 0.182706  0 
0.323031 0.149787  0 
0.334051 0.201637  0 
0.28019 -0.445539  0 
0.28569 -0.457981  0 
0.301793 -0.463796  0 
0.305068 -0.465707  0 
0.294548 -0.221737  0 
0.299403 -0.194532  0 
0.322656 -0.146844  0 
0.317266 -0.173486  0 
0.320661 -0.00392873  0 
0.337743 0.0232805  0 
0.313752 -0.113773  0 
0.315248 -0.0316371  0 
0.316555 -0.05965  0 
0.318559 -0.0871285  0 
0.294729 -0.281546  0 
0.317407 -0.254727  0 
0.306263 -0.391794  0 
0.291192 -0.425878  0 
0.299247 -0.335238  0 
0.317676 -0.303003  0 
0.310568 -0.3701  0 
0.319218 -0.34963  0 
-1.20424e-24 5.47381e-25  0 
0.0934664 0.211238  0 
0.161712 0.385425  0 
0.17359 0.406337  0 
0.222062 0.479597  0 
0.180632 0.406064  0 
0.225771 0.462387  0 
0.310064 0.468609  0 
0.288517 0.472161  0 
0.260601 0.466985  0 
0.228465 0.445028  0 
0.319152 0.447388  0 
0.297817 -0.455747  0 
0.00559503 0.0177465  0 
0.022559 -0.0152842  0 
0.0594146 -0.0849748  0 
0.112925 -0.18014  0 
0.231833 -0.376573  0 
0.175404 -0.28669  0 
0.270427 -0.40702  0 
0.00306532 0.0242534  0 
0.000147911 0.0210433  0 
1.13257e-24 0
 0 
0.337993 0.434218  0 
0.350118 0.417657  0 
0.358137 0.393906  0 
0.365211 0.364791  0 
0.36733 0.335352  0 
0.360677 0.276451  0 
0.367544 0.305466  0 
0.358473 0.247848  0 
0.362732 0.21853  0 
0.370333 0.0418977  0 
0.34492 0.135239  0 
0.340661 0.107462  0 
0.341274 0.079219  0 
0.363922 0.0701071  0 
0.357357 0.162457  0 
0.360156 0.190365  0 
0.301795 -0.440759  0 
0.313061 -0.421982  0 
0.307182 -0.452129  0 
0.31774 -0.456493  0 
0.323557 -0.450453  0 
0.32277 -0.227707  0 
0.342658 -0.120989  0 
0.327882 -0.200836  0 
0.353972 -0.14113  0 
0.348409 -0.167901  0 
0.349359 -0.0121978  0 
0.366079 0.0145147  0 
0.347446 -0.0945715  0 
0.367791 -0.105175  0 
0.344093 -0.0396016  0 
0.375605 -0.0326043  0 
0.338688 -0.0669922  0 
0.324401 -0.275945  0 
0.340447 -0.251894  0 
0.327658 -0.3769  0 
0.324167 -0.401126  0 
0.327371 -0.328825  0 
0.339138 -0.304423  0 
0.336471 -0.352903  0 
-1.20424e-24 5.47381e-25  0 
0.108202 0.244592  0 
0.111899 0.251724  0 
0.184116 0.399706  0 
0.114592 0.253309  0 
0.184889 0.38711  0 
0.387993 0.20634  0 
0.294441 0.447655  0 
0.265696 0.443366  0 
0.2307 0.424476  0 
0.185119 0.372572  0 
0.298793 0.422927  0 
0.326036 0.419072  0 
0.305109 -0.429972  0 
0.0156527 0.00298207  0 
0.0447361 -0.0511615  0 
0.0923392 -0.131181  0 
0.158551 -0.23792  0 
0.221637 -0.336354  0 
0.264533 -0.373527  0 
0.0104589 0.0149316  0 
0.00153431 0.0280384  0 
-0.000132832 0.0212277  0 
1.13257e-24 0
 0 
0.348504 0.410451  0 
0.363854 0.396163  0 
0.374669 0.374507  0 
0.380776 0.348643  0 
0.388009 0.319319  0 
0.389789 0.290716  0 
0.384612 0.263026  0 
0.401119 0.265623  0 
0.383135 0.235099  0 
0.385424 0.022471  0 
0.389852 0.049929  0 
0.372035 0.124814  0 
0.368135 0.0974592  0 
0.393981 0.0773329  0 
0.383733 0.151429  0 
0.386044 0.178768  0 
0.326275 -0.431242  0 
0.329671 -0.417282  0 
0.334633 -0.441886  0 
0.340839 -0.441582  0 
0.332069 -0.435719  0 
0.352882 -0.22209  0 
0.370963 -0.128336  0 
0.358295 -0.195142  0 
0.372937 -0.158018  0 
0.38071 -0.00498167  0 
0.398347 -0.0233783  0 
0.387766 -0.115558  0 
0.393495 -0.0507332  0 
0.378571 -0.0884027  0 
0.370366 -0.0601719  0 
0.346017 -0.277931  0 
0.363177 -0.248869  0 
0.349314 -0.391852  0 
0.350512 -0.375566  0 
0.352261 -0.330628  0 
0.360003 -0.305267  0 
0.359669 -0.35251  0 
-1.20424e-24 5.47381e-25  0 
-1.20424e-24 5.47381e-25  0 
0.390666 0.12803  0 
0.115928 0.252851  0 
-1.20424e-24 5.47381e-25  0 
0.115237 0.248399  0 
0.40557 0.186899  0 
0.406929 0.214422  0 
0.266276 0.415866  0 
0.22877 0.398673  0 
0.182119 0.352443  0 
0.111913 0.237024  0 
0.267688 0.386871  0 
0.300952 0.388196  0 
0.332748 0.387192  0 
0.296945 -0.38773  0 
0.0327557 -0.0235295  0 
0.0709522 -0.0877021  0 
0.13897 -0.19326  0 
0.205966 -0.288651  0 
0.251196 -0.329124  0 
0.0216628 -0.00194309  0 
0.00586636 0.0242872  0 
0.000123416 0.0303328  0 
-0.000320874 0.0205555  0 
1.13257e-24 0
 0 
0.377581 0.369714  0 
0.35939 0.37979  0 
0.391776 0.349707  0 
0.405105 0.321366  0 
0.411999 0.294844  0 
0.416086 0.267042  0 
0.407872 0.242247  0 
0.407575 0.0208424  0 
0.41047 0.0481749  0 
0.397668 0.104864  0 
0.413993 0.0853771  0 
0.417333 0.130017  0 
0.418582 0.157255  0 
0.327905 -0.399869  0 
0.347167 -0.425885  0 
0.370686 -0.388235  0 
0.359165 -0.408034  0 
0.357364 -0.410767  0 
0.349758 -0.434273  0 
0.353892 -0.428571  0 
0.374352 -0.22479  0 
0.396564 -0.148386  0 
0.385716 -0.2009  0 
0.391312 -0.174667  0 
0.418195 -0.145366  0 
0.415288 -0.122616  0 
0.419983 -0.0146561  0 
0.41581 -0.041642  0 
0.419615 -0.0965682  0 
0.411361 -0.0688161  0 
0.367085 -0.279436  0 
0.389179 -0.25299  0 
0.375694 -0.366331  0 
0.373489 -0.325748  0 
0.38721 -0.29787  0 
0.385195 -0.343832  0 
-1.20424e-24 5.47381e-25  0 
-1.20424e-24 5.47381e-25  0 
0.421592 0.193393  0 
0.422015 0.220632  0 
0.227244 0.371616  0 
0.178154 0.329551  0 
0.10848 0.226081  0 
-1.20424e-24 5.47381e-25  0 
0.219728 0.338237  0 
0.262149 0.351995  0 
0.300675 0.359251  0 
0.333801 0.356547  0 
0.293132 -0.358912  0 
0.0587542 -0.0615858  0 
0.107225 -0.133447  0 
0.184999 -0.24401  0 
0.22372 -0.275621  0 
0.0420604 -0.0314422  0 
0.0143615 0.0120556  0 
0.00283291 0.0299225  0 
-0.000833789 0.0310781  0 
-0.000390386 0.0201616  0 
1.13257e-24 0
 0 
0.363352 0.350686  0 
0.388023 0.342093  0 
0.405639 0.324218  0 
0.420611 0.300647  0 
0.429761 0.27639  0 
0.435883 0.250329  0 
0.435069 0.22573  0 
0.443203 0.171368  0 
0.43722 0.0381681  0 
0.434397 0.0114105  0 
0.439864 -0.0116656  0 
0.430263 0.0660618  0 
0.432778 0.0928058  0 
0.442468 0.118211  0 
0.443227 0.144877  0 
0.329083 -0.375689  0 
0.359688 -0.384379  0 
0.395076 -0.378657  0 
0.406229 -0.358094  0 
0.379476 -0.40687  0 
0.362878 -0.419821  0 
0.375006 -0.403045  0 
0.371652 -0.419477  0 
0.395065 -0.226978  0 
0.420615 -0.168256  0 
0.414792 -0.194486  0 
0.439316 -0.142345  0 
0.438658 -0.109689  0 
0.444965 -0.0349203  0 
0.440754 -0.061907  0 
0.448425 -0.0896907  0 
0.411261 -0.238773  0 
0.394886 -0.272357  0 
0.418636 -0.274412  0 
0.422974 -0.354045  0 
0.410654 -0.299085  0 
0.407151 -0.342536  0 
0.39413 -0.32046  0 
0.43679 0.199554  0 
0.171158 0.30276  0 
0.102738 0.210061  0 
-1.20424e-24 5.47381e-25  0 
0.165373 0.277064  0 
0.212577 0.303778  0 
0.257277 0.315922  0 
0.300307 0.325922  0 
0.336451 0.3239  0 
0.276037 -0.321769  0 
0.0901947 -0.10149  0 
0.154994 -0.189147  0 
0.199529 -0.232078  0 
0.0670691 -0.0633406  0 
0.0301221 -0.0107993  0 
0.00839132 0.0222165  0 
0.000264824 0.0333497  0 
-0.00126664 0.0311776  0 
-0.000459035 0.0190269  0 
1.13257e-24 0
 0 
0.370924 0.323126  0 
0.397097 0.309407  0 
0.418119 0.293356  0 
0.434243 0.27683  0 
0.447821 0.251464  0 
0.45216 0.22879  0 
0.461061 0.201639  0 
0.459066 0.177849  0 
0.460059 0.151558  0 
0.455051 0.045733  0 
0.452235 0.0189583  0 
0.470914 0.02685  0 
0.459325 -0.00880332  0 
0.457452 0.0724281  0 
0.458975 0.0988313  0 
0.467189 0.123983  0 
0.308407 -0.334141  0 
0.350624 -0.358073  0 
0.438994 -0.349701  0 
0.385435 -0.384112  0 
0.397076 -0.391855  0 
0.39769 -0.394144  0 
0.413992 -0.373784  0 
0.386855 -0.406989  0 
0.423077 -0.220235  0 
0.445942 -0.173715  0 
0.439937 -0.199304  0 
0.465701 -0.169974  0 
0.464214 -0.148081  0 
0.456861 -0.122456  0 
0.473471 -0.0968533  0 
0.470626 -0.0433996  0 
0.48879 -0.040402  0 
0.483327 -0.0798117  0 
0.466456 -0.0698529  0 
0.426416 -0.249839  0 
0.434682 -0.281868  0 
0.433068 -0.304045  0 
0.436982 -0.33399  0 
0.416477 -0.320003  0 
0.454836 -0.330746  0 
0.472958 0.156748  0 
0.0969127 0.194256  0 
-1.20424e-24 5.47381e-25  0 
0.0884021 0.173458  0 
0.15417 0.245169  0 
0.203243 0.270816  0 
0.247997 0.280086  0 
0.291006 0.287325  0 
0.331546 0.289968  0 
0.243877 -0.267861  0 
0.275172 -0.283381  0 
0.121181 -0.133622  0 
0.170461 -0.184427  0 
0.0921445 -0.0901157  0 
0.0496347 -0.0357236  0 
0.0167147 0.00996333  0 
0.00370068 0.0293603  0 
-0.0010504 0.0351057  0 
-0.00170522 0.0305585  0 
-0.000512758 0.0178763  0 
1.13257e-24 0
 0 
0.36916 0.291001  0 
0.400522 0.283684  0 
0.424603 0.267371  0 
0.459293 0.23021  0 
0.443949 0.250322  0 
0.468623 0.210608  0 
0.475596 0.187249  0 
0.484181 0.160776  0 
0.4874 0.136121  0 
0.484049 -0.0179453  0 
0.481908 0.0613388  0 
0.488371 0.034055  0 
0.486616 0.00806111  0 
0.482809 0.0868827  0 
0.489062 0.11091  0 
0.374863 -0.35575  0 
0.315443 -0.305032  0 
0.455954 -0.33677  0 
0.430044 -0.366871  0 
0.441738 -0.353469  0 
0.400631 -0.355048  0 
0.407354 -0.378994  0 
0.415134 -0.382299  0 
0.469696 -0.241992  0 
0.452216 -0.241703  0 
0.446941 -0.22372  0 
0.4666 -0.191875  0 
0.484793 -0.166251  0 
0.505982 -0.0376339  0 
0.490011 -0.141023  0 
0.483885 -0.115706  0 
0.492744 -0.0965491  0 
0.493071 -0.06299  0 
0.458114 -0.264658  0 
0.467465 -0.277418  0 
0.4496 -0.288079  0 
0.447142 -0.312433  0 
0.468514 -0.318656  0 
0.465604 -0.309958  0 
0.485954 -0.241797  0 
-1.20424e-24 5.47381e-25  0 
0.470846 0.20672  0 
-1.20424e-24 5.47381e-25  0 
0.0809195 0.154117  0 
0.142395 0.211642  0 
0.191206 0.233054  0 
0.241247 0.246793  0 
0.286735 0.254752  0 
0.33019 0.258716  0 
0.256252 -0.249193  0 
0.202695 -0.20683  0 
0.13326 -0.132963  0 
0.16098 -0.154502  0 
0.0747114 -0.0638925  0 
0.0329784 -0.0113253  0 
0.00979653 0.0201113  0 
0.00102561 0.0331639  0 
-0.00228633 0.0357962  0 
-0.00194751 0.0293111  0 
-0.000481227 0.0165482  0 
1.13257e-24 0
 0 
0.365696 0.253213  0 
0.399952 0.247142  0 
0.430841 0.240571  0 
0.453058 0.221945  0 
0.485715 0.183467  0 
0.491674 0.163619  0 
0.498481 0.140447  0 
0.507005 0.114454  0 
0.504281 0.0662048  0 
0.508821 -0.011534  0 
0.5041 0.0410446  0 
0.502324 0.0152756  0 
0.509929 0.0900394  0 
0.350479 -0.31782  0 
0.284033 -0.259282  0 
0.462623 -0.326867  0 
0.391099 -0.333534  0 
0.445758 -0.340823  0 
0.429531 -0.35684  0 
0.481937 -0.219865  0 
0.503556 -0.158558  0 
0.488602 -0.19549  0 
0.515101 -0.0706418  0 
0.522798 -0.0454251  0 
0.516344 -0.121829  0 
0.511118 -0.0960725  0 
0.529339 -0.0208206  0 
0.537631 -0.0530628  0 
0.484801 -0.267254  0 
0.475773 -0.288933  0 
0.476639 -0.310774  0 
0.488109 -0.293387  0 
0.498771 -0.255236  0 
0.506996 -0.232773  0 
0.473913 0.183439  0 
-1.20424e-24 5.47381e-25  0 
0.0702449 0.129981  0 
0.128293 0.177556  0 
0.178336 0.198665  0 
0.22431 0.206741  0 
0.269907 0.214433  0 
0.317519 0.22276  0 
0.211724 -0.195486  0 
0.237547 -0.206368  0 
0.0965248 -0.0840579  0 
0.12832 -0.112002  0 
0.0476521 -0.0279608  0 
0.0198496 0.00660975  0 
0.00462379 0.0275654  0 
-0.00146626 0.0361017  0 
-0.003105 0.0354673  0 
-0.00195942 0.0276983  0 
-0.000472745 0.0152149  0 
1.13257e-24 0
 0 
0.354828 0.219233  0 
0.395403 0.220026  0 
0.424101 0.207525  0 
0.450861 0.195604  0 
0.491206 0.162408  0 
0.503842 0.146031  0 
0.514173 0.12181  0 
0.521195 0.099601  0 
0.523366 0.0543158  0 
0.530128 0.003923  0 
0.524331 0.0301356  0 
0.526033 0.0764946  0 
0.545254 -0.01504  0 
0.322394 -0.276074  0 
0.455461 -0.309816  0 
0.434345 -0.319816  0 
0.369059 -0.296529  0 
0.417729 -0.332384  0 
0.520695 -0.150992  0 
0.508193 -0.198185  0 
0.51489 -0.174596  0 
0.519517 -0.204549  0 
0.534971 -0.0778349  0 
0.532261 -0.13828  0 
0.537336 -0.113905  0 
0.55026 -0.040374  0 
0.549185 -0.0642442  0 
0.498729 -0.273364  0 
0.472795 -0.296713  0 
0.479811 -0.281434  0 
0.492065 -0.285666  0 
0.510584 -0.252937  0 
0.517825 -0.230924  0 
0.462571 0.17429  0 
-1.20424e-24 5.47381e-25  0 
0.0591658 0.10506  0 
0.113901 0.144899  0 
0.162003 0.16025  0 
0.210356 0.170215  0 
0.253437 0.174694  0 
0.30044 0.186697  0 
0.274108 -0.225401  0 
0.174776 -0.15029  0 
0.212302 -0.174788  0 
0.0751848 -0.0569464  0 
0.10149 -0.0805745  0 
0.0333179 -0.00940929  0 
0.0132962 0.0156345  0 
0.00081903 0.0326648  0 
-0.0033282 0.0374477  0 
-0.00328917 0.034423  0 
-0.00191853 0.0262202  0 
-0.000414189 0.014297  0 
1.13257e-24 0
 0 
0.120543 -0.0942465  0 
0.342729 0.188953  0 
0.383003 0.181784  0 
0.418367 0.175857  0 
0.444274 0.161085  0 
0.522374 0.0987859  0 
0.470914 0.148429  0 
0.491893 0.144147  0 
0.510706 0.118615  0 
0.532749 0.0754892  0 
0.538199 0.0421991  0 
0.545235 0.00900714  0 
0.539351 0.0532963  0 
0.554819 -0.0242194  0 
0.328712 -0.255036  0 
0.427596 -0.298077  0 
0.440408 -0.28259  0 
0.400397 -0.299319  0 
0.535319 -0.161206  0 
0.530045 -0.184348  0 
0.528122 -0.209752  0 
0.55316 -0.0946439  0 
0.545675 -0.142019  0 
0.553986 -0.117751  0 
0.557917 -0.0710186  0 
0.557644 -0.0477469  0 
0.513002 -0.246655  0 
0.504147 -0.267325  0 
0.460859 -0.272759  0 
0.488192 -0.265994  0 
0.525561 -0.227864  0 
0.515253 -0.232756  0 
-1.20424e-24 5.47381e-25  0 
0.0477446 0.0801285  0 
0.0967444 0.10907  0 
0.143347 0.124305  0 
0.187376 0.131046  0 
0.236155 0.142457  0 
0.276507 0.144114  0 
0.248642 -0.194343  0 
0.163772 -0.126167  0 
0.0505803 -0.0275226  0 
0.0717051 -0.0469988  0 
0.0215627 0.00576403  0 
0.00601166 0.0254626  0 
-0.00216288 0.0360689  0 
-0.00400829 0.0375936  0 
-0.00330917 0.0332767  0 
-0.00176246 0.0249413  0 
1.13257e-24 0
 0 
-0.000375283 0.01334  0 
0.0946055 -0.066375  0 
0.318223 0.146404  0 
0.357193 0.145425  0 
0.39903 0.145775  0 
0.431616 0.138372  0 
0.51921 0.0811149  0 
0.454031 0.122926  0 
0.48483 0.114149  0 
0.499617 0.0951968  0 
0.532799 0.0628317  0 
0.548205 0.0207541  0 
0.552991 -0.00283034  0 
0.539577 0.0398583  0 
0.554316 -0.0325912  0 
0.547729 -0.0201074  0 
0.266457 -0.194909  0 
0.344347 -0.247599  0 
0.402804 -0.251567  0 
0.39198 -0.264442  0 
0.539239 -0.185189  0 
0.545005 -0.162989  0 
0.531955 -0.207562  0 
0.536444 -0.190152  0 
0.556165 -0.0813419  0 
0.557267 -0.0989211  0 
0.550565 -0.143797  0 
0.551079 -0.130322  0 
0.554887 -0.0634503  0 
0.425233 -0.244395  0 
0.503911 -0.25012  0 
0.464327 -0.246987  0 
0.518785 -0.211499  0 
0.494055 -0.218895  0 
-1.20424e-24 5.47381e-25  0 
0.0370167 0.0575356  0 
0.0806827 0.0783116  0 
0.123734 0.0883293  0 
0.168018 0.0991985  0 
0.212843 0.105223  0 
0.255747 0.114259  0 
0.180433 -0.131961  0 
0.120601 -0.0847912  0 
0.0385539 -0.0130772  0 
0.0504041 -0.0232703  0 
0.0131096 0.0165329  0 
1.13257e-24 0
 0 
0.000353753 0.0321475  0 
-0.00392729 0.0379173  0 
-0.00423441 0.0368929  0 
-0.00310204 0.0321192  0 
-0.00154279 0.0234066  0 
-0.000322344 0.0126241  0 
0.0690625 -0.0394496  0 
0.297496 0.118143  0 
0.336997 0.114173  0 
0.374082 0.116568  0 
0.407104 0.105237  0 
0.506175 0.0637896  0 
0.438071 0.103178  0 
0.464157 0.0918576  0 
0.484028 0.071131  0 
0.521956 0.0470264  0 
0.54338 0.00912855  0 
0.532524 0.0247084  0 
0.528253 -0.00792587  0 
0.543007 -0.0474799  0 
0.527771 -0.0277046  0 
0.230195 -0.162408  0 
0.301534 -0.205265  0 
0.381361 -0.226433  0 
0.352025 -0.224375  0 
0.54139 -0.172918  0 
0.527764 -0.192513  0 
0.54796 -0.0892508  0 
0.547311 -0.11066  0 
0.540801 -0.152695  0 
0.536551 -0.128496  0 
0.537825 -0.0672928  0 
0.407095 -0.222882  0 
0.465592 -0.226677  0 
0.406722 -0.204727  0 
0.492966 -0.198467  0 
0.464987 -0.210034  0 
-1.20424e-24 5.47381e-25  0 
0.0265092 0.0358225  0 
0.0650596 0.0483885  0 
0.102791 0.0559229  0 
0.145115 0.0645998  0 
0.190845 0.0764917  0 
0.233037 0.0834738  0 
0.148195 -0.102031  0 
0.177095 -0.117378  0 
0.100617 -0.0638322  0 
0.0233409 0.00474808  0 
0.0360747 -0.00742201  0 
1.13257e-24 0
 0 
0.00482838 0.0264215  0 
-0.000253892 0.0118032  0 
-0.00246285 0.0357833  0 
-0.00444918 0.0384131  0 
-0.00421665 0.0364803  0 
-0.00273581 0.0306316  0 
-0.00134205 0.02239  0 
0.0507422 -0.0205961  0 
0.26738 0.0837905  0 
0.305371 0.0853287  0 
0.341019 0.0837543  0 
0.383219 0.0841902  0 
0.475331 0.0394729  0 
0.455032 0.0530837  0 
0.414634 0.0772037  0 
0.431808 0.0640051  0 
0.50303 0.0271102  0 
0.518057 0.0104723  0 
0.496972 -0.016893  0 
0.515303 -0.0517008  0 
0.501715 -0.036734  0 
0.242631 -0.159254  0 
0.272249 -0.167178  0 
0.324242 -0.18724  0 
0.52578 -0.16729  0 
0.502496 -0.18175  0 
0.463912 -0.1798  0 
0.531006 -0.0828038  0 
0.523726 -0.109355  0 
0.512611 -0.130032  0 
0.517873 -0.146807  0 
0.506063 -0.0762374  0 
0.350252 -0.187199  0 
0.425323 -0.196075  0 
0.360745 -0.178079  0 
0.442087 -0.18584  0 
-1.20424e-24 5.47381e-25  0 
0.0162482 0.0152533  0 
0.0480374 0.0206109  0 
0.084067 0.0266802  0 
0.123609 0.0372767  0 
0.163631 0.0448573  0 
0.202738 0.0520062  0 
0.112322 -0.0688318  0 
0.152415 -0.0941151  0 
0.0689005 -0.0346554  0 
0.01123 0.0187322  0 
0.0198114 0.0103683  0 
1.13257e-24 0
 0 
-0.000211091 0.0110957  0 
0.000238832 0.0321994  0 
-0.00108312 0.0211957  0 
-0.00391418 0.0378955  0 
-0.0046009 0.0384601  0 
-0.00376205 0.0354119  0 
-0.00239721 0.0296453  0 
0.0321654 -0.00138081  0 
1.13257e-24 0
 0 
0.241029 0.0602034  0 
0.276048 0.059246  0 
0.312499 0.0633592  0 
0.342253 0.056104  0 
0.449338 0.0279341  0 
0.427732 0.0390871  0 
0.40341 0.0484065  0 
0.371757 0.0500664  0 
0.459774 0.00785598  0 
0.409776 0.0115082  0 
0.456595 -0.027625  0 
0.475017 -0.00711723  0 
0.475274 -0.0595628  0 
0.467502 -0.0430806  0 
0.180845 -0.106818  0 
0.229278 -0.134361  0 
0.263454 -0.14673  0 
0.489651 -0.165488  0 
0.427744 -0.160607  0 
0.507926 -0.0952029  0 
0.481479 -0.110961  0 
0.478802 -0.127674  0 
0.473612 -0.143963  0 
0.469445 -0.0745198  0 
0.288278 -0.149069  0 
0.310972 -0.149409  0 
0.367301 -0.166333  0 
0.383471 -0.158424  0 
0.310052 0.0396382  0 
-1.20424e-24 5.47381e-25  0 
0.00704532 -0.00260277  0 
0.0319304 -0.00516546  0 
0.0652299 0.0014332  0 
0.102546 0.0108327  0 
0.139814 0.021192  0 
0.176697 0.0299292  0 
0.0876888 -0.0471851  0 
0.1325 -0.0716254  0 
0.109336 -0.0594183  0 
0.0419873 -0.00866822  0 
0.00460342 0.0269193  0 
0.0125087 0.0183687  0 
-0.000162272 0.0108931  0 
-0.000864444 0.020154  0 
-0.0017701 0.0351442  0 
-0.00194671 0.028416  0 
-0.00439318 0.0389173  0 
-0.00432727 0.0382078  0 
-0.00332833 0.0345722  0 
0.0172932 0.0141805  0 
1.13257e-24 0
 0 
-0.000127104 0.010429  0 
0.212213 0.0361244  0 
0.246408 0.0399349  0 
0.27922 0.04082  0 
0.38845 0.0217035  0 
0.364699 0.0298732  0 
0.338917 0.0358307  0 
0.337557 0.0103361  0 
0.411041 -0.00136848  0 
0.369766 0.00344434  0 
0.402509 -0.0301101  0 
0.425919 -0.0138908  0 
0.420129 -0.0567207  0 
0.412702 -0.0429451  0 
0.187316 -0.103128  0 
0.235846 -0.124229  0 
0.146481 -0.0750297  0 
0.335254 -0.131667  0 
0.409994 -0.139203  0 
0.364899 -0.135069  0 
0.460033 -0.0890086  0 
0.388455 -0.116356  0 
0.42654 -0.0997482  0 
0.423187 -0.113505  0 
0.42482 -0.0710301  0 
0.234263 -0.113525  0 
0.283272 -0.128474  0 
0.304131 -0.127018  0 
0.266778 0.0277893  0 
0.294045 0.0263209  0 
-1.20424e-24 5.47381e-25  0 
-0.00158065 -0.0186759  0 
0.0165715 -0.0266828  0 
0.0449746 -0.0223316  0 
0.0749684 -0.0163853  0 
0.107687 -0.00616085  0 
0.139873 0.00273859  0 
0.0551211 -0.0177982  0 
0.0942679 -0.0418469  0 
0.0709313 -0.0273845  0 
0.0262171 0.006628  0 
0.00116502 0.031621  0 
0.00445296 0.0283344  0 
-0.000689322 0.0198932  0 
-0.00155948 0.0273299  0 
-0.00318939 0.0378004  0 
-0.00273259 0.0337174  0 
-0.00430196 0.039359  0 
-0.00388661 0.0378213  0 
0.011708 0.0210242  0 
1.13257e-24 0
 0 
-0.000511176 0.0189944  0 
-9.53658e-05 0.0101669  0 
0.178156 0.0148922  0 
0.20866 0.0197934  0 
0.225547 0.0164129  0 
0.315894 0.0155514  0 
0.273941 0.0141168  0 
0.290047 0.00568937  0 
0.309317 0.00187676  0 
0.356323 -0.00782028  0 
0.328247 -0.00274904  0 
0.362773 -0.0320256  0 
0.354151 -0.0215563  0 
0.37317 -0.0549166  0 
0.369327 -0.0433393  0 
0.177986 -0.0878469  0 
0.11194 -0.0505834  0 
0.177063 -0.0801906  0 
0.291122 -0.110234  0 
0.337837 -0.117652  0 
0.315923 -0.0988867  0 
0.401058 -0.0797624  0 
0.361162 -0.100629  0 
0.368148 -0.0903996  0 
0.374266 -0.0670277  0 
0.221416 -0.0955167  0 
0.239756 -0.0963258  0 
0.175749 -0.0732901  0 
0.241914 -0.0887025  0 
0.250408 0.0163544  0 
-1.20424e-24 5.47381e-25  0 
-0.0087488 -0.0310806  0 
0.00260462 -0.0453484  0 
0.0242867 -0.0447301  0 
0.0520483 -0.0366645  0 
0.0848905 -0.0234983  0 
0.114315 -0.013071  0 
0.0354919 -0.000325911  0 
0.0689078 -0.0210431  0 
0.0475288 -0.0082753  0 
0.0158859 0.0180508  0 
-0.000633256 0.0348037  0 
0.0025003 0.0316107  0 
-0.00125812 0.0271093  0 
-0.00226554 0.0330523  0 
-0.00359556 0.0391112  0 
-0.003307 0.0375582  0 
-0.00394272 0.0394902  0 
0.00541674 0.029178  0 
-0.000924566 0.0261107  0 
1.13257e-24 0
 0 
-6.63467e-05 0.00997784  0 
-0.000397967 0.0187805  0 
0.136919 -0.00725247  0 
0.162522 -0.00134212  0 
0.186097 0.00258492  0 
0.238785 0.00591081  0 
0.217734 0.00631921  0 
0.24467 0.00152441  0 
0.260161 -0.00227888  0 
0.274373 -0.00763892  0 
0.304245 -0.014504  0 
0.302256 -0.0291797  0 
0.295091 -0.0209631  0 
0.322507 -0.0489405  0 
0.307371 -0.0379911  0 
0.11957 -0.0487346  0 
0.0714725 -0.0206122  0 
0.135679 -0.0535441  0 
0.271098 -0.0914247  0 
0.251641 -0.0758356  0 
0.294314 -0.0800122  0 
0.335432 -0.072392  0 
0.302021 -0.0731995  0 
0.310123 -0.0561859  0 
0.244523 -0.0664737  0 
0.150853 -0.0556618  0 
0.182551 -0.06794  0 
0.197247 -0.0682453  0 
-1.20424e-24 5.47381e-25  0 
-0.0143816 -0.040776  0 
-0.00929813 -0.0597737  0 
0.00877492 -0.0603753  0 
0.0330008 -0.0523048  0 
0.0563008 -0.0424725  0 
0.0864689 -0.0291046  0 
0.0265738 0.00880163  0 
0.0310863 0.0063988  0 
0.0465234 -0.00343127  0 
0.0100839 0.0252399  0 
-0.00200598 0.0376662  0 
0.000314247 0.0354356  0 
-0.00177629 0.0326897  0 
-0.00258337 0.0367126  0 
-0.00332618 0.0399913  0 
-0.00332156 0.0396154  0 
0.00345081 0.0326086  0 
-0.00137393 0.0320155  0 
1.13257e-24 0
 0 
-0.000739809 0.0256798  0 
-5.4004e-05 0.00971675  0 
-0.00029887 0.0184914  0 
0.106234 -0.0217886  0 
0.135368 -0.0118694  0 
0.156808 -0.00670438  0 
0.195502 -0.00335076  0 
0.168096 -0.00549058  0 
0.199627 -0.00483397  0 
0.225657 -0.00590965  0 
0.231988 -0.0142005  0 
0.237769 -0.00996689  0 
0.2448 -0.0247988  0 
0.239708 -0.0190145  0 
0.248382 -0.0440074  0 
0.272712 -0.042629  0 
0.248504 -0.0309834  0 
0.213185 -0.0234408  0 
0.0846663 -0.0258368  0 
0.0492477 -0.00336393  0 
0.0973003 -0.0303094  0 
0.1882 -0.0550108  0 
0.197756 -0.0529834  0 
0.239299 -0.0555187  0 
0.24495 -0.0504027  0 
0.205217 -0.0489997  0 
0.109924 -0.0331246  0 
0.140905 -0.0439178  0 
0.131101 -0.0357208  0 
0.204339 -0.0358221  0 
-1.20424e-24 5.47381e-25  0 
-0.0190563 -0.0484182  0 
-0.0192369 -0.0711954  0 
-0.00694047 -0.0744184  0 
0.0130644 -0.0670985  0 
0.0358539 -0.0551678  0 
0.0591764 -0.0429002  0 
0.0158794 0.0204386  0 
0.0342931 0.0076921  0 
0.0261699 0.012471  0 
0.00709518 0.0293644  0 
-0.0021296 0.0393541  0 
-0.000412771 0.0375984  0 
-0.00211733 0.036806  0 
-0.00269818 0.0393857  0 
-0.00299149 0.0406788  0 
0.00216726 0.0358724  0 
1.13257e-24 0
 0 
-0.00165577 0.0363323  0 
-0.0010603 0.0316033  0 
-4.7513e-05 0.00959563  0 
-0.000590399 0.0255731  0 
-0.000255481 0.0182387  0 
0.0808593 -0.0320756  0 
0.101168 -0.0232127  0 
0.159311 -0.00858146  0 
0.119483 -0.0167254  0 
0.135669 -0.0121832  0 
0.161405 -0.00892462  0 
0.202002 -0.0149231  0 
0.17198 -0.00920733  0 
0.194178 -0.0111655  0 
0.192147 -0.0171027  0 
0.215795 -0.0339726  0 
0.215222 -0.0289377  0 
0.166837 -0.0168117  0 
0.167622 -0.0234043  0 
0.059238 -0.00787409  0 
0.0426147 0.00313742  0 
0.0690887 -0.0119233  0 
0.0789999 -0.0152445  0 
0.141282 -0.0353956  0 
0.149216 -0.0343506  0 
0.188182 -0.0374917  0 
0.156108 -0.0323978  0 
0.105026 -0.0190473  0 
0.102584 -0.0242933  0 
0.0970354 -0.0182569  0 
0.165436 -0.0269317  0 
-1.20424e-24 5.47381e-25  0 
-0.0222915 -0.0529702  0 
-0.0273095 -0.0789566  0 
-0.0187703 -0.0839628  0 
-0.00233399 -0.0771407  0 
0.0179116 -0.0649883  0 
0.0355575 -0.0535386  0 
0.011782 0.0255801  0 
0.0235978 0.0177191  0 
0.0173161 0.021677  0 
0.00531634 0.0326431  0 
-0.000475704 0.0394469  0 
-0.00217189 0.0407786  0 
-0.00218988 0.0396528  0 
-0.00246998 0.0409225  0 
0.00143349 0.0379755  0 
1.13257e-24 0
 0 
-4.95374e-05 0.00959459  0 
-0.00175876 0.0394542  0 
-0.00133505 0.0358208  0 
-0.000883592 0.0313123  0 
-0.00022399 0.0180252  0 
-0.000493917 0.0250483  0 
0.0598396 -0.0397002  0 
0.0787029 -0.0295562  0 
0.115995 -0.0131598  0 
0.110784 -0.0162338  0 
0.0958533 -0.0217863  0 
0.13543 -0.0101796  0 
0.152734 -0.00982849  0 
0.158893 -0.0117981  0 
0.144736 -0.00962595  0 
0.150418 -0.012272  0 
0.128849 -0.0136436  0 
0.129064 -0.0106966  0 
0.167713 -0.0199697  0 
0.0515001 -0.000722223  0 
0.0300438 0.0140567  0 
0.0187823 0.0232665  0 
0.0698843 -0.00770516  0 
0.05208 0.00106811  0 
0.118979 -0.0223607  0 
0.117885 -0.0181304  0 
0.143709 -0.0235905  0 
0.0946218 -0.0118804  0 
0.082346 -0.00816902  0 
0.0749139 -0.0069017  0 
0.126036 -0.0151461  0 
0.0940577 -0.0152707  0 
-1.20424e-24 5.47381e-25  0 
-0.0244554 -0.0556767  0 
-0.033467 -0.0838921  0 
-0.0302187 -0.0917673  0 
-0.0175857 -0.0860973  0 
-0.000420782 -0.074388  0 
0.0178529 -0.0609217  0 
0.00888399 0.0304162  0 
0.0131994 0.0274286  0 
0.00337618 0.037031  0 
-0.000812424 0.0412034  0 
-0.00181864 0.0415651  0 
-0.00199542 0.0413847  0 
0.000435844 0.0408367  0 
-0.00162244 0.0414259  0 
1.13257e-24 0
 0 
-4.9932e-05 0.00949272  0 
-0.00022264 0.0176357  0 
-0.00144076 0.0393462  0 
-0.00116148 0.0358307  0 
-0.000790602 0.0307614  0 
-0.00047706 0.0247786  0 
1.13257e-24 0
 0 
0.0361948 -0.0480064  0 
0.0512132 -0.0365831  0 
0.0822594 -0.0205841  0 
0.0688514 -0.0275749  0 
0.103724 -0.0118062  0 
0.105342 -0.00899757  0 
0.123398 -0.00838872  0 
0.118343 -0.00881317  0 
0.0975132 -0.00489702  0 
0.116702 -0.00802292  0 
0.105863 -0.00826471  0 
0.0992762 -0.00459651  0 
0.116555 -0.00938345  0 
0.0368308 0.0103884  0 
0.0232703 0.0210168  0 
0.0422245 0.008927  0 
0.0151271 0.0279158  0 
0.0575698 0.00259102  0 
0.0506591 0.00486814  0 
0.0861913 -0.00664536  0 
0.106527 -0.0122614  0 
0.0700278 -7.53498e-05  0 
0.0641483 0.000956556  0 
0.0842058 -0.00193429  0 
0.0709361 -0.0192334  0 
0.0798413 -0.014532  0 
-1.20424e-24 5.47381e-25  0 
-0.0258437 -0.0567636  0 
-0.0383391 -0.0863892  0 
-0.0381369 -0.0959463  0 
-0.0293866 -0.0915711  0 
-0.0194669 -0.0823735  0 
-0.00458098 -0.0691383  0 
0.00619267 0.0348536  0 
0.00952777 0.0324329  0 
0.00224628 0.0397164  0 
-0.000532889 0.0422684  0 
-0.00146148 0.0422595  0 
0.000621352 0.0418007  0 
-0.00127847 0.0426909  0 
-0.0014601 0.0416982  0 
-5.3254e-05 0.0092546  0 
-0.000261832 0.0175951  0 
-0.000511668 0.0247125  0 
-0.001354 0.039241  0 
-0.00110725 0.0355853  0 
-0.000820065 0.0307042  0 
-7.03692e-05 0.00899037  0 
1.13257e-24 0
 0 
0.0109416 -0.0557139  0 
0.0338697 -0.0405159  0 
0.042895 -0.0315938  0 
0.079132 -0.0114784  0 
0.0862509 -0.00842099  0 
0.0833224 -0.00583696  0 
0.0790384 -0.00367541  0 
0.0805053 -0.00147117  0 
0.0870282 -0.00266303  0 
0.0812014 -0.00071811  0 
0.0890347 -0.00211223  0 
0.0287293 0.018113  0 
0.0170181 0.0275121  0 
0.0342074 0.015528  0 
0.0110073 0.0328361  0 
0.0475585 0.00940533  0 
0.0396279 0.0133369  0 
0.0704266 0.00233847  0 
0.0707468 0.00126576  0 
0.0581522 0.0062119  0 
0.0499471 0.00966881  0 
0.064361 0.00538802  0 
0.0575278 0.00786839  0 
0.0491925 -0.0247023  0 
0.0586177 -0.0176786  0 
0.0658094 -0.00958523  0 
-1.20424e-24 5.47381e-25  0 
-0.0264275 -0.056836  0 
-0.0417563 -0.0876904  0 
-0.045241 -0.0983  0 
-0.0412632 -0.0958991  0 
-0.0312784 -0.0858844  0 
-0.0160428 -0.0713954  0 
0.00437137 0.0381642  0 
0.0069489 0.0361385  0 
0.00213876 0.0408822  0 
0.00629773 0.0375904  0 
-0.000695542 0.0432836  0 
9.04799e-05 0.0431926  0 
-0.00130075 0.0430038  0 
-0.00147605 0.041699  0 
-0.00028979 0.017146  0 
-0.000569699 0.024138  0 
-0.000888283 0.0300954  0 
-0.00138654 0.0390657  0 
-0.00115881 0.0350259  0 
-0.000358487 0.0168301  0 
-8.50158e-05 0.00901971  0 
1.13257e-24 0
 0 
-0.0015897 -0.0573946  0 
0.0122938 -0.0444895  0 
0.0205473 -0.0348096  0 
0.0450032 -0.0167173  0 
0.0580813 -0.00651048  0 
0.056228 -0.0028794  0 
0.0655042 -0.000281997  0 
0.0673069 0.00142881  0 
0.0671316 0.0038646  0 
0.067766 0.0028027  0 
0.0496117 0.00909716  0 
0.0212096 0.0249621  0 
0.0124338 0.0324621  0 
0.0255109 0.0226091  0 
0.00878569 0.0358823  0 
0.029876 0.0205303  0 
0.0390355 0.0151848  0 
0.0588078 0.00707865  0 
0.0480626 0.0116504  0 
0.0377221 0.0169011  0 
0.0468236 0.0125236  0 
0.0458125 0.0118988  0 
0.0310312 -0.0252981  0 
0.0466404 -0.011715  0 
-1.20424e-24 5.47381e-25  0 
-0.025931 -0.0546111  0 
-0.0430894 -0.0856918  0 
-0.050036 -0.0979641  0 
-0.0491748 -0.0975705  0 
-0.0423043 -0.0890238  0 
-0.0298188 -0.0754518  0 
0.00409684 0.0394387  0 
0.00220496 0.0415754  0 
0.000862936 0.0430428  0 
0.00412479 0.0403533  0 
-0.00099357 0.0440164  0 
-0.000447625 0.0440539  0 
-0.00144504 0.0433241  0 
-0.00162298 0.0416385  0 
-0.000684862 0.0237264  0 
-0.00103016 0.0296998  0 
-0.00136364 0.0348839  0 
-0.00160657 0.0387618  0 
-0.000808666 0.0230203  0 
-0.000435366 0.0166249  0 
-9.77879e-05 0.00879357  0 
1.13257e-24 0
 0 
-0.0173504 -0.0616252  0 
-0.00833259 -0.0496842  0 
0.00301977 -0.0378218  0 
0.0174109 -0.0263533  0 
0.0261985 -0.0181659  0 
0.0333823 -0.0113962  0 
0.0337982 -0.00617181  0 
0.0410308 -0.00142753  0 
0.0470445 0.00214093  0 
0.0490465 0.00491654  0 
0.0498239 0.00714076  0 
0.0354571 0.015348  0 
0.0357121 0.0132357  0 
0.0220224 0.0260712  0 
0.0156153 0.030286  0 
0.0113976 0.0339557  0 
0.0188007 0.0282175  0 
0.00585442 0.0388762  0 
0.0250397 0.024464  0 
0.0279725 0.0225107  0 
0.0441094 0.0138269  0 
0.0361067 0.0179151  0 
0.0344638 0.0173107  0 
-1.20424e-24 5.47381e-25  0 
-0.0248147 -0.0514379  0 
-0.0434516 -0.0826041  0 
-0.0525322 -0.0960456  0 
-0.0543583 -0.0971511  0 
-0.050366 -0.0893047  0 
-0.0415402 -0.0782167  0 
0.0019662 0.0422933  0 
-8.4638e-06 0.0440483  0 
0.00206207 0.0423411  0 
-0.00137681 0.0442948  0 
-0.00115826 0.0446883  0 
-0.00186501 0.0432516  0 
-0.00202492 0.0413472  0 
-0.00126109 0.0294139  0 
-0.00167938 0.0343365  0 
-0.00188456 0.0384114  0 
-0.00146165 0.0282288  0 
-0.000996127 0.0229199  0 
-0.000509284 0.0161885  0 
-0.000114434 0.00831374  0 
1.13257e-24 0
 0 
-0.0316336 -0.063802  0 
-0.019852 -0.0516224  0 
-0.0089545 -0.0394221  0 
0.00972054 -0.0196038  0 
-0.000942627 -0.0275062  0 
0.0139502 -0.0108596  0 
0.0228259 -0.0056232  0 
0.027633 -0.000486095  0 
0.0270348 0.00539839  0 
0.0291823 0.00925161  0 
0.0186835 0.011026  0 
0.0302083 0.0125724  0 
0.0268369 0.0194227  0 
0.0273047 0.0170127  0 
0.0169471 0.0298098  0 
0.0176679 0.0292666  0 
0.00774706 0.0373272  0 
0.0120493 0.0337402  0 
0.0141376 0.0319428  0 
0.00313829 0.0411015  0 
0.0201341 0.0274647  0 
0.024906 0.0239337  0 
0.0137236 0.0316612  0 
0.0269257 0.0219977  0 
0.0233967 0.0223228  0 
-1.20424e-24 5.47381e-25  0 
-0.0236553 -0.0482207  0 
-0.042494 -0.0779807  0 
-0.0539839 -0.0925625  0 
-0.0584957 -0.0950731  0 
-0.0569891 -0.0892585  0 
-0.051339 -0.0787078  0 
-0.000829243 0.0446251  0 
0.000808253 0.0434904  0 
0.000163954 0.0434198  0 
-0.00199304 0.0443788  0 
-0.00182301 0.0449421  0 
-0.0023022 0.0431196  0 
-0.00251432 0.0407557  0 
-0.00173088 0.0449645  0 
-0.0019809 0.0337788  0 
-0.00238411 0.0377654  0 
-0.00230242 0.0327484  0 
-0.00179074 0.0280223  0 
-0.00114834 0.0222909  0 
-0.000581578 0.0154791  0 
-0.000134778 0.0082119  0 
1.13257e-24 0
 0 
-0.0430008 -0.0658629  0 
-0.0337097 -0.0529529  0 
-0.0240688 -0.0405799  0 
-0.00321596 -0.0187631  0 
-0.0151226 -0.0294256  0 
-0.000445815 -0.0115834  0 
0.00531927 -0.00448425  0 
0.010054 0.00158775  0 
0.0137397 0.00670895  0 
0.0180887 0.0148228  0 
0.00918566 0.0123332  0 
0.0191946 0.0180668  0 
0.0195719 0.0209977  0 
0.0043884 0.0397355  0 
0.00936017 0.0352259  0 
0.00785201 0.0368675  0 
0.000690816 0.0423463  0 
0.0153907 0.0298756  0 
0.0169657 0.0277819  0 
0.00603463 0.0367196  0 
0.00796593 0.0347889  0 
0.0116377 0.029615  0 
0.0138752 0.0276179  0 
0.0142585 0.0253755  0 
-1.20424e-24 5.47381e-25  0 
-0.0220572 -0.0444146  0 
-0.0406466 -0.072345  0 
-0.0537257 -0.0880981  0 
-0.0603729 -0.091957  0 
-0.0613572 -0.0877394  0 
-0.0573019 -0.0782391  0 
-0.00157469 0.0447112  0 
-0.00212696 0.0443393  0 
-0.00265583 0.0443462  0 
-0.00296848 0.0450199  0 
-0.0030567 0.0429079  0 
-0.00322219 0.0403476  0 
-0.00371941 0.0452382  0 
-0.00283723 0.0368317  0 
-0.00332251 0.0356478  0 
-0.00278916 0.0320608  0 
-0.00202964 0.0269101  0 
-0.00129217 0.0212953  0 
-0.000671632 0.0150443  0 
-0.000141596 0.0076619  0 
1.13257e-24 0
 0 
-0.0521558 -0.067074  0 
-0.0421201 -0.0535908  0 
-0.0360508 -0.0424226  0 
-0.0164349 -0.020214  0 
-0.0276552 -0.0310823  0 
-0.0133842 -0.0125329  0 
-0.00341545 -0.00414362  0 
-0.00246628 0.00163865  0 
0.00155079 0.00731702  0 
0.000579029 0.0111412  0 
-0.000543952 0.0148783  0 
0.00731582 0.0164386  0 
0.00794195 0.0260762  0 
0.00888764 0.0201569  0 
0.0098452 0.0233678  0 
0.00137945 0.0410795  0 
0.00430285 0.0386895  0 
-0.00159721 0.0432324  0 
-0.00137273 0.0420328  0 
0.0089703 0.0329238  0 
0.00247283 0.0379979  0 
0.00282742 0.0361673  0 
0.00635277 0.0311446  0 
0.0061327 0.0289093  0 
-1.20424e-24 5.47381e-25  0 
-0.0205779 -0.0409185  0 
-0.0389434 -0.0672974  0 
-0.0526182 -0.0823263  0 
-0.0610853 -0.0871323  0 
-0.0644728 -0.084354  0 
-0.0649124 -0.0790223  0 
-0.061549 -0.0756568  0 
-0.00412588 0.0445399  0 
-0.00409558 0.0450734  0 
-0.0038552 0.0439455  0 
-0.00426874 0.0448348  0 
-0.00380786 0.0421662  0 
-0.00380183 0.0396808  0 
-0.00535656 0.0450122  0 
-0.00442608 0.0385646  0 
-0.00397327 0.035206  0 
-0.00313761 0.0307753  0 
-0.00226027 0.0256782  0 
-0.00148939 0.0206261  0 
-0.000718391 0.0140226  0 
1.13257e-24 0
 0 
-0.000160563 0.00727442  0 
-0.058347 -0.0654659  0 
-0.0517859 -0.0533941  0 
-0.0444959 -0.0414303  0 
-0.0265051 -0.0190204  0 
-0.0396361 -0.0312756  0 
-0.0232903 -0.0111984  0 
-0.0173978 -0.00330068  0 
-0.0122677 0.00357882  0 
-0.012038 0.0089683  0 
-0.00858688 0.0144591  0 
-0.00190208 0.0191806  0 
0.00165232 0.0264791  0 
0.00014833 0.0230881  0 
-0.000418166 0.0404136  0 
-0.00394528 0.0437777  0 
-0.00415717 0.0426975  0 
0.00301821 0.0341357  0 
-0.00224272 0.0395089  0 
-0.00251787 0.0376812  0 
-0.000452282 0.0324211  0 
-0.00110855 0.0297691  0 
-0.0064252 0.0275342  0 
-1.20424e-24 5.47381e-25  0 
-0.0181045 -0.0356912  0 
-0.035607 -0.0602128  0 
-0.0499891 -0.0757139  0 
-0.0597846 -0.0815592  0 
-0.064594 -0.079966  0 
-0.066359 -0.0741442  0 
-0.0061402 0.0448813  0 
-0.00626392 0.0444716  0 
-0.00802958 0.0443433  0 
-0.00471303 0.0435134  0 
-0.00611092 0.0441211  0 
-0.00493734 0.0412037  0 
-0.00579998 0.0399116  0 
-0.00727748 0.0444364  0 
-0.00533391 0.0375367  0 
-0.00445893 0.0341817  0 
-0.00347364 0.0293487  0 
-0.0026129 0.0251009  0 
-0.00160391 0.0194648  0 
1.13257e-24 0
 0 
-0.000777421 0.0133108  0 
-0.000169875 0.00685154  0 
-0.0634155 -0.0645034  0 
-0.0587185 -0.053545  0 
-0.052738 -0.0422099  0 
-0.0485363 -0.0322743  0 
-0.0425671 -0.0223937  0 
-0.0334928 -0.0121843  0 
-0.0277429 -0.00408297  0 
-0.0226354 0.00309207  0 
-0.0179751 0.0144118  0 
-0.0217158 0.00868868  0 
-0.0109874 0.0198141  0 
-0.00843546 0.023945  0 
-0.021456 0.0167567  0 
-0.0151196 0.0258969  0 
-0.00622231 0.0411767  0 
-0.00701075 0.0436828  0 
-0.00776325 0.0425805  0 
-0.00606343 0.0358868  0 
-0.00703497 0.0395886  0 
-0.00662769 0.0377326  0 
-0.00703837 0.0334678  0 
-0.00699307 0.0298542  0 
-0.0126743 0.029545  0 
-0.046648 -0.0198293  0 
-1.20424e-24 5.47381e-25  0 
-0.016646 -0.0324838  0 
-0.0335041 -0.0553342  0 
-0.0469526 -0.0688883  0 
-0.0581705 -0.0757911  0 
-0.0644612 -0.0753705  0 
-0.0672041 -0.0701525  0 
-0.00869641 0.044212  0 
-0.0099781 0.0436788  0 
-0.00723536 0.0434753  0 
-0.00599308 0.0427572  0 
-0.00719362 0.0411365  0 
-0.00683004 0.0392076  0 
-0.00890782 0.0434554  0 
-0.0059546 0.0360093  0 
-0.00755737 0.0380681  0 
-0.00489383 0.0321675  0 
-0.00397979 0.0286064  0 
-0.00279701 0.0236652  0 
1.13257e-24 0
 0 
-0.00168786 0.0182292  0 
-0.000176476 0.00641151  0 
-0.000838492 0.0124881  0 
-0.066369 -0.061456  0 
-0.0631199 -0.0511424  0 
-0.0582681 -0.0401719  0 
-0.0526135 -0.0296458  0 
-0.0407592 -0.0107122  0 
-0.035176 -0.00253982  0 
-0.0300884 0.00476672  0 
-0.0255166 0.0112269  0 
-0.0289812 0.0133078  0 
-0.0180758 0.0217299  0 
-0.0251419 0.0187184  0 
-0.0220627 0.025776  0 
-0.0115033 0.0397284  0 
-0.0101999 0.041407  0 
-0.00990242 0.0434708  0 
-0.0128013 0.0418337  0 
-0.0123193 0.0351604  0 
-0.0108572 0.0375476  0 
-0.0140549 0.0325488  0 
-0.0151895 0.0389163  0 
-0.0157055 0.0374157  0 
-0.019271 0.0295157  0 
-0.0483963 -0.0161844  0 
-0.0536742 -0.025551  0 
-1.20424e-24 5.47381e-25  0 
-0.0144776 -0.0280013  0 
-0.0297967 -0.0483425  0 
-0.0433472 -0.0618345  0 
-0.0550748 -0.0691897  0 
-0.0620773 -0.0695045  0 
-0.0664169 -0.0659817  0 
-0.0121679 0.0429684  0 
-0.0118731 0.0425216  0 
-0.00852811 0.0423313  0 
-0.00847059 0.0403098  0 
-0.010434 0.0421312  0 
-0.00940803 0.0386235  0 
-0.00828178 0.036269  0 
-0.00652835 0.0347681  0 
-0.00556775 0.0312729  0 
-0.00417483 0.0265574  0 
-0.00303903 0.0221869  0 
1.13257e-24 0
 0 
-0.00019819 0.00610662  0 
-0.00185258 0.0172828  0 
-0.000875458 0.0116863  0 
-0.0677402 -0.0591144  0 
-0.062544 -0.0401009  0 
-0.0666361 -0.0504544  0 
-0.0595282 -0.030877  0 
-0.0502903 -0.0127695  0 
-0.0429194 -0.0035304  0 
-0.0379136 0.00382814  0 
-0.0321763 0.0153127  0 
-0.036339 0.00943904  0 
-0.0276711 0.0237579  0 
-0.0285178 0.0205684  0 
-0.0340305 0.0174769  0 
-0.0267359 0.0269479  0 
-0.0145544 0.0404163  0 
-0.0131322 0.0423718  0 
-0.01542 0.0411189  0 
-0.0175755 0.0350654  0 
-0.0189785 0.0316993  0 
-0.0203831 0.0353833  0 
-0.0188306 0.0379155  0 
-0.0236735 0.0305866  0 
-0.0550325 -0.0216888  0 
-0.0647342 -0.0371087  0 
-1.20424e-24 5.47381e-25  0 
-0.0128774 -0.024721  0 
-0.0270555 -0.0430324  0 
-0.0406886 -0.0562284  0 
-0.0519233 -0.0627629  0 
-0.060241 -0.0641118  0 
-0.0649532 -0.0607152  0 
-0.0164105 0.0408455  0 
-0.0143061 0.041635  0 
-0.0127162 0.0413372  0 
-0.0113524 0.0391884  0 
-0.0102288 0.0409502  0 
-0.0102457 0.0367373  0 
-0.00931591 0.0345612  0 
-0.00735698 0.0332515  0 
-0.0058314 0.028983  0 
-0.00442319 0.0252001  0 
1.13257e-24 0
 0 
-0.00317419 0.0209392  0 
-0.000190293 0.0054591  0 
-0.000947567 0.0111111  0 
-0.00188181 0.0159432  0 
-0.00769097 0.0307236  0 
-0.067259 -0.0546207  0 
-0.0673744 -0.0466023  0 
-0.0474586 -0.0020227  0 
-0.0611532 -0.0278758  0 
-0.0585165 -0.0196526  0 
-0.0542006 -0.0111084  0 
-0.0428167 0.005218  0 
-0.0407698 0.0106664  0 
-0.032891 0.021627  0 
-0.0394645 0.0162992  0 
-0.0318199 0.0258074  0 
-0.0180095 0.0395188  0 
-0.0177547 0.0401478  0 
-0.0235895 0.0330267  0 
-0.0224074 0.0367861  0 
-0.0227699 0.0354615  0 
-0.0309143 0.0285652  0 
-0.0187629 0.0393839  0 
-0.0199127 0.0388209  0 
-0.0645283 -0.0325528  0 
-0.0666805 -0.0413005  0 
-0.0603635 -0.0190985  0 
-1.20424e-24 5.47381e-25  0 
-0.0111012 -0.0211642  0 
-0.0242031 -0.0378095  0 
-0.0358903 -0.0488238  0 
-0.0468084 -0.0553623  0 
-0.055453 -0.057488  0 
-0.0622917 -0.0564773  0 
-0.0123079 0.0372089  0 
-0.0145598 0.0373318  0 
-0.0178102 0.0391293  0 
-0.0155292 0.0396911  0 
-0.0133004 0.0399198  0 
-0.0114179 0.0354011  0 
-0.00975988 0.032512  0 
-0.00613247 0.0275069  0 
1.13257e-24 0
 0 
-0.00475939 0.0237383  0 
-0.000197521 0.00503958  0 
-0.00322507 0.0193042  0 
-0.000921818 0.00992592  0 
-0.00198517 0.0148812  0 
-0.00801721 0.0291673  0 
-0.0652896 -0.0512542  0 
-0.0664548 -0.044393  0 
-0.0522964 -0.00312718  0 
-0.0644267 -0.0283127  0 
-0.0577562 -0.0118616  0 
-0.0498087 0.00294841  0 
-0.0456213 0.00937321  0 
-0.0435085 0.0147598  0 
-0.0378732 0.0202783  0 
-0.0359852 0.0243069  0 
-0.0210505 0.0381874  0 
-0.0241948 0.0360714  0 
-0.0278482 0.031799  0 
-0.0264249 0.0340466  0 
-0.0328758 0.0286358  0 
-0.0206905 0.0375132  0 
-0.0228714 0.0368173  0 
-0.0253577 0.0346137  0 
1.13257e-24 0
 0 
-0.0660577 -0.036555  0 
-0.0620181 -0.0192645  0 
-1.20424e-24 5.47381e-25  0 
-0.00958171 -0.0181114  0 
-0.0208625 -0.0320726  0 
-0.0322671 -0.042968  0 
-0.0427885 -0.0494491  0 
-0.0507004 -0.0506351  0 
-0.0584804 -0.0512448  0 
-0.0136569 0.0357906  0 
-0.0161001 0.0357732  0 
-0.0193206 0.0370928  0 
-0.0168313 0.0377511  0 
-0.0119384 0.0332269  0 
-0.0100663 0.0303082  0 
-0.006463 0.0253467  0 
-0.000189704 0.00448142  0 
-0.0048062 0.0218724  0 
-0.000949112 0.00913065  0 
-0.00338523 0.0179579  0 
-0.00195963 0.0135052  0 
-0.00843228 0.0267466  0 
-0.064884 -0.0416666  0 
-0.0646819 -0.0332014  0 
-0.0620615 -0.0459357  0 
-0.0554287 -0.00415421  0 
-0.0637445 -0.0258949  0 
-0.059388 -0.0108901  0 
-0.0515184 0.00405178  0 
-0.0475867 0.0101648  0 
-0.0452722 0.0145806  0 
-0.0378962 0.0237797  0 
-0.0415982 0.0195214  0 
-0.0255599 0.0351226  0 
-0.0284206 0.032993  0 
-0.0297114 0.0316655  0 
-0.0355289 0.0266898  0 
-0.027918 0.0322426  0 
-0.0221933 0.03537  0 
-0.0249751 0.034043  0 
-0.0214008 0.0345245  0 
-0.000181393 0.00394274  0 
1.13257e-24 0
 0 
-0.0618951 -0.0187712  0 
-1.20424e-24 5.47381e-25  0 
-0.00810753 -0.0151903  0 
-0.0179001 -0.0273259  0 
-0.0284249 -0.0370954  0 
-0.0382327 -0.0429496  0 
-0.0467522 -0.0455569  0 
-0.0525133 -0.0444897  0 
-0.0151569 0.0343688  0 
-0.0141622 0.0328716  0 
-0.0177319 0.0341029  0 
-0.0187067 0.0353756  0 
-0.0126987 0.0303915  0 
-0.0107107 0.0282015  0 
-0.0066065 0.0237712  0 
-0.000931052 0.00828254  0 
-0.00513055 0.0206804  0 
-0.0019576 0.0123667  0 
-0.00340517 0.0166099  0 
-0.00857854 0.0250858  0 
-0.0629474 -0.0312662  0 
-0.0616535 -0.0373771  0 
-0.0573972 -0.0418326  0 
-0.0564761 -0.00376606  0 
-0.0627568 -0.0246347  0 
-0.0593103 -0.0112388  0 
-0.061313 -0.0181476  0 
-0.0533179 0.0027026  0 
-0.0497769 0.00860864  0 
-0.0471567 0.0127618  0 
-0.0395176 0.0224489  0 
-0.0436266 0.0175921  0 
-0.0372319 0.0245112  0 
-0.0304667 0.0308921  0 
-0.032294 0.0297339  0 
-0.0302083 0.0298525  0 
-0.0271547 0.0318286  0 
-0.0242073 0.0333799  0 
-0.0221323 0.0321418  0 
-0.000889245 0.00730546  0 
-0.00017623 0.00353305  0 
1.13257e-24 0
 0 
-1.20424e-24 5.47381e-25  0 
-0.00695632 -0.0129955  0 
-0.0156742 -0.023489  0 
-0.0245465 -0.0316056  0 
-0.0335255 -0.037091  0 
-0.0416072 -0.039312  0 
-0.048392 -0.0392626  0 
-0.0166744 0.0327159  0 
-0.0145985 0.0311771  0 
-0.0193261 0.0322123  0 
-0.0129742 0.0286814  0 
-0.0106869 0.0258968  0 
-0.0070107 0.0224201  0 
-0.00198035 0.0112644  0 
-0.00502966 0.0187782  0 
-0.00330672 0.0149511  0 
-0.00905159 0.0235992  0 
-0.0595133 -0.0291284  0 
-0.0574753 -0.0343026  0 
-0.0535599 -0.0369918  0 
-0.0562819 -0.00463059  0 
-0.0574189 -0.0094278  0 
-0.0593588 -0.0219091  0 
-0.0589549 -0.0157749  0 
-0.0537092 0.00145808  0 
-0.046435 0.0130104  0 
-0.0497287 0.00804083  0 
-0.0405597 0.0209988  0 
-0.0430758 0.0174874  0 
-0.0372988 0.0234559  0 
-0.0320744 0.0270817  0 
-0.0333755 0.0275211  0 
-0.0224569 0.0296393  0 
-0.0278797 0.02939  0 
-0.024998 0.0309414  0 
-0.0260448 0.026936  0 
-0.0306892 0.026492  0 
-0.00187839 0.00995025  0 
-0.000872197 0.00653929  0 
-0.000169624 0.00309557  0 
1.13257e-24 0
 0 
-1.20424e-24 5.47381e-25  0 
-0.00588632 -0.0109125  0 
-0.0134834 -0.0200166  0 
-0.0216224 -0.0272372  0 
-0.0291782 -0.0315102  0 
-0.0441847 -0.0351314  0 
-0.0365823 -0.034095  0 
-0.0204928 0.0273071  0 
-0.0204193 0.0294441  0 
-0.0154218 0.0287286  0 
-0.017722 0.0301456  0 
-0.0129157 0.0262809  0 
-0.0110005 0.0237003  0 
-0.0152723 0.0262523  0 
-0.00670854 0.0198879  0 
-0.00333335 0.0135836  0 
-0.00487326 0.0169082  0 
-0.00863656 0.0208796  0 
-0.0547277 -0.0255218  0 
-0.0534561 -0.0301987  0 
-0.0494993 -0.0334422  0 
-0.0537653 -0.00410439  0 
-0.0550765 -0.00956951  0 
-0.0567458 -0.0148787  0 
-0.0558748 -0.020553  0 
-0.0516802 0.00132774  0 
-0.0462256 0.0117152  0 
-0.0490954 0.00641295  0 
-0.0432102 0.0153754  0 
-0.0401477 0.0191201  0 
-0.0370292 0.0223098  0 
-0.0337217 0.0241759  0 
-0.0233902 0.0266687  0 
-0.0281187 0.0268333  0 
-0.0259212 0.0248465  0 
-0.0317709 0.0230039  0 
-0.00306597 0.0117278  0 
-0.00179342 0.00869108  0 
-0.000811937 0.00565151  0 
-0.00016326 0.00271296  0 
1.13257e-24 0
 0 
-1.20424e-24 5.47381e-25  0 
-0.00485699 -0.00895353  0 
-0.0113218 -0.0166053  0 
-0.0183584 -0.0228506  0 
-0.0250312 -0.0266847  0 
-0.0390147 -0.0305824  0 
-0.031826 -0.0292217  0 
-0.0203345 0.0251573  0 
-0.0177189 0.0276441  0 
-0.0132324 0.0239102  0 
-0.0106733 0.0214155  0 
-0.0159611 0.0244516  0 
-0.00677553 0.0180591  0 
-0.00488952 0.0152965  0 
-0.00868984 0.0188521  0 
-0.0499064 -0.0231436  0 
-0.0482792 -0.0270092  0 
-0.0430577 -0.0289792  0 
-0.05207 -0.00950833  0 
-0.0511045 -0.00456321  0 
-0.0533658 -0.0141921  0 
-0.051408 -0.0189955  0 
-0.0495588 0.000313526  0 
-0.0474211 0.00498056  0 
-0.0454351 0.0104352  0 
-0.0424882 0.0132816  0 
-0.0367955 0.0199157  0 
-0.0396659 0.0168522  0 
-0.0346737 0.0204908  0 
-0.0427938 0.0104598  0 
-0.022933 0.024104  0 
-0.0284518 0.0226092  0 
-0.0255547 0.022727  0 
-0.0336815 0.0181028  0 
-0.0310732 0.0205305  0 
-0.0046176 0.0135344  0 
-0.00299952 0.010434  0 
-0.00170523 0.00769679  0 
-0.000780822 0.00494505  0 
-0.00015305 0.00232274  0 
1.13257e-24 0
 0 
-0.0468102 -0.0202267  0 
-0.0485131 -0.00273289  0 
-1.20424e-24 5.47381e-25  0 
-0.00410527 -0.00749379  0 
-0.00950173 -0.0137296  0 
-0.0160167 -0.0194023  0 
-0.0225536 -0.0232944  0 
-0.0348091 -0.0263267  0 
-0.0289367 -0.0255846  0 
-0.0210679 0.0231302  0 
-0.0185344 0.0239495  0 
-0.0131184 0.0221966  0 
-0.0105076 0.0197379  0 
-0.0154326 0.0220335  0 
-0.00643671 0.0160888  0 
-0.00848004 0.0172755  0 
-0.00606301 0.0141992  0 
-0.0438921 -0.0232875  0 
-0.0386647 -0.0249437  0 
-0.0492072 -0.012004  0 
-0.0492643 -0.00741245  0 
-0.0485131 -0.0163437  0 
-0.0471495 0.0018888  0 
-0.045169 0.00635044  0 
-0.0398103 0.0129665  0 
-0.0372562 0.0161946  0 
-0.0407528 0.00871924  0 
-0.0355689 0.0151191  0 
-0.0337698 0.0140906  0 
-0.0230696 0.0211295  0 
-0.0288694 0.0186735  0 
-0.0255517 0.0196417  0 
-0.0313956 0.0165207  0 
-0.00451967 0.012021  0 
-0.00283986 0.00927251  0 
-0.00165208 0.00672795  0 
-0.000722086 0.00426111  0 
-0.000134586 0.00188582  0 
1.13257e-24 0
 0 
-0.0443915 0.00302642  0 
-0.0447364 -0.0172904  0 
-0.0422501 -0.0205075  0 
-0.0453637 -0.00730435  0 
-0.045064 -0.00318234  0 
-1.20424e-24 5.47381e-25  0 
-0.00333288 -0.00605864  0 
-0.00796002 -0.0114291  0 
-0.013041 -0.0156433  0 
-0.0184724 -0.0190023  0 
-0.0301691 -0.0225393  0 
-0.023957 -0.0207405  0 
-0.0219554 0.0187741  0 
-0.0202568 0.0206976  0 
-0.0173629 0.0207814  0 
-0.0125678 0.0198761  0 
-0.0104084 0.0176381  0 
-0.014738 0.019685  0 
-0.00795149 0.0152619  0 
-0.00587748 0.0125282  0 
-0.0097369 0.0155536  0 
-0.0348595 -0.022153  0 
-0.045061 -0.0112333  0 
-0.040978 -0.011877  0 
-0.0424625 -0.0147569  0 
-0.0429678 0.000273817  0 
-0.0417113 0.00403247  0 
-0.0378937 0.0110107  0 
-0.0396089 0.00644641  0 
-0.0346773 0.0106238  0 
-0.0317964 0.0121218  0 
-0.0285014 0.01362  0 
-0.0246577 0.0177128  0 
-0.0273748 0.0163965  0 
-0.00415072 0.0104355  0 
-0.0026876 0.00816879  0 
-0.00146514 0.005684  0 
-0.000629582 0.00346566  0 
-0.000122032 0.00158465  0 
1.13257e-24 0
 0 
-0.0403686 -0.0177042  0 
-0.0368731 -0.0190543  0 
-0.0419957 -0.00672706  0 
-0.0423841 -0.00266383  0 
-1.20424e-24 5.47381e-25  0 
-0.00273747 -0.0049218  0 
-0.00662032 -0.00931241  0 
-0.0107633 -0.012808  0 
-0.0159779 -0.0159758  0 
-0.0202002 -0.0173678  0 
-0.0255416 -0.0186062  0 
-0.021414 0.0166428  0 
-0.0192057 0.0183515  0 
-0.0171345 0.0182281  0 
-0.012412 0.0176437  0 
-0.0145008 0.0173264  0 
-0.0111733 0.0149825  0 
-0.00772469 0.0134369  0 
-0.00557547 0.0112109  0 
-0.00909495 0.0131415  0 
-0.0297805 -0.0182851  0 
-0.0360876 -0.0150379  0 
-0.0393526 -0.00943844  0 
-0.0366783 -0.0122815  0 
-0.029442 0.0102627  0 
-0.0391418 0.000978252  0 
-0.0380401 0.00437422  0 
-0.0365465 0.00761618  0 
-0.0321214 0.00895006  0 
-0.0305697 0.00707105  0 
-0.0271826 0.0107532  0 
-0.023546 0.0158765  0 
-0.0256589 0.0142343  0 
-0.0203285 0.0126174  0 
-0.00390585 0.00922847  0 
-0.00245783 0.00685478  0 
-0.00136417 0.00488278  0 
-0.000597908 0.00298718  0 
-0.000109973 0.00129102  0 
1.13257e-24 0
 0 
-0.032084 -0.0165719  0 
-0.0385922 -0.00629762  0 
-0.0384929 -0.0029525  0 
-1.20424e-24 5.47381e-25  0 
-0.00214167 -0.00383125  0 
-0.00525589 -0.00733778  0 
-0.00910331 -0.0106353  0 
-0.0132626 -0.0131205  0 
-0.0175204 -0.0147986  0 
-0.0207962 -0.0151154  0 
-0.0206941 0.0146324  0 
-0.0186929 0.0157863  0 
-0.0160136 0.0160466  0 
-0.0135164 0.0152006  0 
-0.0111593 0.0134959  0 
-0.00708428 0.011658  0 
-0.0052468 0.0099462  0 
-0.00861694 0.0118029  0 
-0.0244828 -0.0150663  0 
-0.0287623 -0.0146043  0 
-0.0314058 -0.0130931  0 
-0.0334622 -0.00848192  0 
-0.0334751 -0.0110504  0 
-0.0276082 0.00764078  0 
-0.0356411 0.000276538  0 
-0.0348129 0.0033222  0 
-0.0324207 0.00539563  0 
-0.0288367 0.00540826  0 
-0.0248053 0.00911794  0 
-0.0244592 0.0115658  0 
-0.0226727 0.0131911  0 
-0.0182027 0.0120241  0 
-0.019741 0.0107383  0 
-0.00370576 0.00796745  0 
-0.00225811 0.00591487  0 
-0.00121294 0.00398391  0 
-0.000506724 0.0023434  0 
-9.78009e-05 0.00102218  0 
1.13257e-24 0
 0 
-0.0342566 -0.00586303  0 
-0.0344768 -0.00302813  0 
-0.0319876 -0.00178148  0 
-1.20424e-24 5.47381e-25  0 
-0.00174388 -0.00310206  0 
-0.00437145 -0.00599347  0 
-0.00769726 -0.00878181  0 
-0.0113068 -0.0108771  0 
-0.0145128 -0.011933  0 
-0.0179925 -0.0125736  0 
-0.0148156 0.014014  0 
-0.0172599 0.0137452  0 
-0.0129445 0.0130843  0 
-0.0163605 0.0115398  0 
-0.0101615 0.0116751  0 
-0.00495725 0.00855031  0 
-0.00670778 0.0100465  0 
-0.00814474 0.0101001  0 
-0.0212775 -0.0125205  0 
-0.0252149 -0.0122024  0 
-0.0264466 -0.0105952  0 
-0.0295919 -0.00686513  0 
-0.0282666 -0.00890868  0 
-0.0249131 0.00635452  0 
-0.0317929 0.000910873  0 
-0.0298394 0.0029497  0 
-0.0268906 0.00361582  0 
-0.022391 0.00766377  0 
-0.0223524 0.0098293  0 
-0.0193778 0.00910654  0 
-0.017042 0.0098783  0 
-0.00314853 0.00644037  0 
-0.00202879 0.00481786  0 
-0.00109252 0.00332608  0 
-0.000455068 0.00189201  0 
-8.53151e-05 0.000795063  0 
1.13257e-24 0
 0 
-0.0303912 -0.00454139  0 
-0.028272 -0.00186971  0 
-0.02626 -0.00611679  0 
-1.20424e-24 5.47381e-25  0 
-0.00138968 -0.00244781  0 
-0.00346947 -0.00470204  0 
-0.00624147 -0.00700574  0 
-0.0092726 -0.00878363  0 
-0.0119781 -0.00973107  0 
-0.0178623 -0.0104524  0 
-0.0156202 -0.0107238  0 
-0.0120326 0.0115457  0 
-0.0140491 0.0118563  0 
-0.0147706 0.00987186  0 
-0.00958945 0.0104246  0 
-0.0110637 0.0101182  0 
-0.00520313 0.0078703  0 
-0.00422467 0.00691274  0 
-0.00626302 0.00887091  0 
-0.00724321 0.00856347  0 
-0.0214015 -0.010308  0 
-0.023667 -0.00933873  0 
-0.0243111 -0.00774474  0 
-0.0223213 0.00492391  0 
-0.0241961 0.00404436  0 
-0.0282633 0.000427513  0 
-0.0247014 0.00209973  0 
-0.0204248 0.00567261  0 
-0.0194569 0.00720607  0 
-0.0167683 0.00833515  0 
-0.00303969 0.00561365  0 
-0.00174457 0.00389476  0 
-0.000940868 0.00264532  0 
-0.000398603 0.00150176  0 
-7.02275e-05 0.000583683  0 
1.13257e-24 0
 0 
-0.0264752 -0.00414845  0 
-0.0247548 -0.00185845  0 
-0.0231719 -0.0053422  0 
-0.0218223 -0.00676601  0 
-1.20424e-24 5.47381e-25  0 
-0.0010839 -0.00187662  0 
-0.00280877 -0.00373155  0 
-0.00499345 -0.00550203  0 
-0.00755283 -0.00699064  0 
-0.0101936 -0.00808564  0 
-0.015534 -0.00889705  0 
-0.0129012 -0.00873802  0 
-0.0125352 0.00954467  0 
-0.0136161 0.00803793  0 
-0.0102912 0.00845245  0 
-0.00853299 0.00838741  0 
-0.00387046 0.00577176  0 
-0.00530767 0.00713937  0 
-0.00672366 0.00752777  0 
-0.0179846 -0.00857237  0 
-0.0195531 -0.00734543  0 
-0.0199535 0.00350083  0 
-0.0216009 0.00229434  0 
-0.0235462 0.000603362  0 
-0.0163405 0.00684748  0 
-0.0181556 0.00438153  0 
-0.0173135 0.00567369  0 
-0.0147587 0.00704475  0 
-0.0123582 0.00694007  0 
-0.00252241 0.00439342  0 
-0.0015771 0.00316171  0 
-0.000843407 0.00209972  0 
-0.000333673 0.00111432  0 
-5.99328e-05 0.000419159  0 
1.13257e-24 0
 0 
-0.0133726 -0.00724086  0 
-0.0215618 -0.00113227  0 
-0.0221467 -0.004016  0 
-0.0210189 -0.00269919  0 
-0.0199644 -0.00530695  0 
-0.0182712 -0.00613762  0 
-1.20424e-24 5.47381e-25  0 
-0.000836986 -0.00142174  0 
-0.00229631 -0.00295006  0 
-0.00409696 -0.00439498  0 
-0.00577465 -0.0052296  0 
-0.00789944 -0.00608298  0 
-0.0105108 -0.00682455  0 
-0.00999588 0.00727376  0 
-0.0115833 0.00786175  0 
-0.00858543 0.00666913  0 
-0.00749013 0.00702259  0 
-0.0111944 0.00593795  0 
-0.0035201 0.0049242  0 
-0.00509404 0.00621357  0 
-0.00582685 0.00592324  0 
-0.0155162 -0.00696453  0 
-0.0155713 -0.00587426  0 
-0.0181847 0.00255692  0 
-0.016102 0.00301014  0 
-0.0191616 0.00153724  0 
-0.0193493 3.43772e-05  0 
-0.0177007 0.000709733  0 
-0.0147432 0.00525625  0 
-0.0154986 0.0041745  0 
-0.0129517 0.00588091  0 
-0.011276 0.00486834  0 
-0.00225847 0.0036661  0 
-0.00300265 0.00379328  0 
-0.0013914 0.00257454  0 
-0.000703957 0.00157832  0 
-0.000284631 0.000826299  0 
-5.18761e-05 0.000280362  0 
1.13257e-24 0
 0 
-0.0127149 -0.00615776  0 
-0.0107585 -0.00623458  0 
-0.0191854 -0.00138765  0 
-0.0181502 -0.00297115  0 
-0.0190505 -0.0041351  0 
-0.0169498 -0.0051021  0 
-1.20424e-24 5.47381e-25  0 
-0.00064515 -0.00107143  0 
-0.00174571 -0.00215917  0 
-0.00329468 -0.00336396  0 
-0.00501465 -0.00430553  0 
-0.00659013 -0.00484219  0 
-0.0084648 -0.00524944  0 
-0.00982716 0.00540982  0 
-0.00956538 0.0062118  0 
-0.00820763 0.00574285  0 
-0.00682427 0.00573336  0 
-0.00997257 0.00467398  0 
-0.00532025 0.00511774  0 
-0.00419408 0.00483328  0 
-0.0037529 0.00389085  0 
-0.0141486 0.00313281  0 
-0.0125379 -0.00537035  0 
-0.0140903 -0.00488131  0 
-0.0141935 0.00223999  0 
-0.0164792 0.00176725  0 
-0.015182 0.000491577  0 
-0.017559 -0.000703358  0 
-0.0128176 0.00431475  0 
-0.0124248 0.00312647  0 
-0.0106943 0.0039469  0 
-0.00201501 0.00292095  0 
-0.00267676 0.00314639  0 
-0.00116864 0.00195288  0 
-0.000609346 0.00117156  0 
-0.000235647 0.000541942  0 
-4.19513e-05 0.000157337  0 
1.13257e-24 0
 0 
-0.0103203 -0.00479295  0 
-0.0102452 -0.00532201  0 
-0.0161176 -0.00195702  0 
-0.0154332 -0.00305145  0 
-0.0144694 -0.00395958  0 
-1.20424e-24 5.47381e-25  0 
-0.000469134 -0.000761021  0 
-0.00130485 -0.00156104  0 
-0.00244947 -0.00241542  0 
-0.00399389 -0.00327279  0 
-0.00527527 -0.00371549  0 
-0.00717697 -0.00430848  0 
-0.00970458 -0.00412648  0 
-0.00859255 0.00491811  0 
-0.0070846 0.00468189  0 
-0.00586492 0.00466828  0 
-0.00855 0.00379271  0 
-0.0045525 0.00410342  0 
-0.00334622 0.00324716  0 
-0.012745 0.00223936  0 
-0.0116516 -0.00394284  0 
-0.0124281 0.00137733  0 
-0.014123 0.00135108  0 
-0.013461 3.61801e-05  0 
-0.0139581 -0.000741434  0 
-0.0112594 0.00205241  0 
-0.0104017 0.00293777  0 
-0.00911358 0.00319799  0 
-0.00177499 0.00236048  0 
-0.00222638 0.00240476  0 
-0.00100902 0.00145414  0 
-0.000497158 0.000798411  0 
-0.000195631 0.000341172  0 
-3.42864e-05 6.09535e-05  0 
1.13257e-24 0
 0 
-0.00832187 -0.00419664  0 
-0.0136854 -0.00213259  0 
-0.0129111 -0.00275131  0 
-0.0120307 -0.00324929  0 
-1.20424e-24 5.47381e-25  0 
-0.000333618 -0.000512252  0 
-0.00101084 -0.00112972  0 
-0.00193245 -0.00181571  0 
-0.00310537 -0.00239697  0 
-0.00434338 -0.00284492  0 
-0.00575104 -0.00330659  0 
-0.0070951 -0.00346025  0 
-0.00836705 -0.00340571  0 
-0.0073431 0.00399355  0 
-0.00603229 0.0037587  0 
-0.00524775 0.00384858  0 
-0.00723865 0.00302281  0 
-0.0040076 0.00323089  0 
-0.00279482 0.00249855  0 
-0.0108808 0.00138466  0 
-0.00923133 -0.00288406  0 
-0.011986 0.000600555  0 
-0.0118388 -0.000292116  0 
-0.0121154 -0.00143343  0 
-0.00988446 0.00185436  0 
-0.00881031 0.00236402  0 
-0.00768881 0.00254334  0 
-0.00146642 0.00167786  0 
-0.00195254 0.00191455  0 
-0.000864922 0.00107989  0 
-0.000415019 0.000505773  0 
-0.000156126 0.000148597  0 
-2.49239e-05 -1.57465e-05  0 
1.13257e-24 0
 0 
-0.0114309 -0.00216593  0 
-0.010411 -0.00261034  0 
-1.20424e-24 5.47381e-25  0 
-0.000221452 -0.000312838  0 
-0.000734531 -0.000740185  0 
-0.00146458 -0.00123167  0 
-0.00237694 -0.00170542  0 
-0.00356671 -0.00221272  0 
-0.00445173 -0.0023699  0 
-0.00554905 -0.00247854  0 
-0.00658318 -0.00244309  0 
-0.00535949 0.00306326  0 
-0.00639091 0.00304806  0 
-0.00466672 0.0031092  0 
-0.00621141 0.00222043  0 
-0.0038793 0.00241423  0 
-0.00333965 0.00249334  0 
-0.00245323 0.00200717  0 
-0.00910768 0.00108933  0 
-0.00833031 0.000318967  0 
-0.0100437 0.00043784  0 
-0.0075217 -0.00225858  0 
-0.00892089 -0.00204305  0 
-0.00986907 -0.000274919  0 
-0.0102836 -0.000940657  0 
-0.00897775 -0.00148008  0 
-0.00827762 0.00146001  0 
-0.00775895 0.00181718  0 
-0.00654111 0.00182738  0 
-0.00721216 0.00108464  0 
-0.00117616 0.00117463  0 
-0.00166848 0.00139487  0 
-0.000694941 0.000703011  0 
-0.00033819 0.000285317  0 
-0.000112799 5.49181e-06  0 
-1.9843e-05 -7.3495e-05  0 
1.13257e-24 0
 0 
-1.20424e-24 5.47381e-25  0 
-0.000131195 -0.000160781  0 
-0.00052757 -0.000464508  0 
-0.00104895 -0.000794014  0 
-0.00176418 -0.00115289  0 
-0.00260646 -0.00147751  0 
-0.00348779 -0.00171389  0 
-0.00467669 -0.00196294  0 
-0.00602525 -0.00172581  0 
-0.00520713 -0.00182272  0 
-0.00518044 0.0022061  0 
-0.00470286 0.00242115  0 
-0.0053602 0.00179779  0 
-0.0032945 0.00176745  0 
-0.00285834 0.00184348  0 
-0.0019408 0.00133345  0 
-0.00751019 0.000577053  0 
-0.00736009 5.53133e-05  0 
-0.00813622 -0.000215331  0 
-0.00535813 -0.00131967  0 
-0.00672803 -0.00147092  0 
-0.00844123 -0.000743345  0 
-0.00733787 -0.00116037  0 
-0.00677228 0.00136982  0 
-0.00537257 0.00140266  0 
-0.00625615 0.000770662  0 
-0.000998007 0.000839123  0 
-0.00132986 0.000939694  0 
-0.000533928 0.000354829  0 
-0.00024326 6.08953e-05  0 
-9.49315e-05 -9.27007e-05  0 
-1.56134e-05 -0.000118374  0 
1.13257e-24 0
 0 
-1.20424e-24 5.47381e-25  0 
-6.89818e-05 -3.79748e-05  0 
-0.000355599 -0.000215568  0 
-0.000840306 -0.000513402  0 
-0.00144743 -0.000805422  0 
-0.00220351 -0.00109721  0 
-0.00278244 -0.00119071  0 
-0.0035749 -0.00130695  0 
-0.00459933 -0.00142212  0 
-0.00427183 0.00166629  0 
-0.00369085 0.00161959  0 
-0.00457826 0.00142347  0 
-0.00166662 0.00099822  0 
-0.00277238 0.00134949  0 
-0.00231677 0.00132599  0 
-0.00625309 0.000368977  0 
-0.00614228 -3.65559e-05  0 
-0.00440651 -0.00101755  0 
-0.00644275 -0.000408584  0 
-0.00554437 -0.00101827  0 
-0.00604305 -0.00076368  0 
-0.00553526 0.00104655  0 
-0.00442898 0.000923317  0 
-0.00533255 0.000546472  0 
-0.00502204 0.000275057  0 
-0.000767542 0.000439983  0 
-0.00110055 0.000579384  0 
-0.0012548 0.000531524  0 
-0.000406981 0.000118456  0 
-0.000202244 -7.00753e-05  0 
-7.14545e-05 -0.000172525  0 
-9.24954e-06 -0.000147493  0 
1.13257e-24 0
 0 
-0.00147537 -0.000677383  0 
-1.20424e-24 5.47381e-25  0 
-9.25709e-06 5.54008e-05  0 
-0.000195455 -2.19392e-05  0 
-0.00052487 -0.000192584  0 
-0.000918682 -0.00035174  0 
-0.00138801 -0.000522133  0 
-0.00209453 -0.00075872  0 
-0.00271097 -0.000865842  0 
-0.00304737 -0.00080875  0 
-0.00355493 -0.000769619  0 
-0.00355508 0.00115694  0 
-0.00296698 0.00116872  0 
-0.00340117 0.000863352  0 
-0.00353312 0.000664932  0 
-0.00191812 0.000883815  0 
-0.00230624 0.000974623  0 
-0.00491802 -1.46808e-05  0 
-0.00517154 -0.000302894  0 
-0.00400694 -0.000663993  0 
-0.00482236 -0.000544394  0 
-0.00449419 0.000661678  0 
-0.00448888 0.000376119  0 
-0.00394168 9.47753e-05  0 
-0.00314296 0.000378449  0 
-0.00148111 0.000544503  0 
-0.00062841 0.000223876  0 
-0.000836782 0.000281962  0 
-0.000947035 0.000246082  0 
-0.000338254 -3.58417e-05  0 
-0.000142366 -0.000191642  0 
-4.56095e-05 -0.000233903  0 
-5.66283e-06 -0.000170443  0 
1.13257e-24 0
 0 
-1.20424e-24 5.47381e-25  0 
2.85548e-05 0.000122741  0 
-9.5483e-05 0.000113428  0 
-0.000313185 2.80991e-05  0 
-0.000653017 -0.000106908  0 
-0.00113795 -0.000297118  0 
-0.00161685 -0.000434017  0 
-0.00213734 -0.000531183  0 
-0.00240869 -0.000495417  0 
-0.00311089 -0.000548795  0 
-0.0029374 0.000460081  0 
-0.00281769 0.000796502  0 
-0.00241604 0.00075877  0 
-0.00270769 0.000514931  0 
-0.00169458 0.000505971  0 
-0.00196827 0.000526917  0 
-0.00388279 -0.000313217  0 
-0.00418179 -0.000114636  0 
-0.00352484 -0.000446863  0 
-0.00324188 -6.93032e-05  0 
-0.00354242 0.000281789  0 
-0.00305994 7.88883e-05  0 
-0.00258044 0.000255016  0 
-0.00127858 0.00024857  0 
-0.00112013 0.000260991  0 
-0.000491162 1.03641e-05  0 
-0.000652258 5.56814e-05  0 
-0.000809665 8.46297e-05  0 
-0.000261371 -0.000160634  0 
-0.000103376 -0.000268978  0 
-2.73663e-05 -0.000278165  0 
-2.70357e-06 -0.000179304  0 
1.13257e-24 0
 0 
-1.20424e-24 5.47381e-25  0 
6.02821e-05 0.000176527  0 
-6.49417e-06 0.000221657  0 
-0.000168795 0.000173256  0 
-0.000429756 7.72937e-05  0 
-0.000693044 -2.47768e-06  0 
-0.00114551 -0.000162864  0 
-0.00156219 -0.000253423  0 
-0.00234043 -0.000313897  0 
-0.00194681 -0.000301761  0 
-0.00241515 0.000304031  0 
-0.00223796 0.00048475  0 
-0.00207147 0.000319421  0 
-0.00158362 0.000311443  0 
-0.00299637 -0.000186357  0 
-0.00242381 -0.000227497  0 
-0.00235351 -6.5533e-05  0 
-0.00224865 1.83717e-05  0 
-0.00267967 0.000130718  0 
-0.00208452 0.000158528  0 
-0.00124582 0.000172169  0 
-0.000962758 0.000104299  0 
-0.000349675 -0.000161275  0 
-0.000513874 -8.16904e-05  0 
-0.000644656 -5.42367e-05  0 
-0.0004651 -0.000165409  0 
-0.000175049 -0.000273384  0 
-0.000232671 -0.000280335  0 
-6.16956e-05 -0.000336975  0 
-1.42907e-05 -0.000300482  0 
3.42256e-08 -0.000186955  0 
1.13257e-24 0
 0 
-1.20424e-24 5.47381e-25  0 
8.43021e-05 0.000214201  0 
6.4585e-05 0.000301831  0 
-5.84634e-05 0.000284991  0 
-0.000252123 0.000223012  0 
-0.000449638 0.000161276  0 
-0.000820157 2.38899e-05  0 
-0.00180472 -0.000136849  0 
-0.00102703 -9.16356e-06  0 
-0.00148654 -0.000110972  0 
-0.00181007 0.000165883  0 
-0.00148495 0.000191524  0 
-0.00153396 0.000161231  0 
-0.00119118 0.000100985  0 
-0.0018535 -7.52689e-05  0 
-0.00170692 -9.03208e-06  0 
-0.00175094 2.56046e-05  0 
-0.00173368 6.68009e-05  0 
-0.00151576 6.82692e-05  0 
-0.000678805 -7.65145e-05  0 
-0.000884769 -5.01753e-06  0 
-0.000310684 -0.000263024  0 
-0.000378501 -0.000238098  0 
-0.000116932 -0.000348912  0 
-0.000171425 -0.000350219  0 
-3.2128e-05 -0.000371354  0 
-7.90633e-07 -0.000312839  0 
1.72584e-06 -0.000185076  0 
1.13257e-24 0
 0 
-1.20424e-24 5.47381e-25  0 
9.88722e-05 0.000237056  0 
0.000112986 0.000353293  0 
5.96732e-05 0.000381184  0 
-8.78256e-05 0.000338758  0 
-0.000269403 0.000272566  0 
-0.000501136 0.000179548  0 
-0.000656007 0.000135276  0 
-0.00126837 -6.61267e-06  0 
-0.000877469 7.97883e-05  0 
-0.00129651 7.03975e-05  0 
-0.0012961 5.55721e-05  0 
-0.000838257 -4.10798e-05  0 
-0.00103552 1.48592e-05  0 
-0.001311 1.48116e-05  0 
-0.00134088 3.3455e-05  0 
-0.00119441 3.74849e-05  0 
-0.00119592 3.21277e-05  0 
-0.00105253 2.37143e-05  0 
-0.000451641 -0.00020614  0 
-0.000600716 -0.000147002  0 
-0.000547237 -0.000154025  0 
-0.000197183 -0.000352526  0 
-0.000240564 -0.000326662  0 
-4.88349e-05 -0.000406738  0 
-9.10409e-05 -0.000408825  0 
-4.79168e-06 -0.000391719  0 
8.39843e-06 -0.000309137  0 
2.95809e-06 -0.000175883  0 
1.13257e-24 0
 0 
-0.000834345 0.000105778  0 
-1.20424e-24 5.47381e-25  0 
0.000110118 0.000247812  0 
0.000152992 0.00038539  0 
0.000139035 0.000436019  0 
5.03511e-05 0.000419951  0 
-6.91299e-05 0.00037387  0 
-0.000173336 0.000321153  0 
-0.000329822 0.000252916  0 
-0.000761906 0.000102251  0 
-0.000492146 0.00019209  0 
-0.000895033 -2.46627e-05  0 
-0.000885417 -9.59845e-06  0 
-0.000414334 -0.000187794  0 
-0.000568942 -0.000129815  0 
-0.000925989 6.67241e-05  0 
-0.000899503 5.71618e-05  0 
-0.000773037 2.91275e-05  0 
-0.000677067 -8.55582e-06  0 
-0.000342666 -0.000266291  0 
-0.00038322 -0.000229561  0 
-9.84962e-05 -0.000412586  0 
-0.000151944 -0.000373149  0 
-7.64913e-06 -0.000434593  0 
-1.49209e-05 -0.000448451  0 
1.40911e-05 -0.000391305  0 
1.44669e-05 -0.000301347  0 
3.94104e-06 -0.000167278  0 
1.13257e-24 0
 0 
-1.20424e-24 5.47381e-25  0 
0.000114488 0.000251941  0 
0.000175138 0.000397986  0 
0.000189203 0.000462321  0 
0.000142385 0.000462959  0 
6.41979e-05 0.000427787  0 
-4.31757e-05 0.000367186  0 
-0.000163778 0.000298274  0 
-0.000438639 0.000160026  0 
-0.000225419 0.000249316  0 
-0.000214256 -0.000248347  0 
-0.000570016 -9.94702e-05  0 
-0.000551579 -6.20971e-05  0 
-0.000324193 -0.000180039  0 
-0.000564815 0.000103086  0 
-0.00061369 6.85363e-05  0 
-0.000453463 2.23019e-05  0 
-0.000399356 -5.63464e-05  0 
-0.000178163 -0.000339389  0 
-0.000142144 -0.000318634  0 
-1.98427e-05 -0.000445154  0 
-2.22787e-05 -0.000420283  0 
2.17578e-05 -0.000438272  0 
2.12421e-05 -0.000456456  0 
2.67224e-05 -0.00038459  0 
1.96179e-05 -0.000291922  0 
4.94809e-06 -0.000155846  0 
1.13257e-24 0
 0 
-1.20424e-24 5.47381e-25  0 
0.000114775 0.000245657  0 
0.000187061 0.000395468  0 
0.000223784 0.000473794  0 
0.000211314 0.000484846  0 
0.00016846 0.000461143  0 
9.74244e-05 0.000409352  0 
1.31635e-05 0.000341637  0 
-0.000182989 0.000203099  0 
-5.22643e-05 0.000264771  0 
-3.87051e-05 -0.000334644  0 
-5.5483e-05 -0.000289084  0 
-0.000173284 -0.000209339  0 
-0.000303524 -0.000130243  0 
-4.29742e-05 -0.000231737  0 
-0.000283125 0.000129449  0 
-0.000376172 7.14404e-05  0 
-0.000172466 -8.31284e-05  0 
-0.000253358 3.54206e-05  0 
-0.000230171 -1.97811e-05  0 
-2.04293e-05 -0.000383767  0 
5.17374e-05 -0.000435429  0 
2.58023e-05 -0.00045457  0 
4.21551e-05 -0.000433806  0 
5.68719e-05 -0.000453698  0 
3.57102e-05 -0.000370977  0 
2.25987e-05 -0.00027555  0 
5.4037e-06 -0.000146068  0 
1.13257e-24 0
 0 
-1.20424e-24 5.47381e-25  0 
0.00011528 0.000242598  0 
0.000195258 0.000387411  0 
0.000242165 0.00046538  0 
0.000251786 0.000484998  0 
0.000235449 0.000463411  0 
0.000215435 0.000418949  0 
0.000163599 0.000353675  0 
0.000100108 0.000278188  0 
-1.56267e-05 0.000197721  0 
6.8494e-05 -0.000286257  0 
4.963e-05 -0.000344399  0 
-2.15284e-05 -0.000168619  0 
8.93507e-05 -0.000220551  0 
-2.54403e-05 -8.25558e-05  0 
-9.39959e-05 0.000117282  0 
-3.48853e-05 -3.13786e-05  0 
-8.25617e-05 5.56166e-05  0 
8.42934e-05 -1.22175e-05  0 
6.51374e-05 -0.000398839  0 
9.86369e-05 -0.000418167  0 
7.12663e-05 -0.000453605  0 
6.05207e-05 -0.000420537  0 
7.69305e-05 -0.000442242  0 
4.49473e-05 -0.000354034  0 
2.39618e-05 -0.000250506  0 
5.36202e-06 -0.000133016  0 
1.13257e-24 0
 0 
5.39901e-05 0.000168037  0 
-1.20424e-24 5.47381e-25  0 
0.000109913 0.000227157  0 
0.000196147 0.000371659  0 
0.000253345 0.000450857  0 
0.000282948 0.000471173  0 
0.000288253 0.000456731  0 
0.000263679 0.000414506  0 
0.000229913 0.000351638  0 
0.000182701 0.000278172  0 
0.000172649 0.000210784  0 
0.000127979 -0.0003513  0 
0.000137963 -0.000290188  0 
0.000160638 -0.000223159  0 
0.000116771 -0.000151191  0 
8.95219e-05 -7.78936e-05  0 
0.000128599 0.000129554  0 
8.04464e-05 4.81331e-05  0 
0.000180079 7.98714e-06  0 
0.000145265 -0.000391214  0 
0.00012057 -0.000425133  0 
9.86459e-05 -0.000442263  0 
7.18634e-05 -0.00040207  0 
0.000100605 -0.000415506  0 
4.78915e-05 -0.000324565  0 
2.57837e-05 -0.00023178  0 
5.42256e-06 -0.000116902  0 
1.13257e-24 0
 0 
0.000287972 0.000325576  0 
-1.20424e-24 5.47381e-25  0 
0.000104444 0.000213314  0 
0.000191988 0.000348918  0 
0.000255322 0.000423502  0 
0.000297297 0.000447181  0 
0.000317675 0.000431478  0 
0.000320705 0.000390274  0 
0.00028166 0.000254842  0 
0.000251314 0.000175761  0 
0.00017836 -0.0003354  0 
0.000190899 -0.000287227  0 
0.00021399 -0.000220851  0 
0.000204188 -0.00015776  0 
0.000193818 -8.70034e-05  0 
0.000218573 9.29546e-05  0 
0.000261195 1.08212e-06  0 
0.000156415 -0.000398778  0 
0.000186406 -0.000363338  0 
0.000130273 -0.000414536  0 
8.09497e-05 -0.00036751  0 
0.000114397 -0.000385437  0 
5.09e-05 -0.000292452  0 
2.51317e-05 -0.000204646  0 
5.48912e-06 -0.00010553  0 
1.13257e-24 0
 0 
0.000333821 0.000311248  0 
-1.20424e-24 5.47381e-25  0 
9.61899e-05 0.000193694  0 
0.000184542 0.00032439  0 
0.000251518 0.000396247  0 
0.000297144 0.000415593  0 
0.0003262 0.000400053  0 
0.000340294 0.000365691  0 
0.000332682 0.000242122  0 
0.000313932 0.000165903  0 
0.000215974 -0.000315409  0 
0.000239774 -0.000241648  0 
0.000258518 -0.00016897  0 
0.000264386 -7.51597e-05  0 
0.00031244 8.86842e-05  0 
0.000307517 2.37e-05  0 
0.000148621 -0.000381574  0 
0.000206175 -0.000342325  0 
0.00017391 -0.00037568  0 
8.19759e-05 -0.000333263  0 
0.000118433 -0.000359152  0 
4.91768e-05 -0.000259228  0 
2.53149e-05 -0.000184524  0 
4.97049e-06 -9.04284e-05  0 
1.13257e-24 0
 0 
0.000351207 0.000292142  0 
-1.20424e-24 5.47381e-25  0 
9.02558e-05 0.000179294  0 
0.000170166 0.000289456  0 
0.000241193 0.000358504  0 
0.000294331 0.000379843  0 
0.000328544 0.000361798  0 
0.000349924 0.000325178  0 
0.000355754 0.000201275  0 
0.000344668 0.000123102  0 
0.000230898 -0.000300618  0 
0.000252545 -0.000256372  0 
0.000236721 -0.000297501  0 
0.000281135 -0.000191439  0 
0.000296014 -0.000113645  0 
0.000304262 -5.99722e-05  0 
0.00033891 4.64384e-05  0 
0.000220208 -0.000298321  0 
0.000153178 -0.000357798  0 
0.000189236 -0.000339184  0 
7.99024e-05 -0.000295918  0 
0.000116354 -0.000323109  0 
4.96621e-05 -0.000232395  0 
2.33744e-05 -0.000158977  0 
4.48937e-06 -7.64314e-05  0 
1.13257e-24 0
 0 
0.000359535 0.000269376  0 
-1.20424e-24 5.47381e-25  0 
8.06728e-05 0.000158256  0 
0.000155029 0.000256943  0 
0.000223646 0.00032054  0 
0.000277571 0.000340659  0 
0.000312515 0.000324764  0 
0.000346191 0.000295887  0 
0.000360084 0.000109428  0 
0.000366474 0.000182698  0 
0.000253707 -0.000254602  0 
0.000299496 -0.000165246  0 
0.000280464 -0.000217194  0 
0.000283432 -0.000201373  0 
0.000352306 3.83207e-05  0 
0.000316774 -0.000110922  0 
0.00033023 -4.49791e-05  0 
0.000244098 -0.000230639  0 
0.000214425 -0.000269263  0 
0.000181448 -0.000298156  0 
0.000150987 -0.000322955  0 
8.0292e-05 -0.000264397  0 
0.000117804 -0.000287227  0 
4.77882e-05 -0.000207478  0 
2.19374e-05 -0.000139197  0 
4.4592e-06 -6.84509e-05  0 
1.13257e-24 0
 0 
0.000357135 0.000242514  0 
-1.20424e-24 5.47381e-25  0 
7.23904e-05 0.000140246  0 
0.000143849 0.00023048  0 
0.000205979 0.000280424  0 
0.00026534 0.000301773  0 
0.000307495 0.000288761  0 
0.000330317 0.000249087  0 
0.000356193 6.86004e-05  0 
0.000360321 0.000139926  0 
0.00034886 0.000200249  0 
0.000279533 -0.000186081  0 
0.000261004 -0.000189138  0 
0.000311022 -0.000139663  0 
0.000303229 -0.000129521  0 
0.000346849 -4.65116e-06  0 
0.000331451 -7.24005e-05  0 
0.00024107 -0.000189748  0 
0.000213109 -0.000228472  0 
0.000188889 -0.00026661  0 
0.000153187 -0.000284517  0 
7.72673e-05 -0.000237645  0 
0.000109041 -0.000251184  0 
4.30369e-05 -0.000176849  0 
2.10512e-05 -0.000121367  0 
4.05223e-06 -5.63751e-05  0 
1.13257e-24 0
 0 
-1.20424e-24 5.47381e-25  0 
6.40248e-05 0.000123291  0 
0.000127177 0.000198927  0 
0.000184391 0.000243568  0 
0.000241505 0.000263186  0 
0.000314448 0.000222112  0 
0.00028317 0.000252147  0 
0.000325906 0.00017442  0 
0.000347085 5.79355e-05  0 
0.000338234 0.00012116  0 
0.000276425 -0.000146194  0 
0.000321964 -6.86688e-05  0 
0.000295385 -9.1855e-05  0 
0.000340033 -9.24109e-06  0 
0.000244653 -0.000152703  0 
0.000178573 -0.000238935  0 
0.000214554 -0.000188694  0 
0.00014198 -0.000249753  0 
7.02336e-05 -0.000203442  0 
0.000103993 -0.000224495  0 
4.3136e-05 -0.000158941  0 
1.84534e-05 -0.000100671  0 
3.5706e-06 -4.65733e-05  0 
1.13257e-24 0
 0 
-1.20424e-24 5.47381e-25  0 
5.51227e-05 0.000104221  0 
0.000115688 0.000173599  0 
0.000167281 0.000212702  0 
0.000216032 0.00022626  0 
0.000284302 0.000178126  0 
0.000256051 0.000207411  0 
0.000304569 0.000135435  0 
0.000318363 9.45829e-05  0 
0.000326873 4.76797e-05  0 
0.000245111 -0.000117818  0 
0.000273234 -8.28415e-05  0 
0.000310009 -3.38791e-05  0 
0.000220151 -0.00011857  0 
0.000210928 -0.000151195  0 
0.000186418 -0.000180143  0 
0.000128758 -0.000215322  0 
0.00016712 -0.000212157  0 
6.64769e-05 -0.000175032  0 
9.39582e-05 -0.000184338  0 
3.7846e-05 -0.00013267  0 
1.62381e-05 -8.23825e-05  0 
2.94114e-06 -3.73267e-05  0 
1.13257e-24 0
 0 
0.000300488 1.67827e-05  0 
-1.20424e-24 5.47381e-25  0 
4.7433e-05 8.83265e-05  0 
9.61774e-05 0.000142118  0 
0.000152207 0.000182552  0 
0.000197153 0.000191333  0 
0.000255475 0.000150829  0 
0.000218603 0.000169961  0 
0.000263846 0.000111867  0 
0.000297133 7.02107e-05  0 
0.000246124 -7.47421e-05  0 
0.000273403 -2.61036e-05  0 
0.000195103 -0.000117524  0 
0.000211742 -8.31311e-05  0 
0.000185425 -0.000152834  0 
0.000158993 -0.000176368  0 
0.000122259 -0.000182066  0 
5.80794e-05 -0.00014604  0 
8.20937e-05 -0.000154371  0 
3.35189e-05 -0.000107688  0 
1.39563e-05 -6.6379e-05  0 
2.5553e-06 -3.03664e-05  0 
1.13257e-24 0
 0 
0.000278618 4.03451e-05  0 
-1.20424e-24 5.47381e-25  0 
3.91724e-05 7.28799e-05  0 
8.45368e-05 0.000120842  0 
0.000126612 0.000145066  0 
0.000164453 0.000155008  0 
0.00022398 0.000125538  0 
0.000196362 0.000137747  0 
0.000239297 8.83793e-05  0 
0.000254013 5.66069e-05  0 
0.000239761 -4.50944e-05  0 
0.000258233 1.47096e-05  0 
0.000163127 -0.000130163  0 
0.000169628 -0.000100016  0 
0.000209171 -3.992e-05  0 
0.000183083 -7.11143e-05  0 
0.000107093 -0.000152883  0 
0.000140603 -0.00012185  0 
0.000139704 -0.00014971  0 
5.75349e-05 -0.000128489  0 
8.07938e-05 -0.00013463  0 
2.9893e-05 -9.13038e-05  0 
1.24131e-05 -5.44391e-05  0 
2.38187e-06 -2.46889e-05  0 
1.13257e-24 0
 0 
-1.20424e-24 5.47381e-25  0 
3.39132e-05 6.16011e-05  0 
7.27311e-05 0.000101017  0 
0.000106063 0.000118863  0 
0.000139595 0.000122517  0 
0.000199032 9.66567e-05  0 
0.000167997 0.000113105  0 
0.000215458 6.76779e-05  0 
0.000212831 3.29888e-05  0 
0.000214594 -2.63236e-06  0 
0.000148343 -0.000101629  0 
0.000154979 -8.12691e-05  0 
0.00018712 -2.91775e-05  0 
0.000189377 -4.03251e-06  0 
0.000176074 -4.88718e-05  0 
9.78724e-05 -0.000124665  0 
0.00011899 -0.000113567  0 
4.86994e-05 -0.000104719  0 
6.37751e-05 -0.000104069  0 
2.49522e-05 -7.27629e-05  0 
1.08025e-05 -4.45261e-05  0 
1.91839e-06 -1.94292e-05  0 
1.13257e-24 0
 0 
-1.20424e-24 5.47381e-25  0 
2.73719e-05 4.88654e-05  0 
6.00429e-05 8.09165e-05  0 
0.000146696 8.77199e-05  0 
9.18564e-05 9.85788e-05  0 
0.000121788 0.000102485  0 
0.000169464 7.7702e-05  0 
0.000183867 5.39607e-05  0 
0.000188407 1.95359e-05  0 
0.000139879 -6.51163e-05  0 
0.000125855 -8.43734e-05  0 
0.000166383 -1.9723e-05  0 
0.000165301 8.79722e-06  0 
0.000123311 -5.27975e-05  0 
0.000135043 -3.97378e-05  0 
8.2687e-05 -0.000101853  0 
0.000100088 -9.3118e-05  0 
4.11233e-05 -8.08437e-05  0 
5.75664e-05 -8.86584e-05  0 
2.24388e-05 -5.88509e-05  0 
8.67262e-06 -3.39101e-05  0 
1.64382e-06 -1.45192e-05  0 
1.13257e-24 0
 0 
-1.20424e-24 5.47381e-25  0 
2.19975e-05 3.90212e-05  0 
4.88571e-05 6.35942e-05  0 
0.000128479 7.24564e-05  0 
0.00010579 8.0645e-05  0 
7.55311e-05 7.64229e-05  0 
0.000137486 5.43837e-05  0 
0.000148851 3.3775e-05  0 
0.00010511 -6.82081e-05  0 
0.000138406 -1.71555e-05  0 
0.000137843 5.55042e-06  0 
0.000108417 -4.18961e-05  0 
0.000113384 -2.35035e-05  0 
7.3383e-05 -8.02828e-05  0 
8.77938e-05 -7.12945e-05  0 
3.59606e-05 -6.764e-05  0 
5.09898e-05 -7.04886e-05  0 
1.80376e-05 -4.53069e-05  0 
7.4159e-06 -2.67231e-05  0 
1.35821e-06 -1.10349e-05  0 
1.13257e-24 0
 0 
0.000105447 5.65767e-05  0 
-1.20424e-24 5.47381e-25  0 
1.77006e-05 3.08477e-05  0 
4.04359e-05 5.07607e-05  0 
8.554e-05 6.28234e-05  0 
6.34928e-05 6.17064e-05  0 
0.000120669 4.38832e-05  0 
0.00012239 2.59774e-05  0 
9.06877e-05 -4.99932e-05  0 
0.000109733 1.37813e-05  0 
0.000113755 -4.23849e-06  0 
8.91082e-05 -3.07333e-05  0 
9.43031e-05 -1.69278e-05  0 
5.78975e-05 -5.78857e-05  0 
7.03569e-05 -5.22759e-05  0 
2.91334e-05 -5.23478e-05  0 
4.48635e-05 -5.91778e-05  0 
1.54452e-05 -3.6375e-05  0 
6.24187e-06 -2.04055e-05  0 
1.07417e-06 -7.75606e-06  0 
1.13257e-24 0
 0 
8.33473e-05 5.04134e-05  0 
9.75208e-05 4.05775e-05  0 
-1.20424e-24 5.47381e-25  0 
1.43114e-05 2.42011e-05  0 
3.31204e-05 3.94866e-05  0 
5.32098e-05 4.76725e-05  0 
0.0001011 2.95176e-05  0 
7.30614e-05 -3.97355e-05  0 
9.08392e-05 1.14197e-05  0 
9.5652e-05 -1.43086e-06  0 
7.12091e-05 -2.41526e-05  0 
7.95373e-05 -1.16555e-05  0 
4.66199e-05 -4.4594e-05  0 
5.62971e-05 -4.04881e-05  0 
2.47313e-05 -4.2514e-05  0 
3.51953e-05 -4.19565e-05  0 
1.21426e-05 -2.59667e-05  0 
4.85797e-06 -1.45884e-05  0 
8.18636e-07 -5.20434e-06  0 
1.13257e-24 0
 0 
3.63404e-05 3.68073e-05  0 
6.36038e-05 4.28093e-05  0 
7.71799e-05 3.71159e-05  0 
-1.20424e-24 5.47381e-25  0 
1.03244e-05 1.72052e-05  0 
2.34822e-05 2.71047e-05  0 
3.86125e-05 3.34269e-05  0 
7.40155e-05 2.07508e-05  0 
6.0371e-05 -2.71182e-05  0 
7.34774e-05 9.51757e-06  0 
7.58864e-05 -1.86843e-06  0 
5.9958e-05 -1.84769e-05  0 
6.61128e-05 -7.45474e-06  0 
4.6877e-05 -2.91816e-05  0 
3.90625e-05 -3.29515e-05  0 
2.74272e-05 -3.14957e-05  0 
9.25735e-06 -1.8567e-05  0 
1.95118e-05 -2.99133e-05  0 
3.78024e-06 -9.75822e-06  0 
5.99286e-07 -3.45603e-06  0 
1.13257e-24 0
 0 
6.01463e-05 2.73837e-05  0 
5.27168e-05 3.33139e-05  0 
-1.20424e-24 5.47381e-25  0 
7.65121e-06 1.22398e-05  0 
1.83363e-05 1.99155e-05  0 
3.11025e-05 2.44091e-05  0 
4.79574e-05 1.82626e-05  0 
5.44448e-05 1.16014e-05  0 
4.67914e-05 -2.0727e-05  0 
5.82944e-05 3.12802e-06  0 
4.97671e-05 -1.39018e-05  0 
5.08157e-05 -6.22775e-06  0 
3.60523e-05 -2.16139e-05  0 
3.00341e-05 -1.68471e-05  0 
3.00771e-05 -2.42063e-05  0 
7.72511e-06 -1.33187e-05  0 
2.09914e-05 -2.29682e-05  0 
1.47292e-05 -2.14513e-05  0 
2.92415e-06 -6.7785e-06  0 
4.99414e-07 -2.08977e-06  0 
1.13257e-24 0
 0 
5.32922e-06 -8.62059e-06  0 
4.25118e-05 2.37353e-05  0 
-1.20424e-24 5.47381e-25  0 
5.27459e-06 8.33684e-06  0 
1.32034e-05 1.35568e-05  0 
3.95495e-05 1.3571e-05  0 
2.30585e-05 1.71736e-05  0 
3.20275e-05 1.67826e-05  0 
4.11442e-05 7.85725e-06  0 
3.54478e-05 -1.53407e-05  0 
4.39916e-05 1.82938e-06  0 
3.75744e-05 -1.03949e-05  0 
4.1455e-05 -3.47703e-06  0 
2.75159e-05 -1.28064e-05  0 
1.89605e-05 -1.79097e-05  0 
2.41581e-05 -1.677e-05  0 
1.34997e-05 -1.69133e-05  0 
8.83715e-06 -1.03607e-05  0 
2.34578e-06 -4.35464e-06  0 
3.39753e-07 -9.38718e-07  0 
1.13257e-24 0
 0 
4.69053e-06 -6.21855e-06  0 
-1.20424e-24 5.47381e-25  0 
3.70264e-06 5.56448e-06  0 
9.75132e-06 9.09153e-06  0 
2.92813e-05 9.00109e-06  0 
2.33356e-05 1.11346e-05  0 
1.6291e-05 1.06031e-05  0 
3.13031e-05 3.61785e-06  0 
2.7028e-05 -9.48231e-06  0 
3.3262e-05 -1.1271e-06  0 
3.34766e-05 -6.26769e-06  0 
2.10113e-05 -1.00614e-05  0 
1.76593e-05 -1.1672e-05  0 
1.39118e-05 -1.21169e-05  0 
1.93511e-05 -6.79422e-06  0 
7.69033e-06 -7.53297e-06  0 
1.62754e-06 -2.31524e-06  0 
2.31222e-07 -2.29158e-07  0 
1.13257e-24 0
 0 
3.69105e-06 -4.05761e-06  0 
1.13257e-24 0
 0 
2.22601e-05 5.17903e-06  0 
-1.20424e-24 5.47381e-25  0 
2.40577e-06 3.35797e-06  0 
6.51341e-06 5.56102e-06  0 
1.76625e-05 6.92239e-06  0 
1.11255e-05 6.60375e-06  0 
2.26164e-05 2.02701e-06  0 
2.42376e-05 -4.59293e-06  0 
2.39977e-05 -1.08392e-06  0 
1.54025e-05 -7.80999e-06  0 
1.06457e-05 -7.89574e-06  0 
1.67868e-05 -4.30794e-06  0 
1.45222e-05 -5.32808e-06  0 
5.19081e-06 -4.4031e-06  0 
9.7597e-07 -7.83538e-07  0 
1.51858e-07 2.71398e-07  0 
2.16512e-06 -1.60941e-06  0 
8.03379e-08 5.67961e-07  0 
1.13257e-24 0
 0 
1.68906e-05 3.16786e-06  0 
-1.20424e-24 5.47381e-25  0 
1.5437e-06 1.799e-06  0 
4.52496e-06 3.14247e-06  0 
8.03082e-06 3.73417e-06  0 
1.18949e-05 3.94251e-06  0 
1.60951e-05 1.75058e-07  0 
1.28257e-05 -9.27308e-07  0 
1.69417e-05 -2.20418e-06  0 
1.09231e-05 -5.56013e-06  0 
7.94998e-06 -5.3188e-06  0 
1.05319e-05 -3.94373e-06  0 
1.14737e-05 -2.89593e-06  0 
3.96177e-06 -2.74493e-06  0 
6.61705e-07 8.42316e-08  0 
1.69177e-06 -7.01836e-07  0 
3.92006e-07 6.37752e-07  0 
2.88357e-08 7.49478e-07  0 
1.13257e-24 0
 0 
1.25188e-05 1.74534e-06  0 
-1.20424e-24 5.47381e-25  0 
6.69688e-07 5.76073e-07  0 
2.34151e-06 1.12227e-06  0 
4.93798e-06 1.71944e-06  0 
7.34118e-06 1.44285e-06  0 
9.06052e-06 -3.97067e-07  0 
9.45714e-06 -1.25788e-06  0 
5.66779e-06 -3.32042e-06  0 
7.28824e-06 -3.21342e-06  0 
7.27993e-06 -1.82895e-06  0 
6.81562e-06 -2.27102e-06  0 
2.72037e-06 -1.22495e-06  0 
9.21657e-07 3.13635e-07  0 
1.81011e-07 9.45553e-07  0 
7.52143e-10 7.95505e-07  0 
1.13257e-24 0
 0 
8.01125e-06 6.50595e-07  0 
-1.20424e-24 5.47381e-25  0 
2.47198e-07 -8.11237e-08  0 
1.25976e-06 6.31001e-08  0 
4.34941e-06 4.21236e-07  0 
2.75076e-06 3.998e-07  0 
5.44654e-06 -1.10163e-07  0 
5.6517e-06 -6.59737e-07  0 
5.86674e-06 -1.13433e-06  0 
3.92011e-06 -1.56749e-06  0 
3.82889e-06 -1.15497e-06  0 
4.20027e-06 -1.11219e-06  0 
1.51404e-06 -7.47451e-08  0 
3.57046e-07 9.43155e-07  0 
9.87562e-09 1.10055e-06  0 
-1.81643e-08 7.60188e-07  0 
1.13257e-24 0
 0 
2.55352e-06 -3.45553e-07  0 
-1.20424e-24 5.47381e-25  0 
-8.50261e-08 -5.23707e-07  0 
3.95437e-07 -6.0652e-07  0 
1.43435e-06 -4.24846e-07  0 
3.4376e-06 -4.6995e-07  0 
3.57903e-06 -6.11114e-07  0 
3.30827e-06 -6.88571e-07  0 
2.20258e-06 -4.32025e-07  0 
2.09023e-06 -3.13456e-07  0 
1.47832e-06 -1.90391e-07  0 
7.21645e-07 6.09055e-07  0 
1.06116e-07 1.10373e-06  0 
-8.09733e-08 1.11992e-06  0 
-3.5682e-08 7.14297e-07  0 
1.13257e-24 0
 0 
1.20458e-06 -6.70193e-07  0 
1.87728e-06 -5.86842e-07  0 
-1.20424e-24 5.47381e-25  0 
-2.54317e-07 -6.92026e-07  0 
-1.71448e-07 -9.24894e-07  0 
2.56742e-07 -8.71838e-07  0 
1.06511e-06 -6.02537e-07  0 
2.01303e-06 -5.90944e-07  0 
1.55774e-06 -3.83154e-07  0 
6.63342e-07 -9.21231e-08  0 
1.08052e-06 3.00658e-07  0 
8.98613e-07 1.4087e-07  0 
2.01453e-07 9.12671e-07  0 
-1.46463e-07 1.05779e-06  0 
-1.21059e-07 1.17882e-06  0 
2.37014e-07 3.24305e-07  0 
-4.12884e-08 6.31812e-07  0 
1.13257e-24 0
 0 
6.86507e-07 -8.15142e-07  0 
1.6457e-07 -7.75786e-07  0 
-1.20424e-24 5.47381e-25  0 
-3.32781e-07 -7.84938e-07  0 
-4.24485e-07 -1.05317e-06  0 
-1.72136e-07 -9.77714e-07  0 
4.76825e-07 -5.86863e-07  0 
2.82294e-07 -2.91453e-07  0 
3.20631e-08 1.34964e-07  0 
6.70536e-08 7.08425e-07  0 
-1.74735e-07 9.53016e-07  0 
-1.58595e-07 1.03817e-06  0 
-2.67884e-07 1.10904e-06  0 
-2.05065e-07 4.73818e-07  0 
-4.7081e-08 5.20022e-07  0 
1.13257e-24 0
 0 
-3.67061e-07 -9.17133e-07  0 
-1.43009e-07 -7.13445e-07  0 
-1.20424e-24 5.47381e-25  0 
-3.61258e-07 -7.33879e-07  0 
-5.73413e-07 -1.0375e-06  0 
-6.39082e-07 -9.65574e-07  0 
-4.70602e-07 -5.156e-07  0 
-3.39795e-07 -1.76932e-07  0 
-3.42895e-07 2.79858e-07  0 
-3.71079e-07 7.84697e-07  0 
-1.76235e-07 7.84104e-07  0 
-3.15022e-07 9.92863e-07  0 
-3.82599e-07 9.69937e-07  0 
-5.61905e-07 4.00654e-07  0 
-3.58142e-08 4.07402e-07  0 
1.13257e-24 0
 0 
-6.30851e-07 -7.91809e-07  0 
-7.23317e-07 -2.97153e-07  0 
-1.20424e-24 5.47381e-25  0 
-3.53886e-07 -6.76641e-07  0 
-6.12629e-07 -8.96979e-07  0 
-7.31437e-07 -8.41949e-07  0 
-7.7564e-07 -6.20853e-07  0 
-6.59991e-07 6.02414e-08  0 
-1.78442e-07 6.48281e-07  0 
-5.67997e-07 6.79767e-07  0 
-3.25143e-07 8.69466e-07  0 
-4.58464e-07 8.86488e-07  0 
-6.94616e-07 4.11016e-07  0 
-3.54001e-08 3.1877e-07  0 
-1.38105e-07 4.59946e-07  0 
1.13257e-24 0
 0 
-8.06003e-07 -4.27065e-07  0 
-7.82362e-07 -1.07638e-07  0 
-1.20424e-24 5.47381e-25  0 
-2.96262e-07 -5.34647e-07  0 
-5.50804e-07 -7.21311e-07  0 
-7.25797e-07 -7.03655e-07  0 
-7.91965e-07 -4.93262e-07  0 
-7.9849e-07 7.36097e-08  0 
-3.09651e-07 6.62886e-07  0 
-6.10943e-07 6.14876e-07  0 
-5.07441e-07 7.16791e-07  0 
-7.41456e-07 2.42226e-07  0 
-2.82575e-07 5.43765e-07  0 
-2.9754e-08 2.32909e-07  0 
-1.36216e-07 3.74381e-07  0 
1.13257e-24 0
 0 
-8.17817e-07 -2.34458e-07  0 
-1.20424e-24 5.47381e-25  0 
-2.63933e-07 -4.49823e-07  0 
-4.93283e-07 -5.6662e-07  0 
-6.79327e-07 -5.16539e-07  0 
-7.7211e-07 -3.23875e-07  0 
-7.61633e-07 -6.32306e-08  0 
-4.56428e-07 5.84795e-07  0 
-6.20008e-07 4.43364e-07  0 
-6.58942e-07 2.13859e-07  0 
-3.76371e-07 4.50392e-07  0 
-2.52645e-07 4.01796e-07  0 
-2.30866e-08 1.70869e-07  0 
-1.01967e-07 2.62458e-07  0 
1.13257e-24 0
 0 
-1.20424e-24 5.47381e-25  0 
-2.00137e-07 -3.35381e-07  0 
-3.91784e-07 -4.17938e-07  0 
-5.70348e-07 -3.93911e-07  0 
-6.60427e-07 -2.32251e-07  0 
-6.65107e-07 -2.77124e-08  0 
-5.54786e-07 -3.08417e-09  0 
-4.79851e-07 3.32876e-07  0 
-5.39811e-07 1.76715e-07  0 
-3.74345e-07 3.39376e-07  0 
-1.93224e-07 2.87045e-07  0 
-1.72451e-08 1.11819e-07  0 
-8.49622e-08 1.91861e-07  0 
1.13257e-24 0
 0 
-1.20424e-24 5.47381e-25  0 
-1.46976e-07 -2.32309e-07  0 
-3.14409e-07 -3.10361e-07  0 
-4.42048e-07 -2.78379e-07  0 
-4.93042e-07 -1.05711e-07  0 
-4.30168e-07 6.60232e-08  0 
-3.99361e-07 1.95646e-07  0 
-2.8372e-07 2.41446e-07  0 
-1.59218e-07 2.14103e-07  0 
-1.5233e-08 8.13528e-08  0 
-6.57546e-08 1.27326e-07  0 
1.13257e-24 0
 0 
-1.20424e-24 5.47381e-25  0 
-1.10283e-07 -1.63285e-07  0 
-2.24182e-07 -1.95823e-07  0 
-3.18718e-07 -1.58438e-07  0 
-3.26759e-07 -6.69888e-08  0 
-3.31239e-07 3.42792e-08  0 
-2.41583e-07 1.11543e-07  0 
-1.95953e-07 1.65872e-07  0 
-1.06063e-07 1.2186e-07  0 
-9.26941e-09 4.28594e-08  0 
-4.37774e-08 7.76576e-08  0 
1.13257e-24 0
 0 
-1.20424e-24 5.47381e-25  0 
-6.61147e-08 -9.70144e-08  0 
-2.29608e-07 -1.40878e-08  0 
-1.49531e-07 -1.22813e-07  0 
-2.02912e-07 -7.78037e-08  0 
-2.15281e-07 5.65455e-08  0 
-1.53435e-07 9.84715e-08  0 
-6.7235e-08 7.23616e-08  0 
-1.05905e-07 6.64189e-08  0 
-5.65285e-09 2.44127e-08  0 
-2.6277e-08 3.88909e-08  0 
1.13257e-24 0
 0 
-1.20424e-24 5.47381e-25  0 
-4.54257e-08 -5.95199e-08  0 
-1.62786e-07 -6.0585e-09  0 
-1.53248e-07 -4.90189e-08  0 
-1.06192e-07 -7.16122e-08  0 
-1.1015e-07 3.23962e-08  0 
-4.78653e-08 3.92941e-08  0 
-7.25835e-08 4.20256e-08  0 
-3.56891e-09 1.11753e-08  0 
-1.79091e-08 2.28576e-08  0 
1.13257e-24 0
 0 
-1.20424e-24 5.47381e-25  0 
-2.2171e-08 -2.7742e-08  0 
-1.12151e-07 1.75302e-09  0 
-7.67788e-08 -2.42827e-08  0 
-6.22738e-08 -3.69487e-08  0 
-6.69535e-08 7.60229e-09  0 
-2.49965e-08 1.99929e-08  0 
-3.4045e-08 1.5052e-08  0 
-1.84601e-09 3.89766e-09  0 
-8.80289e-09 9.61439e-09  0 
1.13257e-24 0
 0 
-1.20424e-24 5.47381e-25  0 
-1.33262e-08 -1.43844e-08  0 
-5.73765e-08 -9.32285e-09  0 
-3.21236e-08 -1.45459e-08  0 
-3.50663e-08 5.88629e-09  0 
-1.59019e-08 1.00271e-08  0 
-2.13706e-08 6.36113e-09  0 
-9.33643e-10 3.51358e-10  0 
-4.86348e-09 2.76312e-09  0 
1.13257e-24 0
 0 
-1.20424e-24 5.47381e-25  0 
-5.24136e-09 -4.59623e-09  0 
-1.44584e-08 -5.82368e-09  0 
-2.13804e-08 -1.41058e-09  0 
-1.45039e-08 6.94804e-10  0 
-8.73848e-09 3.71693e-09  0 
-1.06897e-08 3.14223e-09  0 
-3.16499e-10 -1.61533e-09  0 
-1.50723e-09 -7.86694e-10  0 
1.13257e-24 0
 0 
-1.20424e-24 5.47381e-25  0 
-1.90055e-09 -6.17437e-10  0 
-4.53337e-09 1.53672e-10  0 
-6.69181e-09 1.16924e-09  0 
-2.71526e-09 3.33087e-10  0 
-3.34386e-09 1.15827e-09  0 
3.06346e-11 -1.99949e-09  0 
-2.60182e-10 -1.70569e-09  0 
1.13257e-24 0
 0 
-1.20424e-24 5.47381e-25  0 
1.69304e-10 1.36494e-09  0 
-5.9598e-10 1.47043e-09  0 
-1.42292e-09 9.92902e-10  0 
-7.63558e-10 7.30693e-10  0 
8.45769e-11 -5.84789e-10  0 
2.13861e-10 -1.90369e-09  0 
6.1266e-10 -1.69581e-09  0 
1.13257e-24 0
 0 
-1.20424e-24 5.47381e-25  0 
7.96381e-10 1.60053e-09  0 
9.67603e-10 1.35198e-09  0 
7.6246e-10 5.1632e-10  0 
9.83009e-10 -9.05733e-10  0 
2.26527e-10 -1.37552e-09  0 
6.95792e-10 -1.25442e-09  0 
1.13257e-24 0
 0 
-1.20424e-24 5.47381e-25  0 
7.63401e-10 1.21542e-09  0 
1.22876e-09 1.00448e-09  0 
1.23671e-09 1.65328e-10  0 
1.02113e-09 -7.45006e-10  0 
7.09416e-10 -8.43454e-10  0 
1.94378e-10 -8.12744e-10  0 
1.13257e-24 0
 0 
9.20566e-11 -4.36194e-10  0 
-1.20424e-24 5.47381e-25  0 
6.09238e-10 8.03625e-10  0 
1.07641e-09 6.62969e-10  0 
1.14904e-09 2.99939e-11  0 
8.26252e-10 -2.91869e-10  0 
4.84272e-10 -5.02589e-10  0 
1.13257e-24 0
 0 
9.66465e-11 -2.56179e-10  0 
-1.20424e-24 5.47381e-25  0 
3.41012e-10 4.36872e-10  0 
5.17123e-10 -8.67219e-11  0 
6.65526e-10 2.31274e-10  0 
3.07966e-10 -1.98278e-10  0 
1.13257e-24 0
 0 
3.70787e-11 -1.06684e-10  0 
-1.20424e-24 5.47381e-25  0 
2.04628e-10 2.13794e-10  0 
2.78534e-10 7.82653e-12  0 
1.31258e-10 -9.17938e-11  0 
1.13257e-24 0
 0 
1.26205e-11 -2.89581e-11  0 
-1.20424e-24 5.47381e-25  0 
8.59628e-11 6.29723e-11  0 
1.11098e-10 5.13023e-12  0 
4.33153e-11 -3.45206e-11  0 
1.13257e-24 0
 0 
5.77175e-12 -1.19131e-11  0 
-1.20424e-24 5.47381e-25  0 
2.68457e-11 1.48757e-11  0 
4.76763e-11 -1.17123e-11  0 
1.67938e-11 -6.83199e-12  0 
1.13257e-24 0
 0 
4.45489e-12 2.52271e-12  0 
-1.20424e-24 5.47381e-25  0 
7.39765e-12 -8.91761e-13  0 
7.10987e-12 3.55186e-12  0 
-3.18428e-12 -3.46454e-12  0 
1.81419e-12 4.44065e-13  0 
1.13257e-24 0
 0 
-1.20424e-24 5.47381e-25  0 
4.0119e-13 -8.28706e-13  0 
-2.90959e-12 -1.23591e-12  0 
-1.61154e-12 -4.33466e-12  0 
1.13257e-24 0
 0 
-1.20424e-24 5.47381e-25  0 
-1.1984e-12 -2.97939e-12  0 
4.75618e-12 -3.90096e-12  0 
1.13257e-24 0
 0 
-1.20424e-24 5.47381e-25  0 
2.51909e-12 1.56531e-12  0 
4.06868e-12 5.44911e-12  0 
1.13257e-24 0
 0 
-1.20424e-24 5.47381e-25  0 
-6.59409e-13 6.36196e-12  0 
1.13257e-24 0
 0 
-1.20424e-24 5.47381e-25  0 
6.62577e-13 3.31216e-12  0 
1.13257e-24 0
 0 
-1.20424e-24 5.47381e-25  0 
1.13257e-24 0
 0 
-1.2034e-24 5.47e-25  0 
1.13257e-24 0
 0 
-1.18105e-24 5.3684e-25  0 
1.1544e-24 0
 0 
0
2.6353e-25  0 
